state,missing_rate
TX,0.17242767971004766
GA,0.14879435404822583
