,ZipCode,Forecast_Month,Forecast_Rent,Volatility
0,20105,3,3236.100202644994,0.004413252765506687
1,20105,6,3282.8678537832543,0.004413252765506687
2,20105,9,3329.6355049215144,0.004413252765506687
3,20105,12,3376.403156059774,0.004413252765506687
4,20109,3,2038.5268755129966,0.0062152843417219794
5,20109,6,2059.599686401659,0.0062152843417219794
6,20109,9,2080.672497290321,0.0062152843417219794
7,20109,12,2101.7453081789836,0.0062152843417219794
8,20110,3,2123.4151173533874,0.0076333393149302245
9,20110,6,2148.8923584859094,0.0076333393149302245
10,20110,9,2174.369599618432,0.0076333393149302245
11,20110,12,2199.846840750954,0.0076333393149302245
12,20111,3,2161.1380218554496,0.008676768124472148
13,20111,6,2190.1007464764493,0.008676768124472148
14,20111,9,2219.0634710974487,0.008676768124472148
15,20111,12,2248.026195718448,0.008676768124472148
16,20120,3,2426.8806003542254,0.006580393012811624
17,20120,6,2464.3825825969398,0.006580393012811624
18,20120,9,2501.8845648396546,0.006580393012811624
19,20120,12,2539.3865470823694,0.006580393012811624
20,20121,3,2593.1521015615654,0.00599271751355709
21,20121,6,2658.5471100513996,0.00599271751355709
22,20121,9,2723.9421185412343,0.00599271751355709
23,20121,12,2789.3371270310686,0.00599271751355709
24,20136,3,2320.055687037914,0.0
25,20136,6,2320.055687037914,0.0
26,20136,9,2320.055687037914,0.0
27,20136,12,2320.055687037914,0.0
28,20147,3,2671.7473120009536,0.006265243821993836
29,20147,6,2713.452460276558,0.006265243821993836
30,20147,9,2755.157608552163,0.006265243821993836
31,20147,12,2796.8627568277675,0.006265243821993836
32,20148,3,2985.0942673358777,0.006462658648120689
33,20148,6,3017.1610516977075,0.006462658648120689
34,20148,9,3049.227836059538,0.006462658648120689
35,20148,12,3081.2946204213677,0.006462658648120689
36,20152,3,3127.865353173833,0.005610012242817402
37,20152,6,3161.1066274435416,0.005610012242817402
38,20152,9,3194.3479017132504,0.005610012242817402
39,20152,12,3227.5891759829587,0.005610012242817402
40,20155,3,2913.9490012575648,0.006804833538627027
41,20155,6,2955.3881025019846,0.006804833538627027
42,20155,9,2996.8272037464044,0.006804833538627027
43,20155,12,3038.266304990824,0.006804833538627027
44,20164,3,2608.693333281383,0.007237687252655214
45,20164,6,2645.2737775190035,0.007237687252655214
46,20164,9,2681.8542217566246,0.007237687252655214
47,20164,12,2718.4346659942453,0.007237687252655214
48,20165,3,2554.132934213997,0.0035791534720625577
49,20165,6,2550.646899135862,0.0035791534720625577
50,20165,9,2547.160864057727,0.0035791534720625577
51,20165,12,2543.674828979592,0.0035791534720625577
52,20166,3,2743.2333005150217,0.007514585157253587
53,20166,6,2776.5198758161355,0.007514585157253587
54,20166,9,2809.8064511172493,0.007514585157253587
55,20166,12,2843.093026418363,0.007514585157253587
56,20170,3,2485.7484981557495,0.007385942447957071
57,20170,6,2527.7188645913743,0.007385942447957071
58,20170,9,2569.689231026999,0.007385942447957071
59,20170,12,2611.6595974626243,0.007385942447957071
60,20171,3,2326.6468755545316,0.005214870772989984
61,20171,6,2354.7736158733783,0.005214870772989984
62,20171,9,2382.9003561922245,0.005214870772989984
63,20171,12,2411.0270965110712,0.005214870772989984
64,20175,3,2305.5583796639435,0.00840641707793289
65,20175,6,2332.347219245418,0.00840641707793289
66,20175,9,2359.136058826892,0.00840641707793289
67,20175,12,2385.9248984083665,0.00840641707793289
68,20176,3,2467.7551804893765,0.00657912946220506
69,20176,6,2512.9634375715596,0.00657912946220506
70,20176,9,2558.1716946537426,0.00657912946220506
71,20176,12,2603.3799517359257,0.00657912946220506
72,20190,3,2595.570551074044,0.0069376300982591
73,20190,6,2628.3543509925858,0.0069376300982591
74,20190,9,2661.138150911128,0.0069376300982591
75,20190,12,2693.92195082967,0.0069376300982591
76,20191,3,2394.3877091803856,0.0085338026255729
77,20191,6,2426.1091961941975,0.0085338026255729
78,20191,9,2457.830683208009,0.0085338026255729
79,20191,12,2489.5521702218207,0.0085338026255729
80,20194,3,2576.3904720358228,0.006677220846331268
81,20194,6,2610.7402556361794,0.006677220846331268
82,20194,9,2645.0900392365356,0.006677220846331268
83,20194,12,2679.4398228368923,0.006677220846331268
84,22003,3,2322.0187985837547,0.009016503403358465
85,22003,6,2348.7439224557784,0.009016503403358465
86,22003,9,2375.4690463278025,0.009016503403358465
87,22003,12,2402.194170199826,0.009016503403358465
88,22015,3,2895.7729586786095,0.005349859819270283
89,22015,6,2932.0839425932477,0.005349859819270283
90,22015,9,2968.3949265078863,0.005349859819270283
91,22015,12,3004.7059104225245,0.005349859819270283
92,22026,3,2876.7662393604337,0.004487394770589632
93,22026,6,2880.5053295882603,0.004487394770589632
94,22026,9,2884.2444198160874,0.004487394770589632
95,22026,12,2887.9835100439145,0.004487394770589632
96,22030,3,2446.499985455283,0.005282252401284508
97,22030,6,2469.4544033374286,0.005282252401284508
98,22030,9,2492.4088212195743,0.005282252401284508
99,22030,12,2515.36323910172,0.005282252401284508
100,22031,3,2479.191978773749,0.006029985501785761
101,22031,6,2501.020193980837,0.006029985501785761
102,22031,9,2522.8484091879254,0.006029985501785761
103,22031,12,2544.6766243950133,0.006029985501785761
104,22033,3,2431.7348321208865,0.006707087764441957
105,22033,6,2466.3727940207436,0.006707087764441957
106,22033,9,2501.0107559206012,0.006707087764441957
107,22033,12,2535.648717820459,0.006707087764441957
108,22041,3,2272.19818878047,0.009239183636290171
109,22041,6,2290.963325533238,0.009239183636290171
110,22041,9,2309.7284622860057,0.009239183636290171
111,22041,12,2328.493599038774,0.009239183636290171
112,22042,3,2698.1536753281134,0.007254925616576535
113,22042,6,2733.2054738622287,0.007254925616576535
114,22042,9,2768.257272396344,0.007254925616576535
115,22042,12,2803.3090709304593,0.007254925616576535
116,22043,3,2409.4813600707253,0.007934363224501154
117,22043,6,2427.7544494187487,0.007934363224501154
118,22043,9,2446.0275387667725,0.007934363224501154
119,22043,12,2464.300628114796,0.007934363224501154
120,22044,3,2274.1952223818653,0.0080809575669491
121,22044,6,2301.1117286489543,0.0080809575669491
122,22044,9,2328.028234916043,0.0080809575669491
123,22044,12,2354.944741183132,0.0080809575669491
124,22046,3,2861.93638743993,0.007631806740900842
125,22046,6,2917.2991491877724,0.007631806740900842
126,22046,9,2972.6619109356147,0.007631806740900842
127,22046,12,3028.0246726834566,0.007631806740900842
128,22079,3,2416.80130156477,0.0143696230921411
129,22079,6,2440.051148878707,0.0143696230921411
130,22079,9,2463.300996192644,0.0143696230921411
131,22079,12,2486.5508435065817,0.0143696230921411
132,22101,3,4319.721489474204,0.004580933334674757
133,22101,6,4472.350625122106,0.004580933334674757
134,22101,9,4624.979760770009,0.004580933334674757
135,22101,12,4777.608896417912,0.004580933334674757
136,22102,3,2628.3193681873586,0.005677716801809337
137,22102,6,2649.8995744225017,0.005677716801809337
138,22102,9,2671.4797806576453,0.005677716801809337
139,22102,12,2693.059986892789,0.005677716801809337
140,22124,3,2749.1998943854255,0.0
141,22124,6,2749.1998943854255,0.0
142,22124,9,2749.1998943854255,0.0
143,22124,12,2749.1998943854255,0.0
144,22153,3,3055.852736692631,0.0
145,22153,6,3055.852736692631,0.0
146,22153,9,3055.852736692631,0.0
147,22153,12,3055.852736692631,0.0
148,22180,3,2782.000344099596,0.007740908846147234
149,22180,6,2792.4190198848178,0.007740908846147234
150,22180,9,2802.8376956700395,0.007740908846147234
151,22180,12,2813.2563714552607,0.007740908846147234
152,22182,3,2712.0323862770824,0.011000543974867565
153,22182,6,2744.759338493843,0.011000543974867565
154,22182,9,2777.4862907106044,0.011000543974867565
155,22182,12,2810.2132429273656,0.011000543974867565
156,22191,3,2189.743295618071,0.008221677271214915
157,22191,6,2212.2418474576725,0.008221677271214915
158,22191,9,2234.7403992972736,0.008221677271214915
159,22191,12,2257.238951136875,0.008221677271214915
160,22192,3,2219.290459434819,0.005729354312885535
161,22192,6,2251.5047792424684,0.005729354312885535
162,22192,9,2283.7190990501176,0.005729354312885535
163,22192,12,2315.9334188577673,0.005729354312885535
164,22193,3,2278.5431717533093,0.008948545235782517
165,22193,6,2316.6684801220695,0.008948545235782517
166,22193,9,2354.7937884908292,0.008948545235782517
167,22193,12,2392.9190968595894,0.008948545235782517
168,22201,3,2765.9028602635576,0.0065095747011901075
169,22201,6,2810.2758097829865,0.0065095747011901075
170,22201,9,2854.6487593024153,0.0065095747011901075
171,22201,12,2899.021708821844,0.0065095747011901075
172,22202,3,2675.3130708540043,0.011813444490747333
173,22202,6,2699.1913793362705,0.011813444490747333
174,22202,9,2723.069687818537,0.011813444490747333
175,22202,12,2746.9479963008034,0.011813444490747333
176,22203,3,2960.3018079806275,0.007428109556187715
177,22203,6,2996.8721161977305,0.007428109556187715
178,22203,9,3033.442424414834,0.007428109556187715
179,22203,12,3070.0127326319375,0.007428109556187715
180,22204,3,2236.961113051095,0.005955177296710375
181,22204,6,2254.068849738532,0.005955177296710375
182,22204,9,2271.1765864259696,0.005955177296710375
183,22204,12,2288.2843231134075,0.005955177296710375
184,22206,3,2339.7890820354273,0.00626177094079491
185,22206,6,2367.4430021285402,0.00626177094079491
186,22206,9,2395.096922221653,0.00626177094079491
187,22206,12,2422.750842314766,0.00626177094079491
188,22207,3,3198.045313114705,0.008532084931350515
189,22207,6,3232.3644341143536,0.008532084931350515
190,22207,9,3266.6835551140025,0.008532084931350515
191,22207,12,3301.0026761136514,0.008532084931350515
192,22209,3,2918.8741060899633,0.008133769686797753
193,22209,6,2935.5201284126692,0.008133769686797753
194,22209,9,2952.166150735375,0.008133769686797753
195,22209,12,2968.812173058081,0.008133769686797753
196,22301,3,2839.9604908711644,0.0076994858459316666
197,22301,6,2884.58481989477,0.0076994858459316666
198,22301,9,2929.209148918376,0.0076994858459316666
199,22301,12,2973.833477941981,0.0076994858459316666
200,22302,3,2379.118905688529,0.006015671373624782
201,22302,6,2408.946517699497,0.006015671373624782
202,22302,9,2438.774129710464,0.006015671373624782
203,22302,12,2468.6017417214316,0.006015671373624782
204,22303,3,2141.6839679513632,0.007322288093383103
205,22303,6,2142.5026476579956,0.007322288093383103
206,22303,9,2143.3213273646275,0.007322288093383103
207,22303,12,2144.14000707126,0.007322288093383103
208,22304,3,1997.4029272276189,0.005734858257259151
209,22304,6,2032.655102095298,0.005734858257259151
210,22304,9,2067.907276962977,0.005734858257259151
211,22304,12,2103.159451830656,0.005734858257259151
212,22305,3,2296.641515351144,0.006460565106651461
213,22305,6,2324.780996157815,0.006460565106651461
214,22305,9,2352.9204769644857,0.006460565106651461
215,22305,12,2381.0599577711564,0.006460565106651461
216,22306,3,2036.5361363901407,0.00672135355362736
217,22306,6,2056.7811895366217,0.00672135355362736
218,22306,9,2077.0262426831027,0.00672135355362736
219,22306,12,2097.2712958295833,0.00672135355362736
220,22309,3,2545.9672582111725,0.004253765712263811
221,22309,6,2557.5013603163584,0.004253765712263811
222,22309,9,2569.035462421544,0.004253765712263811
223,22309,12,2580.569564526729,0.004253765712263811
224,22310,3,2617.4939825824217,0.009527044282096326
225,22310,6,2639.671229731478,0.009527044282096326
226,22310,9,2661.8484768805342,0.009527044282096326
227,22310,12,2684.0257240295905,0.009527044282096326
228,22311,3,1945.375386144074,0.005418822664567115
229,22311,6,1989.1008765931654,0.005418822664567115
230,22311,9,2032.826367042257,0.005418822664567115
231,22311,12,2076.5518574913485,0.005418822664567115
232,22312,3,2175.3958056098336,0.0061292802069258445
233,22312,6,2188.7337675417234,0.0061292802069258445
234,22312,9,2202.0717294736137,0.0061292802069258445
235,22312,12,2215.4096914055035,0.0061292802069258445
236,22314,3,2651.5260660972535,0.006142679449278135
237,22314,6,2681.7938023108827,0.006142679449278135
238,22314,9,2712.061538524512,0.006142679449278135
239,22314,12,2742.3292747381415,0.006142679449278135
240,22315,3,2921.1387859442575,0.008635000843602128
241,22315,6,2945.780475708815,0.008635000843602128
242,22315,9,2970.4221654733733,0.008635000843602128
243,22315,12,2995.0638552379314,0.008635000843602128
244,22401,3,1913.288884919521,0.009451572473306311
245,22401,6,1937.5256598816839,0.009451572473306311
246,22401,9,1961.7624348438467,0.009451572473306311
247,22401,12,1985.9992098060097,0.009451572473306311
248,22407,3,1993.191503481767,0.00858713304638766
249,22407,6,2023.0262778726897,0.00858713304638766
250,22407,9,2052.861052263612,0.00858713304638766
251,22407,12,2082.6958266545344,0.00858713304638766
252,22408,3,1968.0470944640183,0.00693530635175622
253,22408,6,1982.8511296219115,0.00693530635175622
254,22408,9,1997.6551647798046,0.00693530635175622
255,22408,12,2012.4591999376976,0.00693530635175622
256,22553,3,1758.2406521965547,0.009460402590803673
257,22553,6,1760.7007829535441,0.009460402590803673
258,22553,9,1763.1609137105338,0.009460402590803673
259,22553,12,1765.6210444675235,0.009460402590803673
260,22554,3,2460.904798985911,0.00698507879985996
261,22554,6,2493.4506459023405,0.00698507879985996
262,22554,9,2525.9964928187705,0.00698507879985996
263,22554,12,2558.5423397352,0.00698507879985996
264,22556,3,2314.076350172094,0.005216412517733983
265,22556,6,2313.3801848057465,0.005216412517733983
266,22556,9,2312.684019439399,0.005216412517733983
267,22556,12,2311.9878540730515,0.005216412517733983
268,22601,3,1676.475860103471,0.0048763550643514154
269,22601,6,1702.3858213260355,0.0048763550643514154
270,22601,9,1728.2957825485998,0.0048763550643514154
271,22601,12,1754.2057437711644,0.0048763550643514154
272,22801,3,1727.9473670979294,0.01086709398950178
273,22801,6,1753.4117847787245,0.01086709398950178
274,22801,9,1778.8762024595198,0.01086709398950178
275,22801,12,1804.340620140315,0.01086709398950178
276,22802,3,1715.1542163726606,0.0031971128885187475
277,22802,6,1748.9150677293044,0.0031971128885187475
278,22802,9,1782.675919085948,0.0031971128885187475
279,22802,12,1816.4367704425918,0.0031971128885187475
280,22901,3,1888.9914467824788,0.0066787257084889905
281,22901,6,1916.4268319681912,0.0066787257084889905
282,22901,9,1943.8622171539034,0.0066787257084889905
283,22901,12,1971.2976023396157,0.0066787257084889905
284,22902,3,1853.9124282302564,0.008106401624433844
285,22902,6,1873.5706110238057,0.008106401624433844
286,22902,9,1893.228793817355,0.008106401624433844
287,22902,12,1912.8869766109042,0.008106401624433844
288,22903,3,1970.2564600735275,0.00779801113166396
289,22903,6,1991.3641892060066,0.00779801113166396
290,22903,9,2012.4719183384855,0.00779801113166396
291,22903,12,2033.5796474709646,0.00779801113166396
292,22911,3,2279.986199182839,0.0026875073951447863
293,22911,6,2308.2726790362926,0.0026875073951447863
294,22911,9,2336.559158889746,0.0026875073951447863
295,22911,12,2364.8456387431993,0.0026875073951447863
296,22980,3,1430.5523638243772,0.0028619934670378075
297,22980,6,1444.7451872365882,0.0028619934670378075
298,22980,9,1458.9380106487993,0.0028619934670378075
299,22980,12,1473.1308340610103,0.0028619934670378075
300,23059,3,1901.8283514283473,0.0051946742791325945
301,23059,6,1910.1272234371686,0.0051946742791325945
302,23059,9,1918.42609544599,0.0051946742791325945
303,23059,12,1926.7249674548116,0.0051946742791325945
304,23060,3,1898.9992772814076,0.00847560382935537
305,23060,6,1909.4858902817525,0.00847560382935537
306,23060,9,1919.9725032820977,0.00847560382935537
307,23060,12,1930.4591162824427,0.00847560382935537
308,23112,3,1985.671034928282,0.0068095093901327204
309,23112,6,2010.1638600118151,0.0068095093901327204
310,23112,9,2034.656685095348,0.0068095093901327204
311,23112,12,2059.149510178881,0.0068095093901327204
312,23113,3,1873.0444897892116,0.0005978088620031042
313,23113,6,1873.029154377464,0.0005978088620031042
314,23113,9,1873.0138189657164,0.0005978088620031042
315,23113,12,1872.9984835539688,0.0005978088620031042
316,23114,3,1979.9809200012726,0.0019832827490757175
317,23114,6,2007.1928205630131,0.0019832827490757175
318,23114,9,2034.4047211247537,0.0019832827490757175
319,23114,12,2061.616621686494,0.0019832827490757175
320,23185,3,1887.996005895604,0.006322467774945508
321,23185,6,1910.7160127928803,0.006322467774945508
322,23185,9,1933.4360196901566,0.006322467774945508
323,23185,12,1956.156026587433,0.006322467774945508
324,23188,3,2031.8499675625126,0.007419723563268769
325,23188,6,2059.117324710117,0.007419723563268769
326,23188,9,2086.3846818577217,0.007419723563268769
327,23188,12,2113.652039005326,0.007419723563268769
328,23219,3,1515.6679591771613,0.005999151459817268
329,23219,6,1526.9626605102465,0.005999151459817268
330,23219,9,1538.2573618433319,0.005999151459817268
331,23219,12,1549.5520631764173,0.005999151459817268
332,23220,3,1620.1816155343702,0.007212575242452497
333,23220,6,1637.460516913715,0.007212575242452497
334,23220,9,1654.73941829306,0.007212575242452497
335,23220,12,1672.0183196724051,0.007212575242452497
336,23221,3,1874.6583464273635,0.007323614328886839
337,23221,6,1908.3440936359675,0.007323614328886839
338,23221,9,1942.0298408445715,0.007323614328886839
339,23221,12,1975.7155880531752,0.007323614328886839
340,23222,3,1528.4342733312078,0.005198703339667598
341,23222,6,1552.5826645931008,0.005198703339667598
342,23222,9,1576.7310558549939,0.005198703339667598
343,23222,12,1600.8794471168867,0.005198703339667598
344,23223,3,1424.9512771783434,0.009751877601185068
345,23223,6,1440.884742926428,0.009751877601185068
346,23223,9,1456.818208674513,0.009751877601185068
347,23223,12,1472.751674422598,0.009751877601185068
348,23224,3,1484.080319328385,0.007754117352582397
349,23224,6,1500.0467443055081,0.007754117352582397
350,23224,9,1516.0131692826312,0.007754117352582397
351,23224,12,1531.9795942597543,0.007754117352582397
352,23225,3,1452.0881522052157,0.008033569071798004
353,23225,6,1464.25841273613,0.008033569071798004
354,23225,9,1476.4286732670441,0.008033569071798004
355,23225,12,1488.5989337979586,0.008033569071798004
356,23226,3,2052.9080143695364,0.008579197721178761
357,23226,6,2086.3657952627277,0.008579197721178761
358,23226,9,2119.8235761559185,0.008579197721178761
359,23226,12,2153.2813570491094,0.008579197721178761
360,23227,3,1535.4504314465748,0.005343616692848122
361,23227,6,1552.2483677892264,0.005343616692848122
362,23227,9,1569.046304131878,0.005343616692848122
363,23227,12,1585.8442404745297,0.005343616692848122
364,23228,3,1639.7104711583097,0.008003130964269238
365,23228,6,1652.0910296174486,0.008003130964269238
366,23228,9,1664.4715880765873,0.008003130964269238
367,23228,12,1676.852146535726,0.008003130964269238
368,23229,3,1782.2891004226215,0.0037810963424844083
369,23229,6,1815.3978374045562,0.0037810963424844083
370,23229,9,1848.506574386491,0.0037810963424844083
371,23229,12,1881.6153113684256,0.0037810963424844083
372,23230,3,1855.0995681113068,0.007116245272428174
373,23230,6,1879.651000321932,0.007116245272428174
374,23230,9,1904.2024325325572,0.007116245272428174
375,23230,12,1928.7538647431825,0.007116245272428174
376,23231,3,1609.1918980467437,0.0065541157960445975
377,23231,6,1626.8932233834514,0.0065541157960445975
378,23231,9,1644.5945487201589,0.0065541157960445975
379,23231,12,1662.2958740568663,0.0065541157960445975
380,23233,3,2019.6108138037243,0.00609554497910035
381,23233,6,2058.05528615001,0.00609554497910035
382,23233,9,2096.4997584962957,0.00609554497910035
383,23233,12,2134.944230842582,0.00609554497910035
384,23234,3,1628.1673568905135,0.009053309499655134
385,23234,6,1670.6926919411806,0.009053309499655134
386,23234,9,1713.2180269918479,0.009053309499655134
387,23234,12,1755.7433620425152,0.009053309499655134
388,23235,3,1900.2355586343656,0.00812843448064411
389,23235,6,1938.8447300773405,0.00812843448064411
390,23235,9,1977.4539015203156,0.00812843448064411
391,23235,12,2016.0630729632906,0.00812843448064411
392,23238,3,1816.9749368161333,0.006064510295355607
393,23238,6,1858.2816606514698,0.006064510295355607
394,23238,9,1899.5883844868065,0.006064510295355607
395,23238,12,1940.895108322143,0.006064510295355607
396,23294,3,1605.1551821657467,0.007498794234117395
397,23294,6,1639.1231227973517,0.007498794234117395
398,23294,9,1673.0910634289569,0.007498794234117395
399,23294,12,1707.0590040605618,0.007498794234117395
400,23320,3,2014.0133476071726,0.005900135713260058
401,23320,6,2042.1894644452987,0.005900135713260058
402,23320,9,2070.3655812834245,0.005900135713260058
403,23320,12,2098.541698121551,0.005900135713260058
404,23321,3,2069.222386777107,0.0043300689560726606
405,23321,6,2113.701313218434,0.0043300689560726606
406,23321,9,2158.18023965976,0.0043300689560726606
407,23321,12,2202.6591661010866,0.0043300689560726606
408,23322,3,2445.9528317722065,0.005683398045042371
409,23322,6,2462.639054797968,0.005683398045042371
410,23322,9,2479.32527782373,0.005683398045042371
411,23322,12,2496.011500849492,0.005683398045042371
412,23323,3,2097.022568274487,0.003724635083155267
413,23323,6,2120.6702265854224,0.003724635083155267
414,23323,9,2144.317884896358,0.003724635083155267
415,23323,12,2167.965543207293,0.003724635083155267
416,23324,3,1658.8481232633435,0.0
417,23324,6,1658.8481232633435,0.0
418,23324,9,1658.8481232633435,0.0
419,23324,12,1658.8481232633435,0.0
420,23434,3,1619.6074075027973,0.0051540834142238395
421,23434,6,1661.0440487122337,0.0051540834142238395
422,23434,9,1702.4806899216703,0.0051540834142238395
423,23434,12,1743.9173311311067,0.0051540834142238395
424,23435,3,1985.9885850363062,0.004397120040550075
425,23435,6,2012.9129262691413,0.004397120040550075
426,23435,9,2039.8372675019762,0.004397120040550075
427,23435,12,2066.761608734811,0.004397120040550075
428,23451,3,1968.4301861726565,0.006842261165378534
429,23451,6,1993.8681071424571,0.006842261165378534
430,23451,9,2019.306028112258,0.006842261165378534
431,23451,12,2044.7439490820589,0.006842261165378534
432,23452,3,1724.140867130516,0.008211532827960262
433,23452,6,1735.4194379340536,0.008211532827960262
434,23452,9,1746.6980087375914,0.008211532827960262
435,23452,12,1757.9765795411292,0.008211532827960262
436,23453,3,1943.9545471876208,0.005137260343875965
437,23453,6,1959.5086361620545,0.005137260343875965
438,23453,9,1975.062725136488,0.005137260343875965
439,23453,12,1990.616814110922,0.005137260343875965
440,23454,3,2038.0541352269242,0.00772997210910513
441,23454,6,2066.255363567048,0.00772997210910513
442,23454,9,2094.456591907171,0.00772997210910513
443,23454,12,2122.6578202472947,0.00772997210910513
444,23455,3,2348.636867121134,0.005894184532623118
445,23455,6,2381.5807264273967,0.005894184532623118
446,23455,9,2414.5245857336595,0.005894184532623118
447,23455,12,2447.4684450399222,0.005894184532623118
448,23456,3,2555.98154801493,0.0038947148194075575
449,23456,6,2575.639823339818,0.0038947148194075575
450,23456,9,2595.2980986647062,0.0038947148194075575
451,23456,12,2614.9563739895943,0.0038947148194075575
452,23462,3,1876.3419299669124,0.005530202008411817
453,23462,6,1904.541392501381,0.005530202008411817
454,23462,9,1932.74085503585,0.005530202008411817
455,23462,12,1960.9403175703187,0.005530202008411817
456,23464,3,1963.8906064302398,0.005760620764260201
457,23464,6,1997.403503657162,0.005760620764260201
458,23464,9,2030.9164008840844,0.005760620764260201
459,23464,12,2064.4292981110066,0.005760620764260201
460,23502,3,1516.37120156314,0.0045268749374924025
461,23502,6,1516.4633994994679,0.0045268749374924025
462,23502,9,1516.5555974357958,0.0045268749374924025
463,23502,12,1516.6477953721237,0.0045268749374924025
464,23503,3,1600.0544828183351,0.008659799565755483
465,23503,6,1619.287503508348,0.008659799565755483
466,23503,9,1638.5205241983608,0.008659799565755483
467,23503,12,1657.7535448883737,0.008659799565755483
468,23504,3,1561.3610934533735,0.0045232474523843585
469,23504,6,1584.9979952034482,0.0045232474523843585
470,23504,9,1608.6348969535227,0.0045232474523843585
471,23504,12,1632.2717987035974,0.0045232474523843585
472,23505,3,1382.7396143726826,0.007366543269016685
473,23505,6,1404.407849606061,0.007366543269016685
474,23505,9,1426.0760848394393,0.007366543269016685
475,23505,12,1447.7443200728178,0.007366543269016685
476,23507,3,1566.6172483959474,0.006566981490121515
477,23507,6,1576.8616273046086,0.006566981490121515
478,23507,9,1587.10600621327,0.006566981490121515
479,23507,12,1597.3503851219311,0.006566981490121515
480,23508,3,1617.1490174429457,0.00830285660181483
481,23508,6,1635.1041491503925,0.00830285660181483
482,23508,9,1653.059280857839,0.00830285660181483
483,23508,12,1671.0144125652855,0.00830285660181483
484,23510,3,1686.3169724408635,0.004795592367051565
485,23510,6,1693.970756914626,0.004795592367051565
486,23510,9,1701.6245413883883,0.004795592367051565
487,23510,12,1709.2783258621507,0.004795592367051565
488,23513,3,1510.4450979740695,0.009440235922453398
489,23513,6,1531.0151470102794,0.009440235922453398
490,23513,9,1551.5851960464893,0.009440235922453398
491,23513,12,1572.1552450826991,0.009440235922453398
492,23517,3,1540.412736597499,0.004893849072695103
493,23517,6,1554.7279890441384,0.004893849072695103
494,23517,9,1569.043241490778,0.004893849072695103
495,23517,12,1583.3584939374175,0.004893849072695103
496,23518,3,1823.4983322922885,0.010086440911162354
497,23518,6,1852.0598616782936,0.010086440911162354
498,23518,9,1880.6213910642985,0.010086440911162354
499,23518,12,1909.1829204503035,0.010086440911162354
500,23601,3,1316.9551892869908,0.002864510541386105
501,23601,6,1285.989148277633,0.002864510541386105
502,23601,9,1255.023107268275,0.002864510541386105
503,23601,12,1224.057066258917,0.002864510541386105
504,23602,3,1529.6618796656865,0.0076770323980705985
505,23602,6,1546.737701593573,0.0076770323980705985
506,23602,9,1563.81352352146,0.0076770323980705985
507,23602,12,1580.8893454493466,0.0076770323980705985
508,23606,3,1684.7644466680508,0.004082247846482309
509,23606,6,1720.3580267782459,0.004082247846482309
510,23606,9,1755.9516068884411,0.004082247846482309
511,23606,12,1791.5451869986364,0.004082247846482309
512,23607,3,1413.237944368796,0.006814378246913693
513,23607,6,1433.7086715804862,0.006814378246913693
514,23607,9,1454.1793987921765,0.006814378246913693
515,23607,12,1474.6501260038667,0.006814378246913693
516,23608,3,1578.678302190414,0.007952969204078309
517,23608,6,1600.0811896377056,0.007952969204078309
518,23608,9,1621.4840770849974,0.007952969204078309
519,23608,12,1642.886964532289,0.007952969204078309
520,23663,3,1621.3182230333616,0.006151788967083472
521,23663,6,1648.9460427103274,0.006151788967083472
522,23663,9,1676.5738623872935,0.006151788967083472
523,23663,12,1704.2016820642593,0.006151788967083472
524,23666,3,1570.923533712752,0.007552176341975027
525,23666,6,1570.4743928070382,0.007552176341975027
526,23666,9,1570.0252519013243,0.007552176341975027
527,23666,12,1569.5761109956104,0.007552176341975027
528,23669,3,1708.3651373005553,0.006708563785646297
529,23669,6,1735.0445949273253,0.006708563785646297
530,23669,9,1761.7240525540951,0.006708563785646297
531,23669,12,1788.4035101808652,0.006708563785646297
532,23693,3,2057.107048519728,0.0061815990185809366
533,23693,6,2068.049065871527,0.0061815990185809366
534,23693,9,2078.9910832233268,0.0061815990185809366
535,23693,12,2089.933100575126,0.0061815990185809366
536,23704,3,1495.213588606438,0.0068144826608418614
537,23704,6,1515.391173061772,0.0068144826608418614
538,23704,9,1535.5687575171057,0.0068144826608418614
539,23704,12,1555.7463419724397,0.0068144826608418614
540,23803,3,1118.3650908425934,0.00911092134971791
541,23803,6,1135.518873425086,0.00911092134971791
542,23803,9,1152.6726560075783,0.00911092134971791
543,23803,12,1169.826438590071,0.00911092134971791
544,23831,3,1791.842968643632,0.00551968399288982
545,23831,6,1815.0977384219975,0.00551968399288982
546,23831,9,1838.352508200363,0.00551968399288982
547,23831,12,1861.6072779787285,0.00551968399288982
548,23832,3,1831.116679503406,0.006746524450078348
549,23832,6,1842.4290968326109,0.006746524450078348
550,23832,9,1853.7415141618158,0.006746524450078348
551,23832,12,1865.0539314910204,0.006746524450078348
552,23834,3,1729.3360059989761,0.0032260246121849382
553,23834,6,1729.4123014305123,0.0032260246121849382
554,23834,9,1729.4885968620488,0.0032260246121849382
555,23834,12,1729.564892293585,0.0032260246121849382
556,23860,3,1214.207962878211,0.004831798508585053
557,23860,6,1222.2372919950053,0.004831798508585053
558,23860,9,1230.2666211117996,0.004831798508585053
559,23860,12,1238.295950228594,0.004831798508585053
560,24012,3,1281.45829005488,0.006076034221386499
561,24012,6,1292.8732381822683,0.006076034221386499
562,24012,9,1304.2881863096566,0.006076034221386499
563,24012,12,1315.7031344370448,0.006076034221386499
564,24014,3,1286.9836555911177,0.007774200441260886
565,24014,6,1262.1571269328272,0.007774200441260886
566,24014,9,1237.3305982745367,0.007774200441260886
567,24014,12,1212.504069616246,0.007774200441260886
568,24015,3,1356.4224275601312,0.007266100949795197
569,24015,6,1370.492727034571,0.007266100949795197
570,24015,9,1384.5630265090108,0.007266100949795197
571,24015,12,1398.6333259834507,0.007266100949795197
572,24016,3,942.0386403913063,0.005627795825916229
573,24016,6,943.8710062038201,0.005627795825916229
574,24016,9,945.7033720163339,0.005627795825916229
575,24016,12,947.5357378288476,0.005627795825916229
576,24017,3,1479.6239673895384,0.0039008458509631186
577,24017,6,1479.5651974625507,0.0039008458509631186
578,24017,9,1479.5064275355628,0.0039008458509631186
579,24017,12,1479.4476576085751,0.0039008458509631186
580,24018,3,1556.706326357936,0.005196745253883393
581,24018,6,1574.1433055034095,0.005196745253883393
582,24018,9,1591.5802846488832,0.005196745253883393
583,24018,12,1609.017263794357,0.005196745253883393
584,24060,3,1441.504499737007,0.005097936909736973
585,24060,6,1452.6804733758545,0.005097936909736973
586,24060,9,1463.856447014702,0.005097936909736973
587,24060,12,1475.0324206535495,0.005097936909736973
588,24073,3,1697.4721144030648,0.006559185096920595
589,24073,6,1716.6799273362333,0.006559185096920595
590,24073,9,1735.8877402694015,0.006559185096920595
591,24073,12,1755.09555320257,0.006559185096920595
592,24141,3,1188.0230890601076,0.0
593,24141,6,1188.0230890601078,0.0
594,24141,9,1188.0230890601083,0.0
595,24141,12,1188.0230890601085,0.0
596,24153,3,1449.9727108444213,0.0025332823649963352
597,24153,6,1464.9215632941498,0.0025332823649963352
598,24153,9,1479.8704157438785,0.0025332823649963352
599,24153,12,1494.8192681936073,0.0025332823649963352
600,24401,3,1297.686823436011,0.0038370022860069975
601,24401,6,1294.4233888397118,0.0038370022860069975
602,24401,9,1291.1599542434124,0.0038370022860069975
603,24401,12,1287.8965196471129,0.0038370022860069975
604,24501,3,1094.1569521742506,0.005078038318276156
605,24501,6,1106.6548736354232,0.005078038318276156
606,24501,9,1119.1527950965958,0.005078038318276156
607,24501,12,1131.6507165577682,0.005078038318276156
608,24502,3,1496.97441292492,0.00866884441370959
609,24502,6,1511.1730919985944,0.00866884441370959
610,24502,9,1525.3717710722685,0.00866884441370959
611,24502,12,1539.570450145943,0.00866884441370959
612,24503,3,1293.388303412876,0.0042668791913936105
613,24503,6,1294.7258259600028,0.0042668791913936105
614,24503,9,1296.0633485071296,0.0042668791913936105
615,24503,12,1297.4008710542562,0.0042668791913936105
616,24504,3,1138.0126844448391,0.006749979942886535
617,24504,6,1139.7217108404845,0.006749979942886535
618,24504,9,1141.4307372361297,0.006749979942886535
619,24504,12,1143.1397636317752,0.006749979942886535
620,25302,3,892.4436628811054,0.00486426253427397
621,25302,6,893.4070581742942,0.00486426253427397
622,25302,9,894.370453467483,0.00486426253427397
623,25302,12,895.3338487606718,0.00486426253427397
624,25306,3,1371.2545613854072,0.0027043489894522555
625,25306,6,1362.7850955078056,0.0027043489894522555
626,25306,9,1354.315629630204,0.0027043489894522555
627,25306,12,1345.8461637526027,0.0027043489894522555
628,25401,3,1248.5727288058522,0.0044508123169826495
629,25401,6,1283.333350246844,0.0044508123169826495
630,25401,9,1318.093971687836,0.0044508123169826495
631,25401,12,1352.8545931288281,0.0044508123169826495
632,25404,3,1639.165812385267,0.005497275509908547
633,25404,6,1648.690745559242,0.005497275509908547
634,25404,9,1658.215678733217,0.005497275509908547
635,25404,12,1667.740611907192,0.005497275509908547
636,25414,3,1827.856287436023,0.0029065252402868543
637,25414,6,1849.6225004842004,0.0029065252402868543
638,25414,9,1871.388713532378,0.0029065252402868543
639,25414,12,1893.1549265805556,0.0029065252402868543
640,25701,3,907.5817334312917,0.0
641,25701,6,907.5817334312917,0.0
642,25701,9,907.5817334312917,0.0
643,25701,12,907.5817334312917,0.0
644,26003,3,883.9505108901338,0.00424226635877011
645,26003,6,894.9210715282074,0.00424226635877011
646,26003,9,905.8916321662809,0.00424226635877011
647,26003,12,916.8621928043544,0.00424226635877011
648,26301,3,883.0286844544521,0.0021818650360866127
649,26301,6,883.4229055521248,0.0021818650360866127
650,26301,9,883.8171266497976,0.0021818650360866127
651,26301,12,884.2113477474703,0.0021818650360866127
652,26501,3,1360.2582550115717,0.005749494670002816
653,26501,6,1376.0720372987191,0.005749494670002816
654,26501,9,1391.8858195858666,0.005749494670002816
655,26501,12,1407.699601873014,0.005749494670002816
656,26505,3,1312.019170782202,0.00897928517282037
657,26505,6,1320.3120438925862,0.00897928517282037
658,26505,9,1328.6049170029703,0.00897928517282037
659,26505,12,1336.8977901133544,0.00897928517282037
660,26508,3,1748.9640571846517,0.0013000143812354943
661,26508,6,1748.9951858830589,0.0013000143812354943
662,26508,9,1749.0263145814658,0.0013000143812354943
663,26508,12,1749.0574432798728,0.0013000143812354943
664,26554,3,1030.3422501022005,0.003965336687071172
665,26554,6,1077.6595305036983,0.003965336687071172
666,26554,9,1124.9768109051963,0.003965336687071172
667,26554,12,1172.294091306694,0.003965336687071172
668,27012,3,1959.5512482864785,0.0047591055548773815
669,27012,6,1979.8216525404516,0.0047591055548773815
670,27012,9,2000.0920567944245,0.0047591055548773815
671,27012,12,2020.3624610483973,0.0047591055548773815
672,27101,3,1555.585043553042,0.008789398560755363
673,27101,6,1588.163437200799,0.008789398560755363
674,27101,9,1620.741830848556,0.008789398560755363
675,27101,12,1653.3202244963131,0.008789398560755363
676,27103,3,1668.3894284736164,0.007744053137151647
677,27103,6,1687.1635929516451,0.007744053137151647
678,27103,9,1705.9377574296739,0.007744053137151647
679,27103,12,1724.7119219077026,0.007744053137151647
680,27104,3,1487.4022018063524,0.0049985591712578305
681,27104,6,1494.3999168217258,0.0049985591712578305
682,27104,9,1501.397631837099,0.0049985591712578305
683,27104,12,1508.3953468524721,0.0049985591712578305
684,27105,3,1276.3742775298267,0.003273737224357922
685,27105,6,1282.30737442672,0.003273737224357922
686,27105,9,1288.240471323613,0.003273737224357922
687,27105,12,1294.1735682205062,0.003273737224357922
688,27106,3,1295.2757953701969,0.009056159603833963
689,27106,6,1318.8613949340966,0.009056159603833963
690,27106,9,1342.4469944979962,0.009056159603833963
691,27106,12,1366.032594061896,0.009056159603833963
692,27107,3,1427.256869826814,0.008137212147008657
693,27107,6,1448.536721648824,0.008137212147008657
694,27107,9,1469.8165734708336,0.008137212147008657
695,27107,12,1491.0964252928436,0.008137212147008657
696,27127,3,1748.6306861712883,0.00833415947491563
697,27127,6,1773.9699478869381,0.00833415947491563
698,27127,9,1799.3092096025882,0.00833415947491563
699,27127,12,1824.648471318238,0.00833415947491563
700,27203,3,939.7350200744297,0.0039532811837660504
701,27203,6,948.9631142169336,0.0039532811837660504
702,27203,9,958.1912083594375,0.0039532811837660504
703,27203,12,967.4193025019414,0.0039532811837660504
704,27215,3,1413.9686525233228,0.00502938570789204
705,27215,6,1463.4125485857915,0.00502938570789204
706,27215,9,1512.8564446482603,0.00502938570789204
707,27215,12,1562.300340710729,0.00502938570789204
708,27260,3,1170.1605607680895,0.0063532569184241335
709,27260,6,1183.782091660274,0.0063532569184241335
710,27260,9,1197.4036225524587,0.0063532569184241335
711,27260,12,1211.0251534446436,0.0063532569184241335
712,27265,3,1652.4070084645182,0.008404076586296301
713,27265,6,1667.938894334953,0.008404076586296301
714,27265,9,1683.4707802053879,0.008404076586296301
715,27265,12,1699.0026660758226,0.008404076586296301
716,27278,3,1596.3605891827256,0.003496551523611369
717,27278,6,1621.5631254649459,0.003496551523611369
718,27278,9,1646.765661747166,0.003496551523611369
719,27278,12,1671.968198029386,0.003496551523611369
720,27284,3,1779.338888795074,0.00599821017810563
721,27284,6,1801.5885717518154,0.00599821017810563
722,27284,9,1823.838254708557,0.00599821017810563
723,27284,12,1846.0879376652986,0.00599821017810563
724,27302,3,1816.3275893810785,0.004350518068101023
725,27302,6,1824.9016378203596,0.004350518068101023
726,27302,9,1833.475686259641,0.004350518068101023
727,27302,12,1842.0497346989223,0.004350518068101023
728,27312,3,1770.410534827649,0.00458776454634917
729,27312,6,1769.9207846637257,0.00458776454634917
730,27312,9,1769.4310344998023,0.00458776454634917
731,27312,12,1768.9412843358791,0.00458776454634917
732,27330,3,1646.1166549883897,0.004423175125841484
733,27330,6,1673.0340464045255,0.004423175125841484
734,27330,9,1699.9514378206613,0.004423175125841484
735,27330,12,1726.868829236797,0.004423175125841484
736,27332,3,2070.2639900782233,0.004342683277230771
737,27332,6,2086.7056855642104,0.004342683277230771
738,27332,9,2103.1473810501975,0.004342683277230771
739,27332,12,2119.5890765361846,0.004342683277230771
740,27360,3,1378.0732055768683,0.0039053008922927575
741,27360,6,1405.208632160807,0.0039053008922927575
742,27360,9,1432.3440587447456,0.0039053008922927575
743,27360,12,1459.4794853286842,0.0039053008922927575
744,27377,3,1788.176994153959,0.0
745,27377,6,1788.1769941539596,0.0
746,27377,9,1788.17699415396,0.0
747,27377,12,1788.1769941539608,0.0
748,27401,3,1300.7493427105367,0.004902711431053182
749,27401,6,1315.5393182489267,0.004902711431053182
750,27401,9,1330.3292937873166,0.004902711431053182
751,27401,12,1345.1192693257067,0.004902711431053182
752,27403,3,1254.4310108990367,0.011559805185258802
753,27403,6,1269.888688318579,0.011559805185258802
754,27403,9,1285.346365738121,0.011559805185258802
755,27403,12,1300.8040431576633,0.011559805185258802
756,27405,3,1408.6829765609712,0.005902781736032031
757,27405,6,1422.2590048151503,0.005902781736032031
758,27405,9,1435.8350330693295,0.005902781736032031
759,27405,12,1449.4110613235086,0.005902781736032031
760,27406,3,1279.7675028789547,0.0077435562506748415
761,27406,6,1297.3708980075057,0.0077435562506748415
762,27406,9,1314.9742931360565,0.0077435562506748415
763,27406,12,1332.5776882646076,0.0077435562506748415
764,27407,3,1290.6721009025584,0.008022345581454668
765,27407,6,1298.2114426838834,0.008022345581454668
766,27407,9,1305.7507844652087,0.008022345581454668
767,27407,12,1313.2901262465336,0.008022345581454668
768,27408,3,1612.1440542935447,0.008571388123747085
769,27408,6,1637.780448915482,0.008571388123747085
770,27408,9,1663.4168435374195,0.008571388123747085
771,27408,12,1689.0532381593569,0.008571388123747085
772,27409,3,1410.8044496182226,0.004912847245078836
773,27409,6,1425.2670133556865,0.004912847245078836
774,27409,9,1439.7295770931505,0.004912847245078836
775,27409,12,1454.1921408306146,0.004912847245078836
776,27410,3,1573.7409191320444,0.007700780645745793
777,27410,6,1595.6713172985237,0.007700780645745793
778,27410,9,1617.601715465003,0.007700780645745793
779,27410,12,1639.5321136314824,0.007700780645745793
780,27455,3,1647.9453791339456,0.00748912228605773
781,27455,6,1664.4069591615512,0.00748912228605773
782,27455,9,1680.868539189157,0.00748912228605773
783,27455,12,1697.3301192167626,0.00748912228605773
784,27501,3,1867.8666441745247,0.0017865901603932575
785,27501,6,1905.1842744331284,0.0017865901603932575
786,27501,9,1942.5019046917323,0.0017865901603932575
787,27501,12,1979.819534950336,0.0017865901603932575
788,27502,3,2101.9940884480557,0.006817562083915271
789,27502,6,2100.9534653877386,0.006817562083915271
790,27502,9,2099.912842327421,0.006817562083915271
791,27502,12,2098.8722192671034,0.006817562083915271
792,27510,3,1382.5979073956155,0.0015705689145348327
793,27510,6,1392.8020936704008,0.0015705689145348327
794,27510,9,1403.0062799451864,0.0015705689145348327
795,27510,12,1413.210466219972,0.0015705689145348327
796,27511,3,1707.0817208955837,0.00758125120048081
797,27511,6,1719.2591939410004,0.00758125120048081
798,27511,9,1731.436666986417,0.00758125120048081
799,27511,12,1743.6141400318338,0.00758125120048081
800,27513,3,1620.8092348718258,0.008044625441536057
801,27513,6,1625.4669513161546,0.008044625441536057
802,27513,9,1630.1246677604836,0.008044625441536057
803,27513,12,1634.7823842048124,0.008044625441536057
804,27514,3,1552.3157425926934,0.009155836117613355
805,27514,6,1563.1257792647227,0.009155836117613355
806,27514,9,1573.9358159367519,0.009155836117613355
807,27514,12,1584.7458526087812,0.009155836117613355
808,27516,3,2349.3474954087355,0.010972172796608346
809,27516,6,2382.34743065821,0.010972172796608346
810,27516,9,2415.3473659076853,0.010972172796608346
811,27516,12,2448.34730115716,0.010972172796608346
812,27517,3,1615.7206735098964,0.008745123707323525
813,27517,6,1622.8745500477926,0.008745123707323525
814,27517,9,1630.028426585689,0.008745123707323525
815,27517,12,1637.1823031235854,0.008745123707323525
816,27518,3,1606.5117568547132,0.007033438573462161
817,27518,6,1614.6843008929498,0.007033438573462161
818,27518,9,1622.8568449311865,0.007033438573462161
819,27518,12,1631.029388969423,0.007033438573462161
820,27519,3,1984.820085816779,0.00571453525934622
821,27519,6,1976.0149311566572,0.00571453525934622
822,27519,9,1967.2097764965351,0.00571453525934622
823,27519,12,1958.4046218364133,0.00571453525934622
824,27520,3,1740.6748068245233,0.006727374839502878
825,27520,6,1750.9245628705708,0.006727374839502878
826,27520,9,1761.1743189166184,0.006727374839502878
827,27520,12,1771.424074962666,0.006727374839502878
828,27523,3,1880.1910695398544,0.006793427268169328
829,27523,6,1865.0707618872748,0.006793427268169328
830,27523,9,1849.950454234695,0.006793427268169328
831,27523,12,1834.8301465821153,0.006793427268169328
832,27526,3,2023.646608988764,0.006886345576139418
833,27526,6,2041.5198393740357,0.006886345576139418
834,27526,9,2059.3930697593073,0.006886345576139418
835,27526,12,2077.2663001445785,0.006886345576139418
836,27527,3,1830.689998417129,0.0055945470844915674
837,27527,6,1847.8062925466866,0.0055945470844915674
838,27527,9,1864.9225866762445,0.0055945470844915674
839,27527,12,1882.0388808058021,0.0055945470844915674
840,27529,3,1833.3253413014936,0.0060870639707053045
841,27529,6,1849.729431020435,0.0060870639707053045
842,27529,9,1866.1335207393765,0.0060870639707053045
843,27529,12,1882.537610458318,0.0060870639707053045
844,27530,3,1299.288800538904,0.0039014938984005777
845,27530,6,1330.8881545868526,0.0039014938984005777
846,27530,9,1362.487508634801,0.0039014938984005777
847,27530,12,1394.0868626827496,0.0039014938984005777
848,27539,3,1865.9433210815018,0.0062507729094201814
849,27539,6,1870.4342518412377,0.0062507729094201814
850,27539,9,1874.9251826009734,0.0062507729094201814
851,27539,12,1879.416113360709,0.0062507729094201814
852,27540,3,1877.7979275381776,0.0077128685052907904
853,27540,6,1876.6482109075573,0.0077128685052907904
854,27540,9,1875.4984942769372,0.0077128685052907904
855,27540,12,1874.3487776463169,0.0077128685052907904
856,27545,3,1772.001803890697,0.00788355434110458
857,27545,6,1786.3705289859363,0.00788355434110458
858,27545,9,1800.7392540811757,0.00788355434110458
859,27545,12,1815.107979176415,0.00788355434110458
860,27546,3,1634.1094772367262,0.002368611844819327
861,27546,6,1635.0680107108608,0.002368611844819327
862,27546,9,1636.0265441849954,0.002368611844819327
863,27546,12,1636.98507765913,0.002368611844819327
864,27560,3,1708.305121487354,0.0067211073015314374
865,27560,6,1709.0997033397207,0.0067211073015314374
866,27560,9,1709.8942851920874,0.0067211073015314374
867,27560,12,1710.6888670444541,0.0067211073015314374
868,27587,3,1834.276945401937,0.006985001799227718
869,27587,6,1845.2073537028573,0.006985001799227718
870,27587,9,1856.1377620037779,0.006985001799227718
871,27587,12,1867.0681703046982,0.006985001799227718
872,27591,3,1950.590310035527,0.002595415519445398
873,27591,6,1951.1947804078677,0.002595415519445398
874,27591,9,1951.7992507802087,0.002595415519445398
875,27591,12,1952.4037211525497,0.002595415519445398
876,27596,3,2028.8741398220327,0.002620914970341031
877,27596,6,2006.105957847494,0.002620914970341031
878,27596,9,1983.337775872955,0.002620914970341031
879,27596,12,1960.5695938984163,0.002620914970341031
880,27597,3,1985.6640957285908,0.003544276938764804
881,27597,6,1999.3720521421083,0.003544276938764804
882,27597,9,2013.0800085556255,0.003544276938764804
883,27597,12,2026.7879649691426,0.003544276938764804
884,27601,3,1657.8316127138207,0.009876783956886452
885,27601,6,1664.0146200696413,0.009876783956886452
886,27601,9,1670.1976274254619,0.009876783956886452
887,27601,12,1676.3806347812824,0.009876783956886452
888,27603,3,1801.4309098395192,0.009304269012019625
889,27603,6,1825.0368763805661,0.009304269012019625
890,27603,9,1848.642842921613,0.009304269012019625
891,27603,12,1872.2488094626601,0.009304269012019625
892,27604,3,1617.6161368314577,0.006301370825415729
893,27604,6,1627.0186194869764,0.006301370825415729
894,27604,9,1636.4211021424953,0.006301370825415729
895,27604,12,1645.823584798014,0.006301370825415729
896,27605,3,1710.748233165108,0.008366549096241703
897,27605,6,1713.0090420262727,0.008366549096241703
898,27605,9,1715.269850887437,0.008366549096241703
899,27605,12,1717.5306597486015,0.008366549096241703
900,27606,3,1521.6892647003908,0.011110487912432028
901,27606,6,1538.1114575169834,0.011110487912432028
902,27606,9,1554.5336503335757,0.011110487912432028
903,27606,12,1570.955843150168,0.011110487912432028
904,27607,3,1562.791425296781,0.010923031000973749
905,27607,6,1576.2908379581404,0.010923031000973749
906,27607,9,1589.7902506194996,0.010923031000973749
907,27607,12,1603.289663280859,0.010923031000973749
908,27608,3,2039.0525865566829,0.009587480615130102
909,27608,6,2055.520363915518,0.009587480615130102
910,27608,9,2071.9881412743525,0.009587480615130102
911,27608,12,2088.4559186331876,0.009587480615130102
912,27609,3,1503.0434783125256,0.008209165842006512
913,27609,6,1509.9435514817576,0.008209165842006512
914,27609,9,1516.8436246509893,0.008209165842006512
915,27609,12,1523.743697820221,0.008209165842006512
916,27610,3,1871.4294354220267,0.00479245384890027
917,27610,6,1876.260052669162,0.00479245384890027
918,27610,9,1881.0906699162974,0.00479245384890027
919,27610,12,1885.9212871634327,0.00479245384890027
920,27612,3,1468.1907266613111,0.009134610004985916
921,27612,6,1467.9763575955492,0.009134610004985916
922,27612,9,1467.761988529787,0.009134610004985916
923,27612,12,1467.5476194640248,0.009134610004985916
924,27613,3,1410.7018301366409,0.006879452099106991
925,27613,6,1397.1000706471734,0.006879452099106991
926,27613,9,1383.4983111577062,0.006879452099106991
927,27613,12,1369.8965516682388,0.006879452099106991
928,27614,3,1635.7693959319172,0.006978670983096848
929,27614,6,1645.7264286573695,0.006978670983096848
930,27614,9,1655.683461382822,0.006978670983096848
931,27614,12,1665.6404941082747,0.006978670983096848
932,27615,3,1514.8689319187952,0.005953607941990096
933,27615,6,1526.8856502985539,0.005953607941990096
934,27615,9,1538.9023686783123,0.005953607941990096
935,27615,12,1550.919087058071,0.005953607941990096
936,27616,3,1716.9474046787843,0.005417041298025199
937,27616,6,1725.4498213927657,0.005417041298025199
938,27616,9,1733.952238106747,0.005417041298025199
939,27616,12,1742.4546548207284,0.005417041298025199
940,27617,3,1541.0076690489204,0.0075892558699749944
941,27617,6,1531.9316072238234,0.0075892558699749944
942,27617,9,1522.8555453987265,0.0075892558699749944
943,27617,12,1513.7794835736297,0.0075892558699749944
944,27701,3,1757.6510447515943,0.008325585786889323
945,27701,6,1788.4212787647239,0.008325585786889323
946,27701,9,1819.1915127778532,0.008325585786889323
947,27701,12,1849.9617467909827,0.008325585786889323
948,27703,3,1858.2288146904664,0.006843965675594719
949,27703,6,1867.8653425093203,0.006843965675594719
950,27703,9,1877.5018703281742,0.006843965675594719
951,27703,12,1887.138398147028,0.006843965675594719
952,27704,3,1662.8056122618852,0.006470108033352256
953,27704,6,1663.5764954728481,0.006470108033352256
954,27704,9,1664.3473786838108,0.006470108033352256
955,27704,12,1665.1182618947735,0.006470108033352256
956,27705,3,1544.4124322654827,0.009114580433700116
957,27705,6,1558.0461209607809,0.009114580433700116
958,27705,9,1571.679809656079,0.009114580433700116
959,27705,12,1585.3134983513773,0.009114580433700116
960,27707,3,1365.8451187804135,0.007598368044062347
961,27707,6,1350.6224787882938,0.007598368044062347
962,27707,9,1335.3998387961742,0.007598368044062347
963,27707,12,1320.1771988040548,0.007598368044062347
964,27713,3,1586.4529336566745,0.00793887065009913
965,27713,6,1583.5367729451623,0.00793887065009913
966,27713,9,1580.6206122336498,0.00793887065009913
967,27713,12,1577.7044515221376,0.00793887065009913
968,27804,3,1363.438379603287,0.0034569966952621932
969,27804,6,1364.5819609854243,0.0034569966952621932
970,27804,9,1365.7255423675613,0.0034569966952621932
971,27804,12,1366.8691237496985,0.0034569966952621932
972,27834,3,1412.0540360931645,0.008539621173924473
973,27834,6,1429.2224676506337,0.008539621173924473
974,27834,9,1446.390899208103,0.008539621173924473
975,27834,12,1463.5593307655722,0.008539621173924473
976,27858,3,1659.7610825996546,0.00798221347189288
977,27858,6,1689.2697957002883,0.00798221347189288
978,27858,9,1718.7785088009223,0.00798221347189288
979,27858,12,1748.287221901556,0.00798221347189288
980,27893,3,1117.668377984783,6.306817923861854e-05
981,27893,6,1117.6693393253136,6.306817923861854e-05
982,27893,9,1117.670300665844,6.306817923861854e-05
983,27893,12,1117.6712620063745,6.306817923861854e-05
984,27909,3,1585.565571946844,0.004982933802766623
985,27909,6,1613.7300846090484,0.004982933802766623
986,27909,9,1641.8945972712525,0.004982933802766623
987,27909,12,1670.0591099334565,0.004982933802766623
988,28012,3,1867.4776004466207,0.004329764831347718
989,28012,6,1886.1861554007796,0.004329764831347718
990,28012,9,1904.8947103549383,0.004329764831347718
991,28012,12,1923.6032653090972,0.004329764831347718
992,28025,3,1772.7116866199501,0.007137447761656513
993,28025,6,1790.2820459351656,0.007137447761656513
994,28025,9,1807.8524052503813,0.007137447761656513
995,28025,12,1825.422764565597,0.007137447761656513
996,28027,3,1676.6334588968389,0.006176930419825352
997,28027,6,1687.5641230052127,0.006176930419825352
998,28027,9,1698.4947871135864,0.006176930419825352
999,28027,12,1709.42545122196,0.006176930419825352
1000,28031,3,1796.1662908099775,0.007114599976393326
1001,28031,6,1801.8954203945395,0.007114599976393326
1002,28031,9,1807.6245499791016,0.007114599976393326
1003,28031,12,1813.3536795636637,0.007114599976393326
1004,28034,3,1578.197747643047,0.006548218617857773
1005,28034,6,1587.0832945253437,0.006548218617857773
1006,28034,9,1595.9688414076404,0.006548218617857773
1007,28034,12,1604.854388289937,0.006548218617857773
1008,28036,3,1688.7186362516072,0.008120159401748433
1009,28036,6,1711.5126651167757,0.008120159401748433
1010,28036,9,1734.3066939819441,0.008120159401748433
1011,28036,12,1757.1007228471126,0.008120159401748433
1012,28037,3,1706.1301102362672,0.0055459074693793315
1013,28037,6,1732.9668321410238,0.0055459074693793315
1014,28037,9,1759.8035540457806,0.0055459074693793315
1015,28037,12,1786.6402759505374,0.0055459074693793315
1016,28052,3,1406.198355280762,0.009564115166474424
1017,28052,6,1422.561474650985,0.009564115166474424
1018,28052,9,1438.924594021208,0.009564115166474424
1019,28052,12,1455.2877133914308,0.009564115166474424
1020,28054,3,1528.68426561679,0.006864339068621048
1021,28054,6,1544.6992258483008,0.006864339068621048
1022,28054,9,1560.7141860798115,0.006864339068621048
1023,28054,12,1576.7291463113222,0.006864339068621048
1024,28056,3,2044.2161564939945,0.0034483957225825445
1025,28056,6,2060.6420680031783,0.0034483957225825445
1026,28056,9,2077.067979512362,0.0034483957225825445
1027,28056,12,2093.4938910215456,0.0034483957225825445
1028,28075,3,2496.231671522154,0.002485016634726497
1029,28075,6,2618.895384863397,0.002485016634726497
1030,28075,9,2741.559098204639,0.002485016634726497
1031,28075,12,2864.222811545882,0.002485016634726497
1032,28078,3,2109.983709364684,0.005008350036831119
1033,28078,6,2138.748970171995,0.005008350036831119
1034,28078,9,2167.514230979307,0.005008350036831119
1035,28078,12,2196.2794917866186,0.005008350036831119
1036,28079,3,2073.8259456042947,0.006339615471190062
1037,28079,6,2091.1772044102627,0.006339615471190062
1038,28079,9,2108.52846321623,0.006339615471190062
1039,28079,12,2125.879722022198,0.006339615471190062
1040,28081,3,1596.73136660929,0.006456923604373996
1041,28081,6,1604.00829909902,0.006456923604373996
1042,28081,9,1611.28523158875,0.006456923604373996
1043,28081,12,1618.56216407848,0.006456923604373996
1044,28083,3,1681.1777694517004,0.006574896663766705
1045,28083,6,1697.5777321266191,0.006574896663766705
1046,28083,9,1713.9776948015376,0.006574896663766705
1047,28083,12,1730.377657476456,0.006574896663766705
1048,28104,3,2301.811930915064,0.004269071805367468
1049,28104,6,2321.626756528221,0.004269071805367468
1050,28104,9,2341.4415821413786,0.004269071805367468
1051,28104,12,2361.256407754536,0.004269071805367468
1052,28105,3,1685.47705014204,0.006312923012226405
1053,28105,6,1685.6917911048913,0.006312923012226405
1054,28105,9,1685.9065320677428,0.006312923012226405
1055,28105,12,1686.121273030594,0.006312923012226405
1056,28110,3,2016.0190672708297,0.005801982804524665
1057,28110,6,2035.1066174257908,0.005801982804524665
1058,28110,9,2054.194167580752,0.005801982804524665
1059,28110,12,2073.281717735713,0.005801982804524665
1060,28112,3,1811.6261256079329,0.005929717482308544
1061,28112,6,1814.2226656290693,0.005929717482308544
1062,28112,9,1816.8192056502057,0.005929717482308544
1063,28112,12,1819.4157456713422,0.005929717482308544
1064,28115,3,1939.6998495191226,0.006476611153151692
1065,28115,6,1954.0770487925874,0.006476611153151692
1066,28115,9,1968.4542480660523,0.006476611153151692
1067,28115,12,1982.8314473395171,0.006476611153151692
1068,28117,3,1630.5603722039723,0.006236829837138355
1069,28117,6,1626.6738341213884,0.006236829837138355
1070,28117,9,1622.7872960388042,0.006236829837138355
1071,28117,12,1618.90075795622,0.006236829837138355
1072,28120,3,1718.9032833168358,0.005690866388906197
1073,28120,6,1741.419354396217,0.005690866388906197
1074,28120,9,1763.9354254755979,0.005690866388906197
1075,28120,12,1786.451496554979,0.005690866388906197
1076,28134,3,2482.126685008306,0.00742250594923693
1077,28134,6,2516.038354878478,0.00742250594923693
1078,28134,9,2549.95002474865,0.00742250594923693
1079,28134,12,2583.8616946188217,0.00742250594923693
1080,28144,3,1420.5887570067478,0.005658968290041632
1081,28144,6,1445.3614951288632,0.005658968290041632
1082,28144,9,1470.1342332509787,0.005658968290041632
1083,28144,12,1494.9069713730942,0.005658968290041632
1084,28147,3,1138.4035692682721,0.0033683215339764955
1085,28147,6,1148.502648395056,0.0033683215339764955
1086,28147,9,1158.6017275218398,0.0033683215339764955
1087,28147,12,1168.7008066486237,0.0033683215339764955
1088,28150,3,1094.4054823510248,0.0011833070443799003
1089,28150,6,1094.397158569378,0.0011833070443799003
1090,28150,9,1094.3888347877314,0.0011833070443799003
1091,28150,12,1094.3805110060846,0.0011833070443799003
1092,28166,3,2043.4099474039588,0.004330020629771816
1093,28166,6,2064.04427179679,0.004330020629771816
1094,28166,9,2084.678596189621,0.004330020629771816
1095,28166,12,2105.3129205824525,0.004330020629771816
1096,28173,3,2555.7620807315293,0.006596732941503328
1097,28173,6,2575.0181734174084,0.006596732941503328
1098,28173,9,2594.2742661032876,0.006596732941503328
1099,28173,12,2613.530358789167,0.006596732941503328
1100,28202,3,1914.161167771223,0.010629140392263182
1101,28202,6,1904.220450760123,0.010629140392263182
1102,28202,9,1894.2797337490226,0.010629140392263182
1103,28202,12,1884.3390167379225,0.010629140392263182
1104,28203,3,1979.894268435079,0.010399213999613107
1105,28203,6,1983.6226487794254,0.010399213999613107
1106,28203,9,1987.351029123772,0.010399213999613107
1107,28203,12,1991.0794094681182,0.010399213999613107
1108,28204,3,1656.7693758383768,0.009638779600730866
1109,28204,6,1664.3614474712813,0.009638779600730866
1110,28204,9,1671.953519104186,0.009638779600730866
1111,28204,12,1679.5455907370904,0.009638779600730866
1112,28205,3,1765.4083950562888,0.007890061554830421
1113,28205,6,1771.7484430427983,0.007890061554830421
1114,28205,9,1778.0884910293075,0.007890061554830421
1115,28205,12,1784.4285390158168,0.007890061554830421
1116,28206,3,1651.5514786770523,0.008635181141409118
1117,28206,6,1666.3011250887255,0.008635181141409118
1118,28206,9,1681.0507715003985,0.008635181141409118
1119,28206,12,1695.8004179120717,0.008635181141409118
1120,28207,3,2219.385587965233,0.007725029181681701
1121,28207,6,2225.182631411478,0.007725029181681701
1122,28207,9,2230.979674857723,0.007725029181681701
1123,28207,12,2236.7767183039678,0.007725029181681701
1124,28208,3,1682.7966939590756,0.008203778637690924
1125,28208,6,1695.6713533847017,0.008203778637690924
1126,28208,9,1708.546012810328,0.008203778637690924
1127,28208,12,1721.4206722359543,0.008203778637690924
1128,28209,3,1697.3099290002729,0.007186203487310357
1129,28209,6,1723.1132714412697,0.007186203487310357
1130,28209,9,1748.9166138822663,0.007186203487310357
1131,28209,12,1774.7199563232632,0.007186203487310357
1132,28210,3,1438.013608238341,0.007845988173102085
1133,28210,6,1439.0613398173402,0.007845988173102085
1134,28210,9,1440.1090713963392,0.007845988173102085
1135,28210,12,1441.1568029753382,0.007845988173102085
1136,28211,3,2183.6561654479074,0.009995021374223144
1137,28211,6,2206.21752147625,0.009995021374223144
1138,28211,9,2228.7788775045933,0.009995021374223144
1139,28211,12,2251.3402335329365,0.009995021374223144
1140,28212,3,1378.606772715148,0.006832872675366661
1141,28212,6,1404.8654124356367,0.006832872675366661
1142,28212,9,1431.1240521561253,0.006832872675366661
1143,28212,12,1457.382691876614,0.006832872675366661
1144,28213,3,1566.0032437107898,0.007565252305805732
1145,28213,6,1575.622660577604,0.007565252305805732
1146,28213,9,1585.2420774444179,0.007565252305805732
1147,28213,12,1594.8614943112318,0.007565252305805732
1148,28214,3,1948.6971755009554,0.0056242172739633806
1149,28214,6,1966.7893213561572,0.0056242172739633806
1150,28214,9,1984.8814672113592,0.0056242172739633806
1151,28214,12,2002.9736130665613,0.0056242172739633806
1152,28215,3,1905.305275694749,0.005499244149244886
1153,28215,6,1919.408069688769,0.005499244149244886
1154,28215,9,1933.5108636827888,0.005499244149244886
1155,28215,12,1947.6136576768085,0.005499244149244886
1156,28216,3,1805.8034668422742,0.0071515865619374746
1157,28216,6,1833.2323767869336,0.0071515865619374746
1158,28216,9,1860.6612867315932,0.0071515865619374746
1159,28216,12,1888.0901966762528,0.0071515865619374746
1160,28217,3,1631.8124467897076,0.006918080109257486
1161,28217,6,1627.6528350133342,0.006918080109257486
1162,28217,9,1623.493223236961,0.006918080109257486
1163,28217,12,1619.333611460588,0.006918080109257486
1164,28226,3,2025.594771926609,0.009597663288491784
1165,28226,6,2046.3998435874516,0.009597663288491784
1166,28226,9,2067.2049152482946,0.009597663288491784
1167,28226,12,2088.0099869091373,0.009597663288491784
1168,28227,3,1772.2148799497463,0.006312385480620642
1169,28227,6,1788.7333052101258,0.006312385480620642
1170,28227,9,1805.2517304705054,0.006312385480620642
1171,28227,12,1821.770155730885,0.006312385480620642
1172,28262,3,1607.6661624661272,0.0077000413381254395
1173,28262,6,1613.9816229933679,0.0077000413381254395
1174,28262,9,1620.2970835206086,0.0077000413381254395
1175,28262,12,1626.6125440478493,0.0077000413381254395
1176,28269,3,1823.8558354825373,0.00491938649678033
1177,28269,6,1836.5108233482397,0.00491938649678033
1178,28269,9,1849.1658112139419,0.00491938649678033
1179,28269,12,1861.820799079644,0.00491938649678033
1180,28270,3,1647.9698421121936,0.007100359876906099
1181,28270,6,1654.4680954992273,0.007100359876906099
1182,28270,9,1660.9663488862611,0.007100359876906099
1183,28270,12,1667.4646022732948,0.007100359876906099
1184,28273,3,1687.3213429272093,0.006424999086510225
1185,28273,6,1732.637577734577,0.006424999086510225
1186,28273,9,1777.953812541945,0.006424999086510225
1187,28273,12,1823.2700473493126,0.006424999086510225
1188,28277,3,2117.008916791108,0.005694994239867812
1189,28277,6,2128.1647127216215,0.005694994239867812
1190,28277,9,2139.320508652135,0.005694994239867812
1191,28277,12,2150.4763045826485,0.005694994239867812
1192,28278,3,2128.1452568262007,0.0077472975892461955
1193,28278,6,2135.0648441828457,0.0077472975892461955
1194,28278,9,2141.984431539491,0.0077472975892461955
1195,28278,12,2148.9040188961367,0.0077472975892461955
1196,28301,3,1321.2264503440697,0.0043624187248378415
1197,28301,6,1333.4489937758533,0.0043624187248378415
1198,28301,9,1345.671537207637,0.0043624187248378415
1199,28301,12,1357.8940806394205,0.0043624187248378415
1200,28303,3,1436.1425536566235,0.009073053746425808
1201,28303,6,1450.1472331305563,0.009073053746425808
1202,28303,9,1464.1519126044889,0.009073053746425808
1203,28303,12,1478.1565920784217,0.009073053746425808
1204,28304,3,1401.7133980914623,0.005221894391827833
1205,28304,6,1420.8599584667122,0.005221894391827833
1206,28304,9,1440.0065188419621,0.005221894391827833
1207,28304,12,1459.153079217212,0.005221894391827833
1208,28305,3,1279.4712261417017,0.009371010153946997
1209,28305,6,1296.3203259556724,0.009371010153946997
1210,28305,9,1313.1694257696429,0.009371010153946997
1211,28305,12,1330.0185255836136,0.009371010153946997
1212,28306,3,1707.0361208844538,0.00412192771015736
1213,28306,6,1718.9970262691043,0.00412192771015736
1214,28306,9,1730.9579316537545,0.00412192771015736
1215,28306,12,1742.9188370384047,0.00412192771015736
1216,28311,3,1467.075633166183,0.0077876209662053305
1217,28311,6,1489.925681352996,0.0077876209662053305
1218,28311,9,1512.775729539809,0.0077876209662053305
1219,28311,12,1535.625777726622,0.0077876209662053305
1220,28314,3,1472.087291098616,0.007790689871508831
1221,28314,6,1494.6385246201878,0.007790689871508831
1222,28314,9,1517.1897581417597,0.007790689871508831
1223,28314,12,1539.7409916633314,0.007790689871508831
1224,28327,3,1805.202799981533,0.0013692280590600276
1225,28327,6,1805.2366269701658,0.0013692280590600276
1226,28327,9,1805.2704539587987,0.0013692280590600276
1227,28327,12,1805.3042809474314,0.0013692280590600276
1228,28348,3,1668.0673274349185,0.008497549350503232
1229,28348,6,1689.4238329430677,0.008497549350503232
1230,28348,9,1710.7803384512167,0.008497549350503232
1231,28348,12,1732.1368439593657,0.008497549350503232
1232,28374,3,1965.8532768573987,0.0013151823531289068
1233,28374,6,1966.5216721848412,0.0013151823531289068
1234,28374,9,1967.1900675122838,0.0013151823531289068
1235,28374,12,1967.8584628397264,0.0013151823531289068
1236,28376,3,1769.84437965259,0.004082036435318166
1237,28376,6,1806.3319541122928,0.004082036435318166
1238,28376,9,1842.8195285719958,0.004082036435318166
1239,28376,12,1879.3071030316985,0.004082036435318166
1240,28387,3,1754.3582247674085,0.006904075970778749
1241,28387,6,1759.9267685244135,0.006904075970778749
1242,28387,9,1765.4953122814184,0.006904075970778749
1243,28387,12,1771.0638560384234,0.006904075970778749
1244,28390,3,1417.922330783349,0.008728479881979983
1245,28390,6,1430.5844143232573,0.008728479881979983
1246,28390,9,1443.2464978631656,0.008728479881979983
1247,28390,12,1455.9085814030739,0.008728479881979983
1248,28401,3,1680.5312466728487,0.012284684348366253
1249,28401,6,1693.503820718027,0.012284684348366253
1250,28401,9,1706.4763947632055,0.012284684348366253
1251,28401,12,1719.4489688083838,0.012284684348366253
1252,28403,3,1633.113677611517,0.008884939260286726
1253,28403,6,1641.914388061312,0.008884939260286726
1254,28403,9,1650.715098511107,0.008884939260286726
1255,28403,12,1659.515808960902,0.008884939260286726
1256,28405,3,1602.9077246988934,0.007775910397897814
1257,28405,6,1613.1628443043005,0.007775910397897814
1258,28405,9,1623.4179639097074,0.007775910397897814
1259,28405,12,1633.6730835151145,0.007775910397897814
1260,28409,3,2248.69247770119,0.004077718234401673
1261,28409,6,2271.13591263786,0.004077718234401673
1262,28409,9,2293.5793475745304,0.004077718234401673
1263,28409,12,2316.022782511201,0.004077718234401673
1264,28411,3,2138.897306960494,0.004754403016220112
1265,28411,6,2145.912470235685,0.004754403016220112
1266,28411,9,2152.927633510876,0.004754403016220112
1267,28411,12,2159.942796786067,0.004754403016220112
1268,28412,3,1700.0056506565256,0.008606632246340349
1269,28412,6,1745.1815193719497,0.008606632246340349
1270,28412,9,1790.357388087374,0.008606632246340349
1271,28412,12,1835.5332568027982,0.008606632246340349
1272,28443,3,1828.2293441519107,0.007438066317253639
1273,28443,6,1829.6280077705028,0.007438066317253639
1274,28443,9,1831.0266713890949,0.007438066317253639
1275,28443,12,1832.425335007687,0.007438066317253639
1276,28445,3,1709.4051849962964,0.0063022895303619705
1277,28445,6,1711.2774726950165,0.0063022895303619705
1278,28445,9,1713.1497603937364,0.0063022895303619705
1279,28445,12,1715.0220480924563,0.0063022895303619705
1280,28451,3,1706.3964543882096,0.0037975134857503277
1281,28451,6,1708.4934302821468,0.0037975134857503277
1282,28451,9,1710.5904061760843,0.0037975134857503277
1283,28451,12,1712.6873820700216,0.0037975134857503277
1284,28460,3,1791.8305676749073,0.004246482497409725
1285,28460,6,1795.424198587834,0.004246482497409725
1286,28460,9,1799.0178295007606,0.004246482497409725
1287,28460,12,1802.6114604136872,0.004246482497409725
1288,28461,3,1891.8187551802707,0.0040289186754254545
1289,28461,6,1905.6584566920178,0.0040289186754254545
1290,28461,9,1919.4981582037647,0.0040289186754254545
1291,28461,12,1933.3378597155115,0.0040289186754254545
1292,28532,3,1234.450608539097,0.005729005371053928
1293,28532,6,1236.5297923777155,0.005729005371053928
1294,28532,9,1238.6089762163338,0.005729005371053928
1295,28532,12,1240.6881600549523,0.005729005371053928
1296,28539,3,1437.33225392284,0.0032738407606049316
1297,28539,6,1450.779406766918,0.0032738407606049316
1298,28539,9,1464.2265596109962,0.0032738407606049316
1299,28539,12,1477.6737124550743,0.0032738407606049316
1300,28540,3,1322.2652509870786,0.0042919912027307265
1301,28540,6,1332.751441927759,0.0042919912027307265
1302,28540,9,1343.2376328684393,0.0042919912027307265
1303,28540,12,1353.7238238091195,0.0042919912027307265
1304,28544,3,1241.9188792078621,0.0
1305,28544,6,1241.9188792078621,0.0
1306,28544,9,1241.9188792078621,0.0
1307,28544,12,1241.9188792078621,0.0
1308,28546,3,1371.9452682237975,0.008035246969844836
1309,28546,6,1404.3937101478066,0.008035246969844836
1310,28546,9,1436.842152071816,0.008035246969844836
1311,28546,12,1469.290593995825,0.008035246969844836
1312,28557,3,1695.4967293991235,0.0
1313,28557,6,1695.4967293991235,0.0
1314,28557,9,1695.4967293991235,0.0
1315,28557,12,1695.4967293991235,0.0
1316,28560,3,1523.3035590322443,0.006761957486809887
1317,28560,6,1532.4406527592096,0.006761957486809887
1318,28560,9,1541.5777464861749,0.006761957486809887
1319,28560,12,1550.7148402131402,0.006761957486809887
1320,28562,3,1498.0462418626778,0.007527095291236028
1321,28562,6,1511.5603818125778,0.007527095291236028
1322,28562,9,1525.0745217624778,0.007527095291236028
1323,28562,12,1538.5886617123779,0.007527095291236028
1324,28590,3,1595.8600519135737,0.0026077554243392653
1325,28590,6,1610.066589533108,0.0026077554243392653
1326,28590,9,1624.2731271526425,0.0026077554243392653
1327,28590,12,1638.4796647721769,0.0026077554243392653
1328,28601,3,1265.4923047935324,0.004855126442362296
1329,28601,6,1267.280343331001,0.004855126442362296
1330,28601,9,1269.0683818684693,0.004855126442362296
1331,28601,12,1270.8564204059376,0.004855126442362296
1332,28602,3,1475.8569820200148,0.007147427583254682
1333,28602,6,1478.2045540934319,0.007147427583254682
1334,28602,9,1480.552126166849,0.007147427583254682
1335,28602,12,1482.899698240266,0.007147427583254682
1336,28625,3,1782.5204084047946,0.004723690523952827
1337,28625,6,1793.7916597557235,0.004723690523952827
1338,28625,9,1805.062911106652,0.004723690523952827
1339,28625,12,1816.3341624575808,0.004723690523952827
1340,28677,3,1460.1498547227657,0.005576776761522061
1341,28677,6,1479.4502761424221,0.005576776761522061
1342,28677,9,1498.7506975620786,0.005576776761522061
1343,28677,12,1518.0511189817353,0.005576776761522061
1344,28704,3,1694.8610529224748,0.006732801814320036
1345,28704,6,1693.91417991062,0.006732801814320036
1346,28704,9,1692.9673068987652,0.006732801814320036
1347,28704,12,1692.0204338869105,0.006732801814320036
1348,28711,3,1597.1128353441616,0.002725576178129179
1349,28711,6,1607.970207485993,0.002725576178129179
1350,28711,9,1618.8275796278242,0.002725576178129179
1351,28711,12,1629.6849517696553,0.002725576178129179
1352,28715,3,1840.3756714565175,0.0
1353,28715,6,1840.3756714565175,0.0
1354,28715,9,1840.3756714565175,0.0
1355,28715,12,1840.3756714565175,0.0
1356,28739,3,1590.6401019585758,0.0
1357,28739,6,1590.6401019585762,0.0
1358,28739,9,1590.6401019585767,0.0
1359,28739,12,1590.6401019585774,0.0
1360,28787,3,2001.793473920309,0.002023936367468861
1361,28787,6,2079.706934435328,0.002023936367468861
1362,28787,9,2157.620394950347,0.002023936367468861
1363,28787,12,2235.533855465366,0.002023936367468861
1364,28792,3,1826.4597804664675,0.002563824001542977
1365,28792,6,1826.4518936785962,0.002563824001542977
1366,28792,9,1826.4440068907247,0.002563824001542977
1367,28792,12,1826.4361201028535,0.002563824001542977
1368,28801,3,2102.7084534911014,0.008017110026137376
1369,28801,6,2104.9238623575343,0.008017110026137376
1370,28801,9,2107.1392712239667,0.008017110026137376
1371,28801,12,2109.3546800903996,0.008017110026137376
1372,28803,3,1808.9293613797659,0.01013380425781772
1373,28803,6,1807.8398615711903,0.01013380425781772
1374,28803,9,1806.750361762615,0.01013380425781772
1375,28803,12,1805.6608619540398,0.01013380425781772
1376,28804,3,1816.0643120515351,0.0048893841331101775
1377,28804,6,1819.7975583118207,0.0048893841331101775
1378,28804,9,1823.5308045721065,0.0048893841331101775
1379,28804,12,1827.264050832392,0.0048893841331101775
1380,28805,3,1619.9662389778691,0.006960632061693323
1381,28805,6,1597.1279054409367,0.006960632061693323
1382,28805,9,1574.2895719040043,0.006960632061693323
1383,28805,12,1551.451238367072,0.006960632061693323
1384,28806,3,1961.6291359710513,0.006990942037150929
1385,28806,6,1981.7200809098788,0.006990942037150929
1386,28806,9,2001.811025848706,0.006990942037150929
1387,28806,12,2021.9019707875334,0.006990942037150929
1388,29033,3,1504.8888609316602,0.002519665394354716
1389,29033,6,1504.9407331126392,0.002519665394354716
1390,29033,9,1504.9926052936182,0.002519665394354716
1391,29033,12,1505.044477474597,0.002519665394354716
1392,29045,3,1577.9079688252195,0.0026445017433915302
1393,29045,6,1500.7107065977427,0.0026445017433915302
1394,29045,9,1423.513444370266,0.0026445017433915302
1395,29045,12,1346.3161821427893,0.0026445017433915302
1396,29063,3,1713.4458098621717,0.006431453530895632
1397,29063,6,1737.446477334032,0.006431453530895632
1398,29063,9,1761.4471448058923,0.006431453530895632
1399,29063,12,1785.4478122777527,0.006431453530895632
1400,29072,3,1595.4026941606571,0.009607760026612839
1401,29072,6,1616.6462486469266,0.009607760026612839
1402,29072,9,1637.889803133196,0.009607760026612839
1403,29072,12,1659.1333576194652,0.009607760026612839
1404,29073,3,1915.0679089058347,0.006388083380623223
1405,29073,6,1943.607294408089,0.006388083380623223
1406,29073,9,1972.1466799103437,0.006388083380623223
1407,29073,12,2000.686065412598,0.006388083380623223
1408,29150,3,1290.2743173306746,0.007335578547832257
1409,29150,6,1311.5250535468663,0.007335578547832257
1410,29150,9,1332.7757897630577,0.007335578547832257
1411,29150,12,1354.026525979249,0.007335578547832257
1412,29154,3,1645.0152788952787,0.007083394085881667
1413,29154,6,1672.2578110844272,0.007083394085881667
1414,29154,9,1699.5003432735755,0.007083394085881667
1415,29154,12,1726.7428754627238,0.007083394085881667
1416,29169,3,1691.962673325554,0.006824283451163376
1417,29169,6,1720.9847422167113,0.006824283451163376
1418,29169,9,1750.0068111078685,0.006824283451163376
1419,29169,12,1779.0288799990258,0.006824283451163376
1420,29170,3,1350.594033700337,0.005299979603829122
1421,29170,6,1366.7827835483988,0.005299979603829122
1422,29170,9,1382.9715333964605,0.005299979603829122
1423,29170,12,1399.1602832445224,0.005299979603829122
1424,29201,3,1814.8103044915956,0.008360989058632404
1425,29201,6,1845.1566192031205,0.008360989058632404
1426,29201,9,1875.5029339146456,0.008360989058632404
1427,29201,12,1905.8492486261705,0.008360989058632404
1428,29203,3,1288.3734042342282,0.007877294923915017
1429,29203,6,1301.926978550329,0.007877294923915017
1430,29203,9,1315.4805528664301,0.007877294923915017
1431,29203,12,1329.0341271825312,0.007877294923915017
1432,29204,3,1300.994058505654,0.006158911463646999
1433,29204,6,1318.8055859930046,0.006158911463646999
1434,29204,9,1336.617113480355,0.006158911463646999
1435,29204,12,1354.4286409677056,0.006158911463646999
1436,29205,3,1574.1261366335668,0.008008517697096268
1437,29205,6,1598.9796863039435,0.008008517697096268
1438,29205,9,1623.8332359743204,0.008008517697096268
1439,29205,12,1648.686785644697,0.008008517697096268
1440,29206,3,1491.3347901623756,0.00539058881997279
1441,29206,6,1509.2585159076193,0.00539058881997279
1442,29206,9,1527.182241652863,0.00539058881997279
1443,29206,12,1545.1059673981067,0.00539058881997279
1444,29209,3,1623.324885544988,0.007829505275669297
1445,29209,6,1647.999377931193,0.007829505275669297
1446,29209,9,1672.6738703173978,0.007829505275669297
1447,29209,12,1697.3483627036028,0.007829505275669297
1448,29210,3,1125.130544048426,0.008290055332470452
1449,29210,6,1144.0002537323458,0.008290055332470452
1450,29210,9,1162.8699634162656,0.008290055332470452
1451,29210,12,1181.7396731001854,0.008290055332470452
1452,29212,3,1476.9416880670901,0.009759926703370973
1453,29212,6,1490.4642724747837,0.009759926703370973
1454,29212,9,1503.9868568824772,0.009759926703370973
1455,29212,12,1517.5094412901708,0.009759926703370973
1456,29223,3,1484.4880576070732,0.00641083740288581
1457,29223,6,1500.8960107884586,0.00641083740288581
1458,29223,9,1517.303963969844,0.00641083740288581
1459,29223,12,1533.7119171512295,0.00641083740288581
1460,29229,3,1809.131065060195,0.009543973311343263
1461,29229,6,1834.8482658795951,0.009543973311343263
1462,29229,9,1860.5654666989951,0.009543973311343263
1463,29229,12,1886.282667518395,0.009543973311343263
1464,29301,3,1294.2634676521745,0.005516340979405689
1465,29301,6,1308.936489527053,0.005516340979405689
1466,29301,9,1323.6095114019317,0.005516340979405689
1467,29301,12,1338.2825332768105,0.005516340979405689
1468,29302,3,1256.7293203331872,0.003751790105393924
1469,29302,6,1265.265234825445,0.003751790105393924
1470,29302,9,1273.801149317703,0.003751790105393924
1471,29302,12,1282.3370638099611,0.003751790105393924
1472,29303,3,1245.038118908911,0.006605493256620763
1473,29303,6,1252.175042816547,0.006605493256620763
1474,29303,9,1259.3119667241826,0.006605493256620763
1475,29303,12,1266.4488906318186,0.006605493256620763
1476,29306,3,1234.6709119006503,0.007744910930230079
1477,29306,6,1237.3116775825956,0.007744910930230079
1478,29306,9,1239.9524432645408,0.007744910930230079
1479,29306,12,1242.593208946486,0.007744910930230079
1480,29307,3,1199.6029808805995,0.005759750029997971
1481,29307,6,1201.3707194584617,0.005759750029997971
1482,29307,9,1203.1384580363242,0.005759750029997971
1483,29307,12,1204.9061966141867,0.005759750029997971
1484,29316,3,1641.2173445457893,0.003492296316792132
1485,29316,6,1649.4532133432167,0.003492296316792132
1486,29316,9,1657.6890821406444,0.003492296316792132
1487,29316,12,1665.9249509380718,0.003492296316792132
1488,29334,3,1809.2271522807875,0.003319675500058863
1489,29334,6,1810.8021036982752,0.003319675500058863
1490,29334,9,1812.3770551157631,0.003319675500058863
1491,29334,12,1813.952006533251,0.003319675500058863
1492,29349,3,1569.9133160023202,0.005878734904040704
1493,29349,6,1610.1974943556477,0.005878734904040704
1494,29349,9,1650.4816727089753,0.005878734904040704
1495,29349,12,1690.7658510623028,0.005878734904040704
1496,29369,3,1715.1546893044422,0.0
1497,29369,6,1715.1546893044429,0.0
1498,29369,9,1715.1546893044433,0.0
1499,29369,12,1715.154689304444,0.0
1500,29401,3,3500.4666716107595,0.014755002861220503
1501,29401,6,3576.2162908104647,0.014755002861220503
1502,29401,9,3651.9659100101703,0.014755002861220503
1503,29401,12,3727.7155292098755,0.014755002861220503
1504,29403,3,2640.964706394612,0.008047250221389165
1505,29403,6,2680.3555071194974,0.008047250221389165
1506,29403,9,2719.746307844382,0.008047250221389165
1507,29403,12,2759.137108569267,0.008047250221389165
1508,29405,3,1860.6713498250335,0.008874674345606673
1509,29405,6,1894.0435098186852,0.008874674345606673
1510,29405,9,1927.4156698123368,0.008874674345606673
1511,29405,12,1960.7878298059884,0.008874674345606673
1512,29406,3,1656.1256909923586,0.009184451256102202
1513,29406,6,1671.3677195251244,0.009184451256102202
1514,29406,9,1686.60974805789,0.009184451256102202
1515,29406,12,1701.8517765906558,0.009184451256102202
1516,29407,3,1853.8847828346113,0.008313609456649747
1517,29407,6,1866.9427065762122,0.008313609456649747
1518,29407,9,1880.0006303178134,0.008313609456649747
1519,29407,12,1893.0585540594143,0.008313609456649747
1520,29410,3,1768.50163185839,0.006532535821675811
1521,29410,6,1782.4498109493506,0.006532535821675811
1522,29410,9,1796.397990040311,0.006532535821675811
1523,29410,12,1810.3461691312716,0.006532535821675811
1524,29412,3,2431.03207387985,0.00813038889339024
1525,29412,6,2459.367431411622,0.00813038889339024
1526,29412,9,2487.702788943394,0.00813038889339024
1527,29412,12,2516.038146475166,0.00813038889339024
1528,29414,3,1874.1579371213527,0.007002888773552789
1529,29414,6,1879.4304161958867,0.007002888773552789
1530,29414,9,1884.7028952704204,0.007002888773552789
1531,29414,12,1889.9753743449544,0.007002888773552789
1532,29418,3,1595.0168349198616,0.0090086341606063
1533,29418,6,1610.6105309871386,0.0090086341606063
1534,29418,9,1626.2042270544157,0.0090086341606063
1535,29418,12,1641.797923121693,0.0090086341606063
1536,29420,3,1641.708464551385,0.0037927667682905552
1537,29420,6,1628.9971327604426,0.0037927667682905552
1538,29420,9,1616.2858009695,0.0037927667682905552
1539,29420,12,1603.5744691785578,0.0037927667682905552
1540,29445,3,1905.9461762552662,0.006771140771641064
1541,29445,6,1929.1465466769753,0.006771140771641064
1542,29445,9,1952.3469170986841,0.006771140771641064
1543,29445,12,1975.5472875203932,0.006771140771641064
1544,29455,3,2610.0768460666372,0.005980023411074158
1545,29455,6,2646.2240827848213,0.005980023411074158
1546,29455,9,2682.371319503006,0.005980023411074158
1547,29455,12,2718.51855622119,0.005980023411074158
1548,29456,3,1744.1841432431356,0.007078241378857427
1549,29456,6,1784.1740078738385,0.007078241378857427
1550,29456,9,1824.1638725045414,0.007078241378857427
1551,29456,12,1864.1537371352442,0.007078241378857427
1552,29461,3,2244.6622655025812,0.004824580257773582
1553,29461,6,2281.698213855254,0.004824580257773582
1554,29461,9,2318.734162207926,0.004824580257773582
1555,29461,12,2355.770110560599,0.004824580257773582
1556,29464,3,2357.9205750939523,0.009062500650286109
1557,29464,6,2388.8519046541323,0.009062500650286109
1558,29464,9,2419.7832342143124,0.009062500650286109
1559,29464,12,2450.7145637744925,0.009062500650286109
1560,29466,3,2304.9121015288833,0.00868710524912908
1561,29466,6,2310.4850589085654,0.00868710524912908
1562,29466,9,2316.0580162882475,0.00868710524912908
1563,29466,12,2321.6309736679295,0.00868710524912908
1564,29483,3,1890.9542965606547,0.006890249200328614
1565,29483,6,1911.4411956976044,0.006890249200328614
1566,29483,9,1931.928094834554,0.006890249200328614
1567,29483,12,1952.414993971504,0.006890249200328614
1568,29485,3,1667.326882547255,0.00671962656332618
1569,29485,6,1676.435613331579,0.00671962656332618
1570,29485,9,1685.5443441159027,0.00671962656332618
1571,29485,12,1694.6530749002266,0.00671962656332618
1572,29486,3,1982.6287808786747,0.005068316554535183
1573,29486,6,1998.7201772280519,0.005068316554535183
1574,29486,9,2014.811573577429,0.005068316554535183
1575,29486,12,2030.9029699268062,0.005068316554535183
1576,29492,3,2130.540816272132,0.013162422297871597
1577,29492,6,2154.0942020492716,0.013162422297871597
1578,29492,9,2177.6475878264114,0.013162422297871597
1579,29492,12,2201.200973603551,0.013162422297871597
1580,29501,3,1263.6482406039763,0.00351976366088956
1581,29501,6,1292.848635313965,0.00351976366088956
1582,29501,9,1322.0490300239533,0.00351976366088956
1583,29501,12,1351.2494247339416,0.00351976366088956
1584,29526,3,1603.047057399783,0.0034945107348779247
1585,29526,6,1613.9608983961512,0.0034945107348779247
1586,29526,9,1624.8747393925191,0.0034945107348779247
1587,29526,12,1635.7885803888873,0.0034945107348779247
1588,29566,3,1624.5595130779325,0.0035163079549644836
1589,29566,6,1624.6008790996473,0.0035163079549644836
1590,29566,9,1624.642245121362,0.0035163079549644836
1591,29566,12,1624.683611143077,0.0035163079549644836
1592,29572,3,1426.2998702296645,0.006601092473348865
1593,29572,6,1425.1896725691151,0.006601092473348865
1594,29572,9,1424.079474908566,0.006601092473348865
1595,29572,12,1422.9692772480169,0.006601092473348865
1596,29575,3,1645.940900840946,0.002528661343958939
1597,29575,6,1646.4172695527768,0.002528661343958939
1598,29575,9,1646.893638264608,0.002528661343958939
1599,29575,12,1647.3700069764388,0.002528661343958939
1600,29576,3,1843.9612215358225,0.0026654425962271914
1601,29576,6,1843.675200538601,0.0026654425962271914
1602,29576,9,1843.38917954138,0.0026654425962271914
1603,29576,12,1843.1031585441588,0.0026654425962271914
1604,29577,3,1599.9417192780513,0.004978708115927105
1605,29577,6,1618.563198641827,0.004978708115927105
1606,29577,9,1637.1846780056028,0.004978708115927105
1607,29577,12,1655.8061573693785,0.004978708115927105
1608,29579,3,1785.4420402791902,0.009098550717571794
1609,29579,6,1802.468532933126,0.009098550717571794
1610,29579,9,1819.4950255870617,0.009098550717571794
1611,29579,12,1836.5215182409975,0.009098550717571794
1612,29582,3,1912.8111755076945,0.0017388616226803914
1613,29582,6,1989.6860327855156,0.0017388616226803914
1614,29582,9,2066.560890063337,0.0017388616226803914
1615,29582,12,2143.435747341158,0.0017388616226803914
1616,29588,3,1799.7673029434654,0.0061044840342961235
1617,29588,6,1803.0245682363595,0.0061044840342961235
1618,29588,9,1806.2818335292536,0.0061044840342961235
1619,29588,12,1809.5390988221477,0.0061044840342961235
1620,29601,3,1749.0929160925239,0.010132195318007972
1621,29601,6,1767.4014584389067,0.010132195318007972
1622,29601,9,1785.7100007852898,0.010132195318007972
1623,29601,12,1804.0185431316727,0.010132195318007972
1624,29605,3,1786.7159446270227,0.007497366496931758
1625,29605,6,1813.4602369523593,0.007497366496931758
1626,29605,9,1840.2045292776959,0.007497366496931758
1627,29605,12,1866.9488216030325,0.007497366496931758
1628,29607,3,1474.1145549173298,0.008961216966017
1629,29607,6,1482.4533075421668,0.008961216966017
1630,29607,9,1490.792060167004,0.008961216966017
1631,29607,12,1499.130812791841,0.008961216966017
1632,29609,3,1521.285969599032,0.006795898259259633
1633,29609,6,1543.4481193731442,0.006795898259259633
1634,29609,9,1565.6102691472565,0.006795898259259633
1635,29609,12,1587.7724189213686,0.006795898259259633
1636,29611,3,1611.7076053157175,0.005983962918157082
1637,29611,6,1633.4582009067385,0.005983962918157082
1638,29611,9,1655.2087964977593,0.005983962918157082
1639,29611,12,1676.95939208878,0.005983962918157082
1640,29615,3,1345.7562946611285,0.006049972675802544
1641,29615,6,1360.0967641113987,0.006049972675802544
1642,29615,9,1374.4372335616686,0.006049972675802544
1643,29615,12,1388.7777030119387,0.006049972675802544
1644,29621,3,1145.707414455105,0.008106529589752737
1645,29621,6,1147.840937411847,0.008106529589752737
1646,29621,9,1149.9744603685892,0.008106529589752737
1647,29621,12,1152.1079833253311,0.008106529589752737
1648,29625,3,1231.2939211351027,0.00019087260161759984
1649,29625,6,1231.2971400241145,0.00019087260161759984
1650,29625,9,1231.3003589131263,0.00019087260161759984
1651,29625,12,1231.3035778021379,0.00019087260161759984
1652,29631,3,1264.1142090101093,0.0
1653,29631,6,1264.1142090101098,0.0
1654,29631,9,1264.1142090101102,0.0
1655,29631,12,1264.1142090101107,0.0
1656,29640,3,1537.4180057772255,0.0026690706462619107
1657,29640,6,1576.0482760522266,0.0026690706462619107
1658,29640,9,1614.6785463272274,0.0026690706462619107
1659,29640,12,1653.3088166022285,0.0026690706462619107
1660,29644,3,2059.282143203431,0.0029049636351800483
1661,29644,6,2060.8190553385507,0.0029049636351800483
1662,29644,9,2062.3559674736703,0.0029049636351800483
1663,29644,12,2063.89287960879,0.0029049636351800483
1664,29650,3,1672.6254944813215,0.005533430698905892
1665,29650,6,1684.4763786627,0.005533430698905892
1666,29650,9,1696.3272628440786,0.005533430698905892
1667,29650,12,1708.1781470254573,0.005533430698905892
1668,29651,3,1565.2057410719215,0.007199688111235061
1669,29651,6,1585.9048411436538,0.007199688111235061
1670,29651,9,1606.6039412153862,0.007199688111235061
1671,29651,12,1627.3030412871185,0.007199688111235061
1672,29662,3,1399.8263400019794,0.005149712242229505
1673,29662,6,1406.2705533855683,0.005149712242229505
1674,29662,9,1412.7147667691574,0.005149712242229505
1675,29662,12,1419.1589801527466,0.005149712242229505
1676,29673,3,1408.6389106092965,0.0026889471281544212
1677,29673,6,1409.4378715789326,0.0026889471281544212
1678,29673,9,1410.2368325485688,0.0026889471281544212
1679,29673,12,1411.0357935182049,0.0026889471281544212
1680,29680,3,1710.0090528383064,0.007399893656173685
1681,29680,6,1720.6667608192552,0.007399893656173685
1682,29680,9,1731.324468800204,0.007399893656173685
1683,29680,12,1741.9821767811525,0.007399893656173685
1684,29681,3,1784.1917384890396,0.005732211237234852
1685,29681,6,1795.6347286491855,0.005732211237234852
1686,29681,9,1807.0777188093311,0.005732211237234852
1687,29681,12,1818.5207089694768,0.005732211237234852
1688,29687,3,1413.1945973561649,0.008665072781266245
1689,29687,6,1426.7265530286502,0.008665072781266245
1690,29687,9,1440.2585087011353,0.008665072781266245
1691,29687,12,1453.7904643736206,0.008665072781266245
1692,29707,3,1667.7439960597205,0.007952732498966199
1693,29707,6,1681.7416590149571,0.007952732498966199
1694,29707,9,1695.7393219701935,0.007952732498966199
1695,29707,12,1709.73698492543,0.007952732498966199
1696,29708,3,1704.8252968421093,0.0038548776390126965
1697,29708,6,1706.100408461024,0.0038548776390126965
1698,29708,9,1707.375520079939,0.0038548776390126965
1699,29708,12,1708.6506316988537,0.0038548776390126965
1700,29710,3,2064.010285071819,0.0006411291399819356
1701,29710,6,2064.0283999201806,0.0006411291399819356
1702,29710,9,2064.0465147685427,0.0006411291399819356
1703,29710,12,2064.0646296169043,0.0006411291399819356
1704,29715,3,1804.6985887683284,0.0033221619906207015
1705,29715,6,1807.2076474227704,0.0033221619906207015
1706,29715,9,1809.7167060772122,0.0033221619906207015
1707,29715,12,1812.225764731654,0.0033221619906207015
1708,29730,3,1494.0633731360037,0.003550865282596031
1709,29730,6,1499.768730452671,0.003550865282596031
1710,29730,9,1505.4740877693384,0.003550865282596031
1711,29730,12,1511.1794450860057,0.003550865282596031
1712,29732,3,1567.316054578356,0.004859946055324933
1713,29732,6,1589.8330246960659,0.004859946055324933
1714,29732,9,1612.3499948137758,0.004859946055324933
1715,29732,12,1634.8669649314857,0.004859946055324933
1716,29801,3,1348.117687084639,0.00634094631709432
1717,29801,6,1367.0454132364728,0.00634094631709432
1718,29801,9,1385.9731393883067,0.00634094631709432
1719,29801,12,1404.9008655401403,0.00634094631709432
1720,29803,3,1342.3566815431195,0.0035104855160938316
1721,29803,6,1360.6761964955094,0.0035104855160938316
1722,29803,9,1378.995711447899,0.0035104855160938316
1723,29803,12,1397.315226400289,0.0035104855160938316
1724,29841,3,1482.7589529576633,0.008595179741177726
1725,29841,6,1518.1735332129094,0.008595179741177726
1726,29841,9,1553.5881134681558,0.008595179741177726
1727,29841,12,1589.0026937234022,0.008595179741177726
1728,29902,3,1715.8040025345142,0.003204990609254125
1729,29902,6,1737.5112956668142,0.003204990609254125
1730,29902,9,1759.218588799114,0.003204990609254125
1731,29902,12,1780.925881931414,0.003204990609254125
1732,29906,3,1849.0731320496075,0.005077780959660593
1733,29906,6,1851.200197618539,0.005077780959660593
1734,29906,9,1853.3272631874706,0.005077780959660593
1735,29906,12,1855.4543287564022,0.005077780959660593
1736,29907,3,2062.3765230483705,0.0005667905553008833
1737,29907,6,2062.392527893207,0.0005667905553008833
1738,29907,9,2062.4085327380435,0.0005667905553008833
1739,29907,12,2062.4245375828796,0.0005667905553008833
1740,29909,3,2572.776561517254,0.003932530939494736
1741,29909,6,2596.847926998101,0.003932530939494736
1742,29909,9,2620.9192924789477,0.003932530939494736
1743,29909,12,2644.9906579597946,0.003932530939494736
1744,29910,3,2312.9674469192555,0.009977698917551195
1745,29910,6,2436.539054938546,0.009977698917551195
1746,29910,9,2560.1106629578367,0.009977698917551195
1747,29910,12,2683.6822709771277,0.009977698917551195
1748,29926,3,2897.7994885573726,0.0025472689473980885
1749,29926,6,2899.276098112457,0.0025472689473980885
1750,29926,9,2900.752707667541,0.0025472689473980885
1751,29926,12,2902.2293172226255,0.0025472689473980885
1752,29927,3,1586.415481119109,0.001110244677131944
1753,29927,6,1586.3913541305353,0.001110244677131944
1754,29927,9,1586.3672271419616,0.001110244677131944
1755,29927,12,1586.343100153388,0.001110244677131944
1756,29928,3,3561.149433524316,0.0049828540950404895
1757,29928,6,3565.3872587330034,0.0049828540950404895
1758,29928,9,3569.625083941691,0.0049828540950404895
1759,29928,12,3573.862909150379,0.0049828540950404895
1760,29935,3,1915.3010205280402,0.008323406690091814
1761,29935,6,2190.067986423057,0.008323406690091814
1762,29935,9,2464.834952318073,0.008323406690091814
1763,29935,12,2739.6019182130894,0.008323406690091814
1764,30004,3,2018.7763095656194,0.008258938136216603
1765,30004,6,2004.755154673821,0.008258938136216603
1766,30004,9,1990.7339997820227,0.008258938136216603
1767,30004,12,1976.7128448902245,0.008258938136216603
1768,30005,3,1938.3779086948095,0.009132858709096726
1769,30005,6,1934.9259344060542,0.009132858709096726
1770,30005,9,1931.473960117299,0.009132858709096726
1771,30005,12,1928.0219858285436,0.009132858709096726
1772,30008,3,1737.3585807784061,0.01182317341040375
1773,30008,6,1760.7850979334705,0.01182317341040375
1774,30008,9,1784.211615088535,0.01182317341040375
1775,30008,12,1807.6381322435993,0.01182317341040375
1776,30009,3,2445.2205127104876,0.01044151060495712
1777,30009,6,2501.2800270985285,0.01044151060495712
1778,30009,9,2557.339541486569,0.01044151060495712
1779,30009,12,2613.39905587461,0.01044151060495712
1780,30011,3,2363.9438291317815,0.002884011752470643
1781,30011,6,2379.079115889414,0.002884011752470643
1782,30011,9,2394.214402647046,0.002884011752470643
1783,30011,12,2409.349689404678,0.002884011752470643
1784,30012,3,1630.088213050868,0.005469356309356518
1785,30012,6,1630.3988718037624,0.005469356309356518
1786,30012,9,1630.7095305566565,0.005469356309356518
1787,30012,12,1631.0201893095507,0.005469356309356518
1788,30013,3,1599.0513136263223,0.007873498441968546
1789,30013,6,1602.954378050444,0.007873498441968546
1790,30013,9,1606.8574424745657,0.007873498441968546
1791,30013,12,1610.7605068986873,0.007873498441968546
1792,30014,3,1768.3096113934077,0.005409469016314593
1793,30014,6,1769.676729247866,0.005409469016314593
1794,30014,9,1771.0438471023244,0.005409469016314593
1795,30014,12,1772.4109649567827,0.005409469016314593
1796,30016,3,1885.4345411914048,0.00623147809992751
1797,30016,6,1903.785125827149,0.00623147809992751
1798,30016,9,1922.135710462893,0.00623147809992751
1799,30016,12,1940.4862950986371,0.00623147809992751
1800,30017,3,2232.7096774887063,0.004666047813766192
1801,30017,6,2234.599340336449,0.004666047813766192
1802,30017,9,2236.4890031841915,0.004666047813766192
1803,30017,12,2238.3786660319342,0.004666047813766192
1804,30019,3,2352.0010077334273,0.00664276083132923
1805,30019,6,2375.1187899194206,0.00664276083132923
1806,30019,9,2398.2365721054134,0.00664276083132923
1807,30019,12,2421.3543542914067,0.00664276083132923
1808,30021,3,1505.66301802777,0.00223569397621189
1809,30021,6,1505.616887611607,0.00223569397621189
1810,30021,9,1505.5707571954438,0.00223569397621189
1811,30021,12,1505.5246267792807,0.00223569397621189
1812,30022,3,1990.9576443023946,0.007866378219965773
1813,30022,6,1975.4558449645453,0.007866378219965773
1814,30022,9,1959.9540456266964,0.007866378219965773
1815,30022,12,1944.4522462888472,0.007866378219965773
1816,30024,3,1982.5303830336643,0.0069661582181963465
1817,30024,6,1993.089016923084,0.0069661582181963465
1818,30024,9,2003.647650812504,0.0069661582181963465
1819,30024,12,2014.2062847019238,0.0069661582181963465
1820,30028,3,2301.5222733402425,0.004353401084406709
1821,30028,6,2321.015102048525,0.004353401084406709
1822,30028,9,2340.5079307568076,0.004353401084406709
1823,30028,12,2360.00075946509,0.004353401084406709
1824,30030,3,1792.64830135642,0.00899298277261168
1825,30030,6,1804.926682755016,0.00899298277261168
1826,30030,9,1817.2050641536118,0.00899298277261168
1827,30030,12,1829.4834455522077,0.00899298277261168
1828,30032,3,1705.6486946595305,0.007797587900875226
1829,30032,6,1726.5920574156567,0.007797587900875226
1830,30032,9,1747.5354201717828,0.007797587900875226
1831,30032,12,1768.478782927909,0.007797587900875226
1832,30033,3,2033.4659564016251,0.0073606833496077965
1833,30033,6,2053.145002562706,0.0073606833496077965
1834,30033,9,2072.8240487237863,0.0073606833496077965
1835,30033,12,2092.503094884867,0.0073606833496077965
1836,30034,3,1776.4478028269357,0.006982956589730619
1837,30034,6,1804.9334194419318,0.006982956589730619
1838,30034,9,1833.4190360569278,0.006982956589730619
1839,30034,12,1861.9046526719237,0.006982956589730619
1840,30035,3,1911.8683013069513,0.008461524130841247
1841,30035,6,1938.4123074568251,0.008461524130841247
1842,30035,9,1964.9563136066993,0.008461524130841247
1843,30035,12,1991.5003197565732,0.008461524130841247
1844,30038,3,1668.7353186438024,0.0072022192745813726
1845,30038,6,1689.6430110154306,0.0072022192745813726
1846,30038,9,1710.5507033870585,0.0072022192745813726
1847,30038,12,1731.4583957586867,0.0072022192745813726
1848,30039,3,2087.246768931911,0.006448965412206425
1849,30039,6,2108.2529148278404,0.006448965412206425
1850,30039,9,2129.2590607237703,0.006448965412206425
1851,30039,12,2150.2652066196997,0.006448965412206425
1852,30040,3,2315.1684897259006,0.007055129092921489
1853,30040,6,2328.269099481576,0.007055129092921489
1854,30040,9,2341.3697092372513,0.007055129092921489
1855,30040,12,2354.4703189929264,0.007055129092921489
1856,30041,3,2243.038192361085,0.0070493909534650985
1857,30041,6,2253.056124675502,0.0070493909534650985
1858,30041,9,2263.0740569899185,0.0070493909534650985
1859,30041,12,2273.0919893043356,0.0070493909534650985
1860,30043,3,1936.224043375828,0.006795285185565559
1861,30043,6,1943.215815150202,0.006795285185565559
1862,30043,9,1950.2075869245762,0.006795285185565559
1863,30043,12,1957.1993586989502,0.006795285185565559
1864,30044,3,1818.5795135552105,0.007662774861769875
1865,30044,6,1842.3763812041188,0.007662774861769875
1866,30044,9,1866.1732488530272,0.007662774861769875
1867,30044,12,1889.9701165019355,0.007662774861769875
1868,30045,3,2330.879149277215,0.006099622363298386
1869,30045,6,2360.056835355522,0.006099622363298386
1870,30045,9,2389.2345214338284,0.006099622363298386
1871,30045,12,2418.412207512135,0.006099622363298386
1872,30046,3,1892.3726466158573,0.008942333097161657
1873,30046,6,1905.7589522636729,0.008942333097161657
1874,30046,9,1919.1452579114887,0.008942333097161657
1875,30046,12,1932.5315635593045,0.008942333097161657
1876,30047,3,2106.2020702008854,0.004708869652590909
1877,30047,6,2110.2393272331674,0.004708869652590909
1878,30047,9,2114.2765842654494,0.004708869652590909
1879,30047,12,2118.3138412977314,0.004708869652590909
1880,30052,3,2261.5857051303105,0.0064935730846739205
1881,30052,6,2268.372900881103,0.0064935730846739205
1882,30052,9,2275.1600966318947,0.0064935730846739205
1883,30052,12,2281.947292382687,0.0064935730846739205
1884,30058,3,1806.667454511928,0.006992001732024718
1885,30058,6,1809.0846893548116,0.006992001732024718
1886,30058,9,1811.5019241976954,0.006992001732024718
1887,30058,12,1813.919159040579,0.006992001732024718
1888,30060,3,1643.601976074408,0.009144255693464297
1889,30060,6,1663.4939527136914,0.009144255693464297
1890,30060,9,1683.385929352975,0.009144255693464297
1891,30060,12,1703.2779059922586,0.009144255693464297
1892,30062,3,2060.3774480711677,0.007898137910400276
1893,30062,6,2072.310296300101,0.007898137910400276
1894,30062,9,2084.2431445290345,0.007898137910400276
1895,30062,12,2096.175992757968,0.007898137910400276
1896,30064,3,1970.9288460080875,0.011724559508174134
1897,30064,6,1983.024773036432,0.011724559508174134
1898,30064,9,1995.1207000647762,0.011724559508174134
1899,30064,12,2007.2166270931207,0.011724559508174134
1900,30066,3,1857.3980866114148,0.006402924739325807
1901,30066,6,1865.8609397880957,0.006402924739325807
1902,30066,9,1874.3237929647767,0.006402924739325807
1903,30066,12,1882.7866461414578,0.006402924739325807
1904,30067,3,1539.6518700377958,0.008053007206577084
1905,30067,6,1547.1500200564396,0.008053007206577084
1906,30067,9,1554.6481700750837,0.008053007206577084
1907,30067,12,1562.1463200937278,0.008053007206577084
1908,30068,3,2473.6006437606666,0.009945150226061955
1909,30068,6,2483.733438800297,0.009945150226061955
1910,30068,9,2493.8662338399267,0.009945150226061955
1911,30068,12,2503.999028879557,0.009945150226061955
1912,30071,3,1864.9653316623828,0.007750189118978385
1913,30071,6,1870.3539692281495,0.007750189118978385
1914,30071,9,1875.7426067939161,0.007750189118978385
1915,30071,12,1881.1312443596828,0.007750189118978385
1916,30075,3,1894.657911660332,0.012752902338341235
1917,30075,6,1916.0975271181103,0.012752902338341235
1918,30075,9,1937.5371425758885,0.012752902338341235
1919,30075,12,1958.9767580336668,0.012752902338341235
1920,30076,3,1769.6583281563082,0.009240357674478639
1921,30076,6,1766.8992597927327,0.009240357674478639
1922,30076,9,1764.140191429157,0.009240357674478639
1923,30076,12,1761.3811230655817,0.009240357674478639
1924,30078,3,2086.3475959794837,0.006304961033881315
1925,30078,6,2106.294756207119,0.006304961033881315
1926,30078,9,2126.2419164347543,0.006304961033881315
1927,30078,12,2146.189076662389,0.006304961033881315
1928,30080,3,1691.9538428289384,0.009330636186401368
1929,30080,6,1697.339765580639,0.009330636186401368
1930,30080,9,1702.7256883323396,0.009330636186401368
1931,30080,12,1708.1116110840403,0.009330636186401368
1932,30082,3,2059.8057621422563,0.009513504004599794
1933,30082,6,2096.58898237607,0.009513504004599794
1934,30082,9,2133.372202609884,0.009513504004599794
1935,30082,12,2170.1554228436976,0.009513504004599794
1936,30083,3,1501.2842529050822,0.009625905192237652
1937,30083,6,1514.3372504768365,0.009625905192237652
1938,30083,9,1527.3902480485908,0.009625905192237652
1939,30083,12,1540.4432456203451,0.009625905192237652
1940,30084,3,1805.0213639810395,0.00997710194444863
1941,30084,6,1819.6035187806008,0.00997710194444863
1942,30084,9,1834.1856735801618,0.00997710194444863
1943,30084,12,1848.7678283797231,0.00997710194444863
1944,30087,3,1949.04679897954,0.009604286795704712
1945,30087,6,1958.7156255187476,0.009604286795704712
1946,30087,9,1968.3844520579555,0.009604286795704712
1947,30087,12,1978.0532785971634,0.009604286795704712
1948,30088,3,1713.7212381560912,0.008889593781744115
1949,30088,6,1724.794133706566,0.008889593781744115
1950,30088,9,1735.867029257041,0.008889593781744115
1951,30088,12,1746.9399248075158,0.008889593781744115
1952,30092,3,1476.2826161874407,0.008735974105109194
1953,30092,6,1478.2053254613868,0.008735974105109194
1954,30092,9,1480.1280347353327,0.008735974105109194
1955,30092,12,1482.0507440092788,0.008735974105109194
1956,30093,3,1432.144520477965,0.010093478423459501
1957,30093,6,1436.070871325299,0.010093478423459501
1958,30093,9,1439.9972221726334,0.010093478423459501
1959,30093,12,1443.9235730199675,0.010093478423459501
1960,30094,3,1834.8232867544532,0.009106527359153694
1961,30094,6,1854.7713532877628,0.009106527359153694
1962,30094,9,1874.7194198210723,0.009106527359153694
1963,30094,12,1894.6674863543817,0.009106527359153694
1964,30096,3,1625.261515922285,0.008941235711946683
1965,30096,6,1625.2559210122818,0.008941235711946683
1966,30096,9,1625.2503261022787,0.008941235711946683
1967,30096,12,1625.2447311922754,0.008941235711946683
1968,30097,3,1898.9641839584694,0.007971802621969431
1969,30097,6,1905.4201990449887,0.007971802621969431
1970,30097,9,1911.876214131508,0.007971802621969431
1971,30097,12,1918.3322292180274,0.007971802621969431
1972,30101,3,2068.1602735102506,0.00729673605427461
1973,30101,6,2079.1622071583993,0.00729673605427461
1974,30101,9,2090.1641408065475,0.00729673605427461
1975,30101,12,2101.166074454696,0.00729673605427461
1976,30102,3,1988.6043981521616,0.007598995073180761
1977,30102,6,1996.1152435458837,0.007598995073180761
1978,30102,9,2003.6260889396058,0.007598995073180761
1979,30102,12,2011.1369343333279,0.007598995073180761
1980,30106,3,1840.4740822631177,0.009871588347868937
1981,30106,6,1847.2758619184383,0.009871588347868937
1982,30106,9,1854.0776415737587,0.009871588347868937
1983,30106,12,1860.8794212290793,0.009871588347868937
1984,30107,3,2077.123142659885,0.0011117536165169035
1985,30107,6,2077.09150717747,0.0011117536165169035
1986,30107,9,2077.059871695054,0.0011117536165169035
1987,30107,12,2077.0282362126386,0.0011117536165169035
1988,30114,3,2121.0258575089983,0.007292499423422033
1989,30114,6,2143.228052848611,0.007292499423422033
1990,30114,9,2165.4302481882232,0.007292499423422033
1991,30114,12,2187.6324435278357,0.007292499423422033
1992,30115,3,1923.0792246183075,0.006579711979964036
1993,30115,6,1934.4996708744811,0.006579711979964036
1994,30115,9,1945.9201171306545,0.006579711979964036
1995,30115,12,1957.3405633868279,0.006579711979964036
1996,30117,3,1369.1115108076938,0.004337190597099361
1997,30117,6,1386.263794018629,0.004337190597099361
1998,30117,9,1403.4160772295638,0.004337190597099361
1999,30117,12,1420.568360440499,0.004337190597099361
2000,30120,3,1728.6089565621942,0.006012719227679862
2001,30120,6,1751.0036833459253,0.006012719227679862
2002,30120,9,1773.3984101296567,0.006012719227679862
2003,30120,12,1795.793136913388,0.006012719227679862
2004,30121,3,1686.0225427172093,0.003534435786646552
2005,30121,6,1693.7423769342247,0.003534435786646552
2006,30121,9,1701.46221115124,0.003534435786646552
2007,30121,12,1709.182045368255,0.003534435786646552
2008,30122,3,1552.4697295412996,0.00607182957880619
2009,30122,6,1563.1327672329905,0.00607182957880619
2010,30122,9,1573.7958049246818,0.00607182957880619
2011,30122,12,1584.4588426163727,0.00607182957880619
2012,30126,3,1992.020775687867,0.008203879097180716
2013,30126,6,2014.5958441620583,0.008203879097180716
2014,30126,9,2037.1709126362496,0.008203879097180716
2015,30126,12,2059.745981110441,0.008203879097180716
2016,30127,3,2084.084470007925,0.005590211249423118
2017,30127,6,2109.9254365342276,0.005590211249423118
2018,30127,9,2135.76640306053,0.005590211249423118
2019,30127,12,2161.6073695868326,0.005590211249423118
2020,30132,3,2246.6261173650278,0.007183793356208312
2021,30132,6,2263.1146203654357,0.007183793356208312
2022,30132,9,2279.603123365844,0.007183793356208312
2023,30132,12,2296.091626366252,0.007183793356208312
2024,30134,3,1754.6013575971087,0.007376548469498419
2025,30134,6,1769.942058874183,0.007376548469498419
2026,30134,9,1785.2827601512572,0.007376548469498419
2027,30134,12,1800.6234614283317,0.007376548469498419
2028,30135,3,2043.4272287263946,0.006942359626513355
2029,30135,6,2060.892364786774,0.006942359626513355
2030,30135,9,2078.357500847154,0.006942359626513355
2031,30135,12,2095.8226369075337,0.006942359626513355
2032,30141,3,1992.9332223663628,0.009645004160123111
2033,30141,6,2012.9962366506272,0.009645004160123111
2034,30141,9,2033.059250934892,0.009645004160123111
2035,30141,12,2053.1222652191564,0.009645004160123111
2036,30144,3,1792.7109450576402,0.007516905278988417
2037,30144,6,1786.4616225380457,0.007516905278988417
2038,30144,9,1780.2123000184515,0.007516905278988417
2039,30144,12,1773.962977498857,0.007516905278988417
2040,30152,3,2095.852922740315,0.008007939958679346
2041,30152,6,2109.221051833695,0.008007939958679346
2042,30152,9,2122.589180927075,0.008007939958679346
2043,30152,12,2135.9573100204548,0.008007939958679346
2044,30157,3,2033.9583227021913,0.013356807427211778
2045,30157,6,2055.781481722995,0.013356807427211778
2046,30157,9,2077.6046407437984,0.013356807427211778
2047,30157,12,2099.4277997646022,0.013356807427211778
2048,30161,3,1220.6454866059996,0.005071297326960999
2049,30161,6,1236.4426950462114,0.005071297326960999
2050,30161,9,1252.2399034864231,0.005071297326960999
2051,30161,12,1268.037111926635,0.005071297326960999
2052,30165,3,1224.0818018064447,0.0016793285010949855
2053,30165,6,1224.1222173443402,0.0016793285010949855
2054,30165,9,1224.1626328822356,0.0016793285010949855
2055,30165,12,1224.2030484201312,0.0016793285010949855
2056,30168,3,1822.7367273904565,0.007944195430638526
2057,30168,6,1857.9030676925647,0.007944195430638526
2058,30168,9,1893.0694079946727,0.007944195430638526
2059,30168,12,1928.2357482967807,0.007944195430638526
2060,30179,3,1765.260660125596,0.005504210979330828
2061,30179,6,1788.420468670167,0.005504210979330828
2062,30179,9,1811.580277214738,0.005504210979330828
2063,30179,12,1834.740085759309,0.005504210979330828
2064,30180,3,1938.3375464601643,0.00749483022229014
2065,30180,6,1956.9059471041628,0.00749483022229014
2066,30180,9,1975.474347748161,0.00749483022229014
2067,30180,12,1994.0427483921596,0.00749483022229014
2068,30188,3,2132.541703086416,0.007468544418430523
2069,30188,6,2145.3199419438356,0.007468544418430523
2070,30188,9,2158.0981808012557,0.007468544418430523
2071,30188,12,2170.876419658676,0.007468544418430523
2072,30189,3,2095.011763836695,0.008534971741774129
2073,30189,6,2097.703856921912,0.008534971741774129
2074,30189,9,2100.395950007129,0.008534971741774129
2075,30189,12,2103.088043092346,0.008534971741774129
2076,30213,3,2029.0223700653085,0.007065709502973533
2077,30213,6,2044.8015571409826,0.007065709502973533
2078,30213,9,2060.580744216657,0.007065709502973533
2079,30213,12,2076.3599312923307,0.007065709502973533
2080,30214,3,2150.723919942728,0.004903704653740731
2081,30214,6,2174.209056055136,0.004903704653740731
2082,30214,9,2197.694192167544,0.004903704653740731
2083,30214,12,2221.1793282799517,0.004903704653740731
2084,30215,3,2434.7105563751006,0.008168031685333673
2085,30215,6,2469.430842911973,0.008168031685333673
2086,30215,9,2504.1511294488446,0.008168031685333673
2087,30215,12,2538.871415985717,0.008168031685333673
2088,30223,3,1262.0603722973383,0.005144105843746148
2089,30223,6,1273.3347987430802,0.005144105843746148
2090,30223,9,1284.6092251888224,0.005144105843746148
2091,30223,12,1295.8836516345646,0.005144105843746148
2092,30224,3,1471.857120617941,0.0031485891499256585
2093,30224,6,1490.6271924252437,0.0031485891499256585
2094,30224,9,1509.3972642325464,0.0031485891499256585
2095,30224,12,1528.1673360398493,0.0031485891499256585
2096,30228,3,1937.477551312416,0.006869070887393076
2097,30228,6,1953.3157461141793,0.006869070887393076
2098,30228,9,1969.1539409159425,0.006869070887393076
2099,30228,12,1984.9921357177059,0.006869070887393076
2100,30236,3,1647.3006858731032,0.008388578210370649
2101,30236,6,1657.9498569635762,0.008388578210370649
2102,30236,9,1668.5990280540493,0.008388578210370649
2103,30236,12,1679.2481991445222,0.008388578210370649
2104,30238,3,1738.5513924883994,0.009168485924249141
2105,30238,6,1764.4363456597744,0.009168485924249141
2106,30238,9,1790.3212988311493,0.009168485924249141
2107,30238,12,1816.206252002524,0.009168485924249141
2108,30240,3,1434.558216252501,0.009547303067231224
2109,30240,6,1454.9867000574538,0.009547303067231224
2110,30240,9,1475.4151838624066,0.009547303067231224
2111,30240,12,1495.8436676673591,0.009547303067231224
2112,30241,3,1233.533191250602,0.0069145922287488296
2113,30241,6,1247.2850232202047,0.0069145922287488296
2114,30241,9,1261.0368551898075,0.0069145922287488296
2115,30241,12,1274.78868715941,0.0069145922287488296
2116,30248,3,2149.1642984324662,0.007440378687424081
2117,30248,6,2171.3430075689844,0.007440378687424081
2118,30248,9,2193.5217167055025,0.007440378687424081
2119,30248,12,2215.7004258420206,0.007440378687424081
2120,30252,3,2157.9456573188504,0.008185947509988967
2121,30252,6,2179.319094436278,0.008185947509988967
2122,30252,9,2200.6925315537055,0.008185947509988967
2123,30252,12,2222.0659686711333,0.008185947509988967
2124,30253,3,1874.014931561589,0.007622169290761958
2125,30253,6,1880.075609530024,0.007622169290761958
2126,30253,9,1886.136287498459,0.007622169290761958
2127,30253,12,1892.196965466894,0.007622169290761958
2128,30260,3,1581.9566424761097,0.010467879238998605
2129,30260,6,1588.2282029240391,0.010467879238998605
2130,30260,9,1594.4997633719688,0.010467879238998605
2131,30260,12,1600.7713238198983,0.010467879238998605
2132,30263,3,1622.1535721498244,0.009052097003585854
2133,30263,6,1605.184498703532,0.009052097003585854
2134,30263,9,1588.2154252572395,0.009052097003585854
2135,30263,12,1571.246351810947,0.009052097003585854
2136,30265,3,1890.6854958206522,0.009590875933638285
2137,30265,6,1903.3775893621694,0.009590875933638285
2138,30265,9,1916.0696829036865,0.009590875933638285
2139,30265,12,1928.7617764452036,0.009590875933638285
2140,30269,3,2218.215348072167,0.007825848174312118
2141,30269,6,2255.837568707722,0.007825848174312118
2142,30269,9,2293.4597893432765,0.007825848174312118
2143,30269,12,2331.082009978831,0.007825848174312118
2144,30273,3,1829.139606162243,0.010319076772185938
2145,30273,6,1849.1139463630614,0.010319076772185938
2146,30273,9,1869.08828656388,0.010319076772185938
2147,30273,12,1889.0626267646985,0.010319076772185938
2148,30274,3,1595.9192746200006,0.007742978851832556
2149,30274,6,1617.9256417301349,0.007742978851832556
2150,30274,9,1639.9320088402694,0.007742978851832556
2151,30274,12,1661.9383759504037,0.007742978851832556
2152,30281,3,1596.302593554904,0.006528922983496231
2153,30281,6,1612.1412647085915,0.006528922983496231
2154,30281,9,1627.9799358622793,0.006528922983496231
2155,30281,12,1643.8186070159668,0.006528922983496231
2156,30291,3,1870.341451271906,0.009940558380064806
2157,30291,6,1884.695671197098,0.009940558380064806
2158,30291,9,1899.0498911222899,0.009940558380064806
2159,30291,12,1913.4041110474816,0.009940558380064806
2160,30294,3,1919.7157081021392,0.008905066254460376
2161,30294,6,1935.290916066568,0.008905066254460376
2162,30294,9,1950.8661240309968,0.008905066254460376
2163,30294,12,1966.4413319954256,0.008905066254460376
2164,30296,3,1750.4994216045588,0.008497419595101854
2165,30296,6,1775.8542265374415,0.008497419595101854
2166,30296,9,1801.2090314703241,0.008497419595101854
2167,30296,12,1826.5638364032068,0.008497419595101854
2168,30297,3,1391.5911454088846,0.00501536040894111
2169,30297,6,1392.8917998076802,0.00501536040894111
2170,30297,9,1394.1924542064758,0.00501536040894111
2171,30297,12,1395.4931086052716,0.00501536040894111
2172,30303,3,2109.1913615981202,0.006959505935157905
2173,30303,6,2105.189113002234,0.006959505935157905
2174,30303,9,2101.1868644063484,0.006959505935157905
2175,30303,12,2097.184615810462,0.006959505935157905
2176,30305,3,2106.565921181868,0.00801931274140647
2177,30305,6,2110.1796208107276,0.00801931274140647
2178,30305,9,2113.7933204395877,0.00801931274140647
2179,30305,12,2117.4070200684478,0.00801931274140647
2180,30306,3,1819.4378658010626,0.009032738695612589
2181,30306,6,1833.6747609000154,0.009032738695612589
2182,30306,9,1847.911655998968,0.009032738695612589
2183,30306,12,1862.1485510979207,0.009032738695612589
2184,30307,3,2025.0538484622907,0.008022615342909874
2185,30307,6,2037.2495192886404,0.008022615342909874
2186,30307,9,2049.44519011499,0.008022615342909874
2187,30307,12,2061.6408609413397,0.008022615342909874
2188,30308,3,1979.6549417963874,0.008792668580928722
2189,30308,6,1980.4287102979906,0.008792668580928722
2190,30308,9,1981.202478799594,0.008792668580928722
2191,30308,12,1981.9762473011972,0.008792668580928722
2192,30309,3,2118.395216753193,0.008681607694152256
2193,30309,6,2113.6684311308013,0.008681607694152256
2194,30309,9,2108.9416455084097,0.008681607694152256
2195,30309,12,2104.214859886018,0.008681607694152256
2196,30310,3,1904.6389842367,0.010931526410555711
2197,30310,6,1916.1168810175307,0.010931526410555711
2198,30310,9,1927.594777798361,0.010931526410555711
2199,30310,12,1939.0726745791917,0.010931526410555711
2200,30311,3,1738.7207900703656,0.008884566548976104
2201,30311,6,1767.653554197231,0.008884566548976104
2202,30311,9,1796.5863183240965,0.008884566548976104
2203,30311,12,1825.519082450962,0.008884566548976104
2204,30312,3,1838.5681481020026,0.00828728846810023
2205,30312,6,1855.2883040591746,0.00828728846810023
2206,30312,9,1872.0084600163468,0.00828728846810023
2207,30312,12,1888.7286159735188,0.00828728846810023
2208,30313,3,1842.822840990527,0.008040727196819175
2209,30313,6,1843.1043360269155,0.008040727196819175
2210,30313,9,1843.3858310633038,0.008040727196819175
2211,30313,12,1843.6673260996922,0.008040727196819175
2212,30314,3,1723.9371682207602,0.011194900883803578
2213,30314,6,1747.322661153461,0.011194900883803578
2214,30314,9,1770.7081540861616,0.011194900883803578
2215,30314,12,1794.0936470188624,0.011194900883803578
2216,30315,3,1834.0034363832663,0.011169337537669553
2217,30315,6,1846.1327695754946,0.011169337537669553
2218,30315,9,1858.2621027677228,0.011169337537669553
2219,30315,12,1870.3914359599512,0.011169337537669553
2220,30316,3,1880.9365789057701,0.007324081993868462
2221,30316,6,1893.8865195397257,0.007324081993868462
2222,30316,9,1906.8364601736814,0.007324081993868462
2223,30316,12,1919.786400807637,0.007324081993868462
2224,30317,3,1934.5131589106718,0.008511995848944213
2225,30317,6,1951.9713420869753,0.008511995848944213
2226,30317,9,1969.4295252632785,0.008511995848944213
2227,30317,12,1986.8877084395817,0.008511995848944213
2228,30318,3,1805.5734742593513,0.008872881075393338
2229,30318,6,1831.665304094178,0.008872881075393338
2230,30318,9,1857.7571339290048,0.008872881075393338
2231,30318,12,1883.8489637638313,0.008872881075393338
2232,30319,3,1858.5518848054778,0.007939006310305535
2233,30319,6,1861.3696192816728,0.007939006310305535
2234,30319,9,1864.1873537578676,0.007939006310305535
2235,30319,12,1867.0050882340627,0.007939006310305535
2236,30324,3,1701.0763287796997,0.00836385188877167
2237,30324,6,1708.1107949309826,0.00836385188877167
2238,30324,9,1715.1452610822657,0.00836385188877167
2239,30324,12,1722.1797272335486,0.00836385188877167
2240,30326,3,1909.7538609044764,0.007367543392156637
2241,30326,6,1902.6580881058326,0.007367543392156637
2242,30326,9,1895.5623153071888,0.007367543392156637
2243,30326,12,1888.4665425085452,0.007367543392156637
2244,30327,3,1707.2030977244349,0.007310945397396613
2245,30327,6,1676.1557821538138,0.007310945397396613
2246,30327,9,1645.1084665831927,0.007310945397396613
2247,30327,12,1614.0611510125718,0.007310945397396613
2248,30328,3,1829.2892629179155,0.009496365014284254
2249,30328,6,1821.3444372309493,0.009496365014284254
2250,30328,9,1813.3996115439834,0.009496365014284254
2251,30328,12,1805.4547858570172,0.009496365014284254
2252,30329,3,1739.9560129784443,0.009556680588033604
2253,30329,6,1766.8285047760196,0.009556680588033604
2254,30329,9,1793.7009965735951,0.009556680588033604
2255,30329,12,1820.5734883711705,0.009556680588033604
2256,30331,3,1777.4487042538074,0.008145032901663376
2257,30331,6,1793.9047479694718,0.008145032901663376
2258,30331,9,1810.360791685136,0.008145032901663376
2259,30331,12,1826.8168354008003,0.008145032901663376
2260,30337,3,1340.2352073791758,0.0050131331407029835
2261,30337,6,1340.9339552694194,0.0050131331407029835
2262,30337,9,1341.6327031596627,0.0050131331407029835
2263,30337,12,1342.331451049906,0.0050131331407029835
2264,30338,3,1692.011800825292,0.007610327623495526
2265,30338,6,1682.7800524956083,0.007610327623495526
2266,30338,9,1673.5483041659243,0.007610327623495526
2267,30338,12,1664.3165558362405,0.007610327623495526
2268,30339,3,1771.1686866104537,0.008358677589264903
2269,30339,6,1758.3924209792308,0.008358677589264903
2270,30339,9,1745.6161553480076,0.008358677589264903
2271,30339,12,1732.8398897167845,0.008358677589264903
2272,30340,3,1364.0599284043208,0.0075797501201262515
2273,30340,6,1365.9201093406782,0.0075797501201262515
2274,30340,9,1367.7802902770359,0.0075797501201262515
2275,30340,12,1369.6404712133935,0.0075797501201262515
2276,30341,3,1822.9392112794744,0.009663817466735178
2277,30341,6,1810.6214636061952,0.009663817466735178
2278,30341,9,1798.303715932916,0.009663817466735178
2279,30341,12,1785.9859682596368,0.009663817466735178
2280,30342,3,1722.946411346599,0.009575433061066538
2281,30342,6,1726.5330346552246,0.009575433061066538
2282,30342,9,1730.1196579638502,0.009575433061066538
2283,30342,12,1733.7062812724757,0.009575433061066538
2284,30344,3,1507.7204594673074,0.009593155815838148
2285,30344,6,1519.7840834948286,0.009593155815838148
2286,30344,9,1531.84770752235,0.009593155815838148
2287,30344,12,1543.9113315498714,0.009593155815838148
2288,30345,3,1670.8266742846192,0.005065872305233602
2289,30345,6,1708.4990714571527,0.005065872305233602
2290,30345,9,1746.1714686296862,0.005065872305233602
2291,30345,12,1783.8438658022196,0.005065872305233602
2292,30346,3,1890.2593853795586,0.011306088472763666
2293,30346,6,1959.1776776030815,0.011306088472763666
2294,30346,9,2028.0959698266042,0.011306088472763666
2295,30346,12,2097.014262050127,0.011306088472763666
2296,30349,3,1849.135341145967,0.005903597938627964
2297,30349,6,1874.064443473826,0.005903597938627964
2298,30349,9,1898.993545801685,0.005903597938627964
2299,30349,12,1923.922648129544,0.005903597938627964
2300,30350,3,1514.010163158323,0.008680150371866566
2301,30350,6,1527.8261541408667,0.008680150371866566
2302,30350,9,1541.6421451234103,0.008680150371866566
2303,30350,12,1555.458136105954,0.008680150371866566
2304,30354,3,1708.3857514632502,0.011016443733577946
2305,30354,6,1730.5287495386492,0.011016443733577946
2306,30354,9,1752.6717476140484,0.011016443733577946
2307,30354,12,1774.8147456894474,0.011016443733577946
2308,30360,3,2024.4463962843595,0.004796928870417311
2309,30360,6,2031.9942787082266,0.004796928870417311
2310,30360,9,2039.5421611320935,0.004796928870417311
2311,30360,12,2047.0900435559606,0.004796928870417311
2312,30363,3,2181.3678119119504,0.007053620546787357
2313,30363,6,2182.4072538702935,0.007053620546787357
2314,30363,9,2183.446695828637,0.007053620546787357
2315,30363,12,2184.48613778698,0.007053620546787357
2316,30458,3,1327.9448030273006,0.007667041907138384
2317,30458,6,1347.5669713183902,0.007667041907138384
2318,30458,9,1367.1891396094795,0.007667041907138384
2319,30458,12,1386.811307900569,0.007667041907138384
2320,30501,3,1472.8496911923687,0.008782374243482927
2321,30501,6,1444.3652748337042,0.008782374243482927
2322,30501,9,1415.88085847504,0.008782374243482927
2323,30501,12,1387.3964421163755,0.008782374243482927
2324,30504,3,2156.7831505664203,0.003902541217347828
2325,30504,6,2174.76430338682,0.003902541217347828
2326,30504,9,2192.745456207219,0.003902541217347828
2327,30504,12,2210.726609027618,0.003902541217347828
2328,30506,3,2069.698621108588,0.008709772881924307
2329,30506,6,2107.023360588346,0.008709772881924307
2330,30506,9,2144.3481000681036,0.008709772881924307
2331,30506,12,2181.6728395478613,0.008709772881924307
2332,30517,3,2354.50253507257,0.005730621107905501
2333,30517,6,2382.455110865749,0.005730621107905501
2334,30517,9,2410.4076866589276,0.005730621107905501
2335,30517,12,2438.3602624521063,0.005730621107905501
2336,30518,3,2114.004516364366,0.007357785573869581
2337,30518,6,2137.1543464603483,0.007357785573869581
2338,30518,9,2160.304176556331,0.007357785573869581
2339,30518,12,2183.454006652314,0.007357785573869581
2340,30519,3,2158.6640585555556,0.007458522149511349
2341,30519,6,2151.928175226381,0.007458522149511349
2342,30519,9,2145.192291897206,0.007458522149511349
2343,30519,12,2138.456408568031,0.007458522149511349
2344,30529,3,1578.28521074679,8.440183861560828e-05
2345,30529,6,1578.2870347522755,8.440183861560828e-05
2346,30529,9,1578.288858757761,8.440183861560828e-05
2347,30529,12,1578.2906827632467,8.440183861560828e-05
2348,30534,3,2105.199411812199,0.004782342277792877
2349,30534,6,2115.7106235355127,0.004782342277792877
2350,30534,9,2126.2218352588266,0.004782342277792877
2351,30534,12,2136.7330469821404,0.004782342277792877
2352,30542,3,1942.0896447184934,0.007041949638356781
2353,30542,6,1962.017180671939,0.007041949638356781
2354,30542,9,1981.944716625385,0.007041949638356781
2355,30542,12,2001.8722525788305,0.007041949638356781
2356,30548,3,2099.8694075610188,0.0026210304444670026
2357,30548,6,2100.2804899676185,0.0026210304444670026
2358,30548,9,2100.691572374218,0.0026210304444670026
2359,30548,12,2101.1026547808183,0.0026210304444670026
2360,30549,3,1730.333909731391,0.004321452009855052
2361,30549,6,1730.7664261829973,0.004321452009855052
2362,30549,9,1731.1989426346036,0.004321452009855052
2363,30549,12,1731.6314590862098,0.004321452009855052
2364,30566,3,1488.49239227846,0.003975619007055176
2365,30566,6,1487.6311049039368,0.003975619007055176
2366,30566,9,1486.7698175294133,0.003975619007055176
2367,30566,12,1485.9085301548898,0.003975619007055176
2368,30567,3,2014.389203585837,0.001105633993117512
2369,30567,6,2014.877603316411,0.001105633993117512
2370,30567,9,2015.3660030469853,0.001105633993117512
2371,30567,12,2015.8544027775595,0.001105633993117512
2372,30601,3,1803.8903514904466,0.004601653852997054
2373,30601,6,1834.1056502488775,0.004601653852997054
2374,30601,9,1864.3209490073082,0.004601653852997054
2375,30601,12,1894.5362477657388,0.004601653852997054
2376,30605,3,1627.1434308933271,0.009045352586053386
2377,30605,6,1646.8737747581847,0.009045352586053386
2378,30605,9,1666.604118623042,0.009045352586053386
2379,30605,12,1686.3344624878996,0.009045352586053386
2380,30606,3,1596.7791740898656,0.009073996536532639
2381,30606,6,1616.880721817952,0.009073996536532639
2382,30606,9,1636.9822695460387,0.009073996536532639
2383,30606,12,1657.083817274125,0.009073996536532639
2384,30655,3,1727.4251256063553,0.0035040050740050596
2385,30655,6,1750.2375370313484,0.0035040050740050596
2386,30655,9,1773.0499484563418,0.0035040050740050596
2387,30655,12,1795.862359881335,0.0035040050740050596
2388,30680,3,2004.452804034283,0.006543337676705369
2389,30680,6,2021.0219993018486,0.006543337676705369
2390,30680,9,2037.5911945694143,0.006543337676705369
2391,30680,12,2054.1603898369804,0.006543337676705369
2392,30701,3,1550.2051477637576,0.0026819003666108954
2393,30701,6,1531.0252709323606,0.0026819003666108954
2394,30701,9,1511.8453941009639,0.0026819003666108954
2395,30701,12,1492.6655172695669,0.0026819003666108954
2396,30736,3,1645.1877988315887,0.0016192526473609028
2397,30736,6,1725.7936599513814,0.0016192526473609028
2398,30736,9,1806.3995210711741,0.0016192526473609028
2399,30736,12,1887.0053821909669,0.0016192526473609028
2400,30741,3,1405.293733661188,0.0034660631088845586
2401,30741,6,1434.1608896572072,0.0034660631088845586
2402,30741,9,1463.0280456532266,0.0034660631088845586
2403,30741,12,1491.8952016492458,0.0034660631088845586
2404,30809,3,1897.934460658984,0.004887515362549736
2405,30809,6,1930.6653830009473,0.004887515362549736
2406,30809,9,1963.3963053429102,0.004887515362549736
2407,30809,12,1996.1272276848733,0.004887515362549736
2408,30813,3,1817.767071847338,0.004531075494790886
2409,30813,6,1840.8249355956884,0.004531075494790886
2410,30813,9,1863.882799344039,0.004531075494790886
2411,30813,12,1886.9406630923897,0.004531075494790886
2412,30815,3,1373.8246775423797,0.006032079519599661
2413,30815,6,1388.6861256703958,0.006032079519599661
2414,30815,9,1403.5475737984118,0.006032079519599661
2415,30815,12,1418.4090219264278,0.006032079519599661
2416,30901,3,1067.9689773838325,0.008011797890725729
2417,30901,6,1070.7929197692804,0.008011797890725729
2418,30901,9,1073.6168621547283,0.008011797890725729
2419,30901,12,1076.440804540176,0.008011797890725729
2420,30904,3,1238.5813452711013,0.008485202336562503
2421,30904,6,1256.9451993964428,0.008485202336562503
2422,30904,9,1275.309053521784,0.008485202336562503
2423,30904,12,1293.6729076471256,0.008485202336562503
2424,30906,3,1259.7838660228165,0.006498726583612104
2425,30906,6,1276.0617295148293,0.006498726583612104
2426,30906,9,1292.3395930068423,0.006498726583612104
2427,30906,12,1308.617456498855,0.006498726583612104
2428,30907,3,1377.3369180164286,0.006477639645232264
2429,30907,6,1392.1799549252075,0.006477639645232264
2430,30907,9,1407.0229918339862,0.006477639645232264
2431,30907,12,1421.8660287427651,0.006477639645232264
2432,30909,3,1367.8833980715808,0.0074562060381622094
2433,30909,6,1387.5337846940322,0.0074562060381622094
2434,30909,9,1407.1841713164836,0.0074562060381622094
2435,30909,12,1426.8345579389352,0.0074562060381622094
2436,31005,3,1772.1354193266343,0.004745552372815904
2437,31005,6,1785.1188927226854,0.004745552372815904
2438,31005,9,1798.1023661187367,0.004745552372815904
2439,31005,12,1811.085839514788,0.004745552372815904
2440,31061,3,1336.6899192290834,0.0060738726260838646
2441,31061,6,1347.226282760662,0.0060738726260838646
2442,31061,9,1357.7626462922403,0.0060738726260838646
2443,31061,12,1368.2990098238188,0.0060738726260838646
2444,31088,3,1461.6169678487906,0.0058726499488476365
2445,31088,6,1461.576897902712,0.0058726499488476365
2446,31088,9,1461.5368279566335,0.0058726499488476365
2447,31088,12,1461.496758010555,0.0058726499488476365
2448,31093,3,1486.2404963920935,0.0030728817627137385
2449,31093,6,1517.6108250585264,0.0030728817627137385
2450,31093,9,1548.9811537249593,0.0030728817627137385
2451,31093,12,1580.3514823913922,0.0030728817627137385
2452,31201,3,1126.319457302323,0.007692336304795621
2453,31201,6,1133.9564719831594,0.007692336304795621
2454,31201,9,1141.5934866639957,0.007692336304795621
2455,31201,12,1149.2305013448322,0.007692336304795621
2456,31204,3,1076.952949938264,0.005992974441316102
2457,31204,6,1088.9074278300732,0.005992974441316102
2458,31204,9,1100.8619057218825,0.005992974441316102
2459,31204,12,1112.8163836136919,0.005992974441316102
2460,31206,3,1068.2115724306118,0.0066236111047474
2461,31206,6,1087.699861538917,0.0066236111047474
2462,31206,9,1107.1881506472223,0.0066236111047474
2463,31206,12,1126.6764397555276,0.0066236111047474
2464,31210,3,1196.7386068622159,0.005000580455030622
2465,31210,6,1195.9402627675852,0.005000580455030622
2466,31210,9,1195.1419186729543,0.005000580455030622
2467,31210,12,1194.3435745783233,0.005000580455030622
2468,31220,3,1506.7328429068032,0.006389041233099735
2469,31220,6,1538.1745418870505,0.006389041233099735
2470,31220,9,1569.616240867298,0.006389041233099735
2471,31220,12,1601.0579398475456,0.006389041233099735
2472,31302,3,2261.753335177321,0.0
2473,31302,6,2261.753335177321,0.0
2474,31302,9,2261.753335177321,0.0
2475,31302,12,2261.753335177321,0.0
2476,31313,3,1633.021062236997,0.00853663144268267
2477,31313,6,1643.9276163946606,0.00853663144268267
2478,31313,9,1654.8341705523244,0.00853663144268267
2479,31313,12,1665.740724709988,0.00853663144268267
2480,31316,3,1862.031929975996,0.0026837847077799105
2481,31316,6,1920.651124368072,0.0026837847077799105
2482,31316,9,1979.270318760148,0.0026837847077799105
2483,31316,12,2037.889513152224,0.0026837847077799105
2484,31322,3,1748.4541633020178,0.008061110217386952
2485,31322,6,1744.811410531118,0.008061110217386952
2486,31322,9,1741.1686577602184,0.008061110217386952
2487,31322,12,1737.5259049893184,0.008061110217386952
2488,31324,3,2265.7794740859777,0.005842053156029273
2489,31324,6,2288.7314063995277,0.005842053156029273
2490,31324,9,2311.6833387130782,0.005842053156029273
2491,31324,12,2334.6352710266287,0.005842053156029273
2492,31326,3,2212.1988865546473,0.0021776286329892023
2493,31326,6,2228.5037355406853,0.0021776286329892023
2494,31326,9,2244.8085845267233,0.0021776286329892023
2495,31326,12,2261.113433512761,0.0021776286329892023
2496,31401,3,2150.0537729901134,0.009689998904178524
2497,31401,6,2173.607321789574,0.009689998904178524
2498,31401,9,2197.1608705890344,0.009689998904178524
2499,31401,12,2220.7144193884947,0.009689998904178524
2500,31404,3,1741.4019982982743,0.010788590425970631
2501,31404,6,1767.980828693664,0.010788590425970631
2502,31404,9,1794.5596590890536,0.010788590425970631
2503,31404,12,1821.1384894844432,0.010788590425970631
2504,31405,3,1681.4757682828088,0.009605829684962876
2505,31405,6,1695.0837401634321,0.009605829684962876
2506,31405,9,1708.6917120440553,0.009605829684962876
2507,31405,12,1722.2996839246787,0.009605829684962876
2508,31406,3,1649.9266164672038,0.011563767356386243
2509,31406,6,1685.5140041119498,0.011563767356386243
2510,31406,9,1721.1013917566959,0.011563767356386243
2511,31406,12,1756.688779401442,0.011563767356386243
2512,31407,3,1760.8502868336986,0.008263333480217818
2513,31407,6,1776.072803253553,0.008263333480217818
2514,31407,9,1791.2953196734077,0.008263333480217818
2515,31407,12,1806.517836093262,0.008263333480217818
2516,31410,3,1971.7167126011932,0.00564615381847525
2517,31410,6,2000.7716211645745,0.00564615381847525
2518,31410,9,2029.8265297279556,0.00564615381847525
2519,31410,12,2058.881438291337,0.00564615381847525
2520,31419,3,1648.5912513031078,0.007891963053296577
2521,31419,6,1638.6349922704997,0.007891963053296577
2522,31419,9,1628.6787332378913,0.007891963053296577
2523,31419,12,1618.7224742052829,0.007891963053296577
2524,31520,3,1489.8868877730747,0.004320150636157818
2525,31520,6,1490.421703216978,0.004320150636157818
2526,31520,9,1490.956518660881,0.004320150636157818
2527,31520,12,1491.4913341047843,0.004320150636157818
2528,31522,3,2660.038791121037,0.0040903794529495805
2529,31522,6,2662.500407249897,0.0040903794529495805
2530,31522,9,2664.9620233787564,0.0040903794529495805
2531,31522,12,2667.4236395076164,0.0040903794529495805
2532,31525,3,1555.8857893642944,0.00414720295477048
2533,31525,6,1556.2427459982848,0.00414720295477048
2534,31525,9,1556.5997026322752,0.00414720295477048
2535,31525,12,1556.9566592662657,0.00414720295477048
2536,31548,3,1640.421536243872,0.0061350527391416925
2537,31548,6,1643.5982779281162,0.0061350527391416925
2538,31548,9,1646.7750196123602,0.0061350527391416925
2539,31548,12,1649.9517612966044,0.0061350527391416925
2540,31558,3,1586.3116145087306,0.009023196593608077
2541,31558,6,1603.7203968388148,0.009023196593608077
2542,31558,9,1621.1291791688989,0.009023196593608077
2543,31558,12,1638.537961498983,0.009023196593608077
2544,31601,3,1064.7727353815155,0.0063684130721674385
2545,31601,6,1073.3090225278324,0.0063684130721674385
2546,31601,9,1081.8453096741491,0.0063684130721674385
2547,31601,12,1090.3815968204658,0.0063684130721674385
2548,31602,3,1263.4258510639268,0.006296575132693004
2549,31602,6,1278.3287412213335,0.006296575132693004
2550,31602,9,1293.2316313787405,0.006296575132693004
2551,31602,12,1308.1345215361473,0.006296575132693004
2552,31605,3,1537.8427722924237,0.004864604074388183
2553,31605,6,1562.3669752992312,0.004864604074388183
2554,31605,9,1586.891178306039,0.004864604074388183
2555,31605,12,1611.4153813128464,0.004864604074388183
2556,31707,3,995.3652336480959,0.004408297981582944
2557,31707,6,999.678023881755,0.004408297981582944
2558,31707,9,1003.9908141154142,0.004408297981582944
2559,31707,12,1008.3036043490732,0.004408297981582944
2560,31721,3,1217.0767602152798,0.0016855155729097549
2561,31721,6,1217.356227956607,0.0016855155729097549
2562,31721,9,1217.6356956979341,0.0016855155729097549
2563,31721,12,1217.9151634392613,0.0016855155729097549
2564,31763,3,1731.4565301539747,0.004744126185716794
2565,31763,6,1739.1780732556417,0.004744126185716794
2566,31763,9,1746.8996163573088,0.004744126185716794
2567,31763,12,1754.6211594589759,0.004744126185716794
2568,31901,3,1003.1582737584897,0.008624921208857775
2569,31901,6,1005.6321447734382,0.008624921208857775
2570,31901,9,1008.1060157883867,0.008624921208857775
2571,31901,12,1010.5798868033352,0.008624921208857775
2572,31903,3,935.0624543038078,0.007550193463256301
2573,31903,6,945.2516434853817,0.007550193463256301
2574,31903,9,955.4408326669554,0.007550193463256301
2575,31903,12,965.6300218485293,0.007550193463256301
2576,31904,3,1430.9591282297042,0.010457194695662383
2577,31904,6,1453.9325519755912,0.010457194695662383
2578,31904,9,1476.9059757214784,0.010457194695662383
2579,31904,12,1499.8793994673656,0.010457194695662383
2580,31906,3,905.1474189256169,0.004862788130108283
2581,31906,6,912.8768678597386,0.004862788130108283
2582,31906,9,920.6063167938604,0.004862788130108283
2583,31906,12,928.3357657279822,0.004862788130108283
2584,31907,3,1163.7026710883267,0.005153190433949949
2585,31907,6,1175.8268740094504,0.005153190433949949
2586,31907,9,1187.9510769305743,0.005153190433949949
2587,31907,12,1200.075279851698,0.005153190433949949
2588,31909,3,1517.0018252083414,0.006417878185664818
2589,31909,6,1540.5529992871432,0.006417878185664818
2590,31909,9,1564.1041733659451,0.006417878185664818
2591,31909,12,1587.6553474447471,0.006417878185664818
2592,32003,3,1949.9961794461765,0.00755895276506171
2593,32003,6,1981.31150566741,0.00755895276506171
2594,32003,9,2012.6268318886434,0.00755895276506171
2595,32003,12,2043.9421581098768,0.00755895276506171
2596,32034,3,2484.9375194623817,0.007402314156635447
2597,32034,6,2519.0232634533263,0.007402314156635447
2598,32034,9,2553.109007444271,0.007402314156635447
2599,32034,12,2587.1947514352155,0.007402314156635447
2600,32043,3,2047.6744708101996,0.008445425664068798
2601,32043,6,2069.367750237263,0.008445425664068798
2602,32043,9,2091.0610296643267,0.008445425664068798
2603,32043,12,2112.75430909139,0.008445425664068798
2604,32065,3,1913.998054792594,0.005759416540006216
2605,32065,6,1919.5129160032234,0.005759416540006216
2606,32065,9,1925.027777213853,0.005759416540006216
2607,32065,12,1930.5426384244822,0.005759416540006216
2608,32068,3,1971.4013814833925,0.006439167308014063
2609,32068,6,1992.9620866945133,0.006439167308014063
2610,32068,9,2014.522791905634,0.006439167308014063
2611,32068,12,2036.0834971167546,0.006439167308014063
2612,32073,3,1467.3387497259828,0.006670273139816434
2613,32073,6,1472.1100601422968,0.006670273139816434
2614,32073,9,1476.881370558611,0.006670273139816434
2615,32073,12,1481.6526809749253,0.006670273139816434
2616,32080,3,2207.865781501307,0.003938057607942324
2617,32080,6,2209.4331252157353,0.003938057607942324
2618,32080,9,2211.0004689301636,0.003938057607942324
2619,32080,12,2212.5678126445914,0.003938057607942324
2620,32081,3,2357.4587211256257,0.0075332296345017695
2621,32081,6,2346.0002510424797,0.0075332296345017695
2622,32081,9,2334.541780959334,0.0075332296345017695
2623,32081,12,2323.0833108761885,0.0075332296345017695
2624,32082,3,2437.2318322417536,0.008908173810336012
2625,32082,6,2428.0102449827955,0.008908173810336012
2626,32082,9,2418.7886577238373,0.008908173810336012
2627,32082,12,2409.5670704648796,0.008908173810336012
2628,32084,3,1931.312243441316,0.005264527446661818
2629,32084,6,1942.6597463575995,0.005264527446661818
2630,32084,9,1954.0072492738827,0.005264527446661818
2631,32084,12,1965.354752190166,0.005264527446661818
2632,32086,3,2072.7073048008797,0.005526324261329359
2633,32086,6,2082.306700050479,0.005526324261329359
2634,32086,9,2091.9060953000785,0.005526324261329359
2635,32086,12,2101.5054905496777,0.005526324261329359
2636,32092,3,2316.778697077511,0.007454073986188893
2637,32092,6,2313.3396836772317,0.007454073986188893
2638,32092,9,2309.900670276953,0.007454073986188893
2639,32092,12,2306.461656876674,0.007454073986188893
2640,32095,3,2159.4333084503996,0.002509277730396334
2641,32095,6,2160.2379062159443,0.002509277730396334
2642,32095,9,2161.0425039814895,0.002509277730396334
2643,32095,12,2161.8471017470347,0.002509277730396334
2644,32097,3,2112.579342312041,0.007009268284437587
2645,32097,6,2141.8941666748224,0.007009268284437587
2646,32097,9,2171.208991037604,0.007009268284437587
2647,32097,12,2200.5238154003855,0.007009268284437587
2648,32114,3,1536.741391490283,0.006939014109827388
2649,32114,6,1558.1912968922097,0.006939014109827388
2650,32114,9,1579.6412022941367,0.006939014109827388
2651,32114,12,1601.0911076960635,0.006939014109827388
2652,32117,3,1698.347321783877,0.008660159229247047
2653,32117,6,1707.5960844704598,0.008660159229247047
2654,32117,9,1716.8448471570428,0.008660159229247047
2655,32117,12,1726.0936098436257,0.008660159229247047
2656,32118,3,1636.1316955166722,0.009778740831613312
2657,32118,6,1641.592719485644,0.009778740831613312
2658,32118,9,1647.0537434546159,0.009778740831613312
2659,32118,12,1652.5147674235877,0.009778740831613312
2660,32119,3,1512.9884975412333,0.009646536329941705
2661,32119,6,1528.138552578277,0.009646536329941705
2662,32119,9,1543.2886076153209,0.009646536329941705
2663,32119,12,1558.4386626523647,0.009646536329941705
2664,32124,3,2310.8703603211707,0.0021467720271602293
2665,32124,6,2289.8228867463495,0.0021467720271602293
2666,32124,9,2268.7754131715283,0.0021467720271602293
2667,32124,12,2247.727939596707,0.0021467720271602293
2668,32127,3,1788.0161655827978,0.0069200450265210715
2669,32127,6,1791.439653106729,0.0069200450265210715
2670,32127,9,1794.8631406306604,0.0069200450265210715
2671,32127,12,1798.2866281545914,0.0069200450265210715
2672,32128,3,1857.3064559923955,0.003631494780807632
2673,32128,6,1858.371300742432,0.003631494780807632
2674,32128,9,1859.4361454924683,0.003631494780807632
2675,32128,12,1860.5009902425047,0.003631494780807632
2676,32129,3,1782.3720509226087,0.004696607395649298
2677,32129,6,1810.2944357496149,0.004696607395649298
2678,32129,9,1838.216820576621,0.004696607395649298
2679,32129,12,1866.1392054036273,0.004696607395649298
2680,32137,3,2121.50186690115,0.008193926028791364
2681,32137,6,2167.914802571772,0.008193926028791364
2682,32137,9,2214.3277382423935,0.008193926028791364
2683,32137,12,2260.740673913015,0.008193926028791364
2684,32159,3,1910.4131869210066,0.004528889964967737
2685,32159,6,1943.413940379221,0.004528889964967737
2686,32159,9,1976.4146938374356,0.004528889964967737
2687,32159,12,2009.4154472956502,0.004528889964967737
2688,32162,3,2111.707980534392,0.008779913747156202
2689,32162,6,2115.150655318374,0.008779913747156202
2690,32162,9,2118.593330102356,0.008779913747156202
2691,32162,12,2122.0360048863377,0.008779913747156202
2692,32163,3,2195.87575758573,0.0
2693,32163,6,2195.87575758573,0.0
2694,32163,9,2195.87575758573,0.0
2695,32163,12,2195.87575758573,0.0
2696,32164,3,1920.4694025661602,0.007844169881986447
2697,32164,6,1929.091601574782,0.007844169881986447
2698,32164,9,1937.7138005834038,0.007844169881986447
2699,32164,12,1946.3359995920257,0.007844169881986447
2700,32168,3,2273.594759524064,0.007638613397378368
2701,32168,6,2292.3892947244362,0.007638613397378368
2702,32168,9,2311.183829924808,0.007638613397378368
2703,32168,12,2329.9783651251796,0.007638613397378368
2704,32169,3,2501.12322986511,0.006066255375168461
2705,32169,6,2503.3806358700663,0.006066255375168461
2706,32169,9,2505.6380418750223,0.006066255375168461
2707,32169,12,2507.8954478799787,0.006066255375168461
2708,32174,3,1870.402281369057,0.008023794247676278
2709,32174,6,1874.6537917835753,0.008023794247676278
2710,32174,9,1878.905302198094,0.008023794247676278
2711,32174,12,1883.1568126126124,0.008023794247676278
2712,32176,3,2006.8921254724487,0.012308945550976929
2713,32176,6,2025.6511245494341,0.012308945550976929
2714,32176,9,2044.4101236264198,0.012308945550976929
2715,32176,12,2063.1691227034053,0.012308945550976929
2716,32202,3,1366.4428505200137,0.00491690366762899
2717,32202,6,1368.9347127275018,0.00491690366762899
2718,32202,9,1371.4265749349902,0.00491690366762899
2719,32202,12,1373.9184371424785,0.00491690366762899
2720,32204,3,1452.853357460424,0.009634044215908532
2721,32204,6,1459.6860905363803,0.009634044215908532
2722,32204,9,1466.518823612337,0.009634044215908532
2723,32204,12,1473.3515566882934,0.009634044215908532
2724,32205,3,1571.8146081581792,0.007208577472857014
2725,32205,6,1578.9406601257401,0.007208577472857014
2726,32205,9,1586.066712093301,0.007208577472857014
2727,32205,12,1593.192764060862,0.007208577472857014
2728,32206,3,1215.7264675189774,0.009154234894562746
2729,32206,6,1228.741618730478,0.009154234894562746
2730,32206,9,1241.7567699419783,0.009154234894562746
2731,32206,12,1254.7719211534788,0.009154234894562746
2732,32207,3,1559.609328651547,0.009316622917521581
2733,32207,6,1569.263375440552,0.009316622917521581
2734,32207,9,1578.9174222295571,0.009316622917521581
2735,32207,12,1588.5714690185623,0.009316622917521581
2736,32208,3,1345.9478006364195,0.0076583980844402095
2737,32208,6,1360.2333636503554,0.0076583980844402095
2738,32208,9,1374.5189266642913,0.0076583980844402095
2739,32208,12,1388.8044896782271,0.0076583980844402095
2740,32209,3,1165.1850380476308,0.008038137422308564
2741,32209,6,1180.6400063277847,0.008038137422308564
2742,32209,9,1196.0949746079386,0.008038137422308564
2743,32209,12,1211.5499428880926,0.008038137422308564
2744,32210,3,1416.9098912208594,0.005660479626574946
2745,32210,6,1429.379968572674,0.005660479626574946
2746,32210,9,1441.8500459244883,0.005660479626574946
2747,32210,12,1454.3201232763026,0.005660479626574946
2748,32211,3,1368.9013859703912,0.01217637806885575
2749,32211,6,1373.458729927901,0.01217637806885575
2750,32211,9,1378.0160738854106,0.01217637806885575
2751,32211,12,1382.5734178429202,0.01217637806885575
2752,32216,3,1558.655614525461,0.007637210023223136
2753,32216,6,1570.5381598549966,0.007637210023223136
2754,32216,9,1582.4207051845324,0.007637210023223136
2755,32216,12,1594.303250514068,0.007637210023223136
2756,32217,3,1340.2427284423895,0.00558830134717702
2757,32217,6,1349.2894748706808,0.00558830134717702
2758,32217,9,1358.336221298972,0.00558830134717702
2759,32217,12,1367.3829677272633,0.00558830134717702
2760,32218,3,1771.7575326715205,0.005911760651529792
2761,32218,6,1795.8175981241611,0.005911760651529792
2762,32218,9,1819.877663576802,0.005911760651529792
2763,32218,12,1843.9377290294426,0.005911760651529792
2764,32219,3,1880.6828236105812,0.0055442408437685765
2765,32219,6,1894.2184032038929,0.0055442408437685765
2766,32219,9,1907.7539827972048,0.0055442408437685765
2767,32219,12,1921.2895623905167,0.0055442408437685765
2768,32221,3,2019.6873652184968,0.00742875532428375
2769,32221,6,2043.454931888948,0.00742875532428375
2770,32221,9,2067.2224985593994,0.00742875532428375
2771,32221,12,2090.9900652298506,0.00742875532428375
2772,32222,3,1860.721708302597,0.006277368388588264
2773,32222,6,1886.2665620837863,0.006277368388588264
2774,32222,9,1911.8114158649757,0.006277368388588264
2775,32222,12,1937.3562696461652,0.006277368388588264
2776,32223,3,1665.2991373072844,0.004773534346078333
2777,32223,6,1666.3628208364246,0.004773534346078333
2778,32223,9,1667.4265043655648,0.004773534346078333
2779,32223,12,1668.490187894705,0.004773534346078333
2780,32224,3,1659.9572854904363,0.008432227799052276
2781,32224,6,1666.9927982965248,0.008432227799052276
2782,32224,9,1674.0283111026133,0.008432227799052276
2783,32224,12,1681.0638239087016,0.008432227799052276
2784,32225,3,1694.0569574353833,0.007083544360610141
2785,32225,6,1717.1900715130791,0.007083544360610141
2786,32225,9,1740.3231855907748,0.007083544360610141
2787,32225,12,1763.4562996684706,0.007083544360610141
2788,32226,3,2270.7662521712464,0.008620114760937252
2789,32226,6,2297.9801231426864,0.008620114760937252
2790,32226,9,2325.1939941141263,0.008620114760937252
2791,32226,12,2352.4078650855663,0.008620114760937252
2792,32233,3,1797.355907130661,0.009777615574946327
2793,32233,6,1796.374939028382,0.009777615574946327
2794,32233,9,1795.3939709261028,0.009777615574946327
2795,32233,12,1794.4130028238237,0.009777615574946327
2796,32244,3,1612.2472478049333,0.005019398856679718
2797,32244,6,1612.6315530342672,0.005019398856679718
2798,32244,9,1613.0158582636013,0.005019398856679718
2799,32244,12,1613.4001634929352,0.005019398856679718
2800,32246,3,1799.9763524555299,0.008300387254112753
2801,32246,6,1779.4484582171463,0.008300387254112753
2802,32246,9,1758.9205639787626,0.008300387254112753
2803,32246,12,1738.392669740379,0.008300387254112753
2804,32250,3,2289.0256710923627,0.008702268500774097
2805,32250,6,2288.3096557222393,0.008702268500774097
2806,32250,9,2287.5936403521155,0.008702268500774097
2807,32250,12,2286.877624981992,0.008702268500774097
2808,32254,3,1316.3341120912426,0.007259357367753014
2809,32254,6,1329.671692453358,0.007259357367753014
2810,32254,9,1343.0092728154732,0.007259357367753014
2811,32254,12,1356.3468531775886,0.007259357367753014
2812,32256,3,1590.4292534077254,0.008098199352446376
2813,32256,6,1610.3314712567142,0.008098199352446376
2814,32256,9,1630.233689105703,0.008098199352446376
2815,32256,12,1650.1359069546918,0.008098199352446376
2816,32257,3,1568.0992997682292,0.008913602994396322
2817,32257,6,1554.9269326414096,0.008913602994396322
2818,32257,9,1541.75456551459,0.008913602994396322
2819,32257,12,1528.5821983877704,0.008913602994396322
2820,32258,3,1834.9378265367616,0.007614530643852567
2821,32258,6,1853.6828295560026,0.007614530643852567
2822,32258,9,1872.4278325752434,0.007614530643852567
2823,32258,12,1891.1728355944842,0.007614530643852567
2824,32259,3,2148.81715000493,0.008216714432048279
2825,32259,6,2164.1985275909647,0.008216714432048279
2826,32259,9,2179.5799051769995,0.008216714432048279
2827,32259,12,2194.961282763034,0.008216714432048279
2828,32266,3,2233.0705853771015,0.009598632101711918
2829,32266,6,2239.3318908844153,0.009598632101711918
2830,32266,9,2245.5931963917296,0.009598632101711918
2831,32266,12,2251.854501899044,0.009598632101711918
2832,32277,3,1472.9054779061155,0.009326518940446437
2833,32277,6,1471.849571761457,0.009326518940446437
2834,32277,9,1470.7936656167983,0.009326518940446437
2835,32277,12,1469.7377594721397,0.009326518940446437
2836,32301,3,1326.4363668139601,0.009186430421560098
2837,32301,6,1338.0384227010193,0.009186430421560098
2838,32301,9,1349.6404785880786,0.009186430421560098
2839,32301,12,1361.2425344751377,0.009186430421560098
2840,32303,3,1387.5236034429129,0.007160105481008651
2841,32303,6,1394.2027241735625,0.007160105481008651
2842,32303,9,1400.881844904212,0.007160105481008651
2843,32303,12,1407.5609656348613,0.007160105481008651
2844,32304,3,1353.0626224077546,0.00897961691960869
2845,32304,6,1370.2932046593894,0.00897961691960869
2846,32304,9,1387.5237869110244,0.00897961691960869
2847,32304,12,1404.7543691626593,0.00897961691960869
2848,32308,3,1498.571378491498,0.007764217471075974
2849,32308,6,1513.5525394596991,0.007764217471075974
2850,32308,9,1528.5337004279002,0.007764217471075974
2851,32308,12,1543.5148613961012,0.007764217471075974
2852,32309,3,1695.9956506071721,0.00641808322315295
2853,32309,6,1722.3937848226215,0.00641808322315295
2854,32309,9,1748.7919190380705,0.00641808322315295
2855,32309,12,1775.1900532535199,0.00641808322315295
2856,32311,3,1711.322933228441,0.014465486587752013
2857,32311,6,1729.8776837489659,0.014465486587752013
2858,32311,9,1748.4324342694906,0.014465486587752013
2859,32311,12,1766.9871847900154,0.014465486587752013
2860,32312,3,1917.2036044382517,0.004853583487080416
2861,32312,6,1920.3228503975886,0.004853583487080416
2862,32312,9,1923.4420963569257,0.004853583487080416
2863,32312,12,1926.5613423162627,0.004853583487080416
2864,32401,3,1631.6295667299828,0.006403983348961765
2865,32401,6,1634.8055882130388,0.006403983348961765
2866,32401,9,1637.9816096960951,0.006403983348961765
2867,32401,12,1641.1576311791514,0.006403983348961765
2868,32404,3,1898.2288877360784,0.006447469059130493
2869,32404,6,1906.6745935004503,0.006447469059130493
2870,32404,9,1915.1202992648223,0.006447469059130493
2871,32404,12,1923.5660050291945,0.006447469059130493
2872,32405,3,1790.0360701436566,0.005769017866829258
2873,32405,6,1804.2133278475299,0.005769017866829258
2874,32405,9,1818.390585551403,0.005769017866829258
2875,32405,12,1832.567843255276,0.005769017866829258
2876,32407,3,1766.3846918712034,0.007403057626855357
2877,32407,6,1765.3754462499276,0.007403057626855357
2878,32407,9,1764.366200628652,0.007403057626855357
2879,32407,12,1763.3569550073762,0.007403057626855357
2880,32408,3,1944.8021427961537,0.00826098990313642
2881,32408,6,1951.2588956307861,0.00826098990313642
2882,32408,9,1957.7156484654183,0.00826098990313642
2883,32408,12,1964.1724013000508,0.00826098990313642
2884,32413,3,1685.2857515294056,0.009500042370989777
2885,32413,6,1679.9017810371442,0.009500042370989777
2886,32413,9,1674.517810544883,0.009500042370989777
2887,32413,12,1669.1338400526217,0.009500042370989777
2888,32439,3,1918.1690413261695,0.004987664418326625
2889,32439,6,1954.5540397203126,0.004987664418326625
2890,32439,9,1990.9390381144556,0.004987664418326625
2891,32439,12,2027.3240365085987,0.004987664418326625
2892,32444,3,2006.8549319402925,0.005698391305508316
2893,32444,6,2013.9304805665863,0.005698391305508316
2894,32444,9,2021.0060291928803,0.005698391305508316
2895,32444,12,2028.081577819174,0.005698391305508316
2896,32459,3,1922.4748478485458,0.016811477648233313
2897,32459,6,1909.1144576099737,0.016811477648233313
2898,32459,9,1895.7540673714018,0.016811477648233313
2899,32459,12,1882.39367713283,0.016811477648233313
2900,32501,3,1614.8510339280988,0.008786476481488061
2901,32501,6,1632.822529200213,0.008786476481488061
2902,32501,9,1650.7940244723272,0.008786476481488061
2903,32501,12,1668.7655197444415,0.008786476481488061
2904,32502,3,2061.2363270003443,0.007587164359566548
2905,32502,6,2096.839588150494,0.007587164359566548
2906,32502,9,2132.4428493006435,0.007587164359566548
2907,32502,12,2168.046110450793,0.007587164359566548
2908,32503,3,1577.613652745623,0.005990867377236829
2909,32503,6,1585.1211395364292,0.005990867377236829
2910,32503,9,1592.628626327235,0.005990867377236829
2911,32503,12,1600.136113118041,0.005990867377236829
2912,32504,3,1412.512048638236,0.006508500481090547
2913,32504,6,1423.9977396845918,0.006508500481090547
2914,32504,9,1435.4834307309475,0.006508500481090547
2915,32504,12,1446.9691217773034,0.006508500481090547
2916,32505,3,1306.1278446629472,0.007934295974676677
2917,32505,6,1308.6335755466073,0.007934295974676677
2918,32505,9,1311.1393064302672,0.007934295974676677
2919,32505,12,1313.645037313927,0.007934295974676677
2920,32506,3,1626.569976031257,0.006757628101869169
2921,32506,6,1643.1895429261251,0.006757628101869169
2922,32506,9,1659.809109820993,0.006757628101869169
2923,32506,12,1676.4286767158608,0.006757628101869169
2924,32507,3,1880.4290127294053,0.007519933027580444
2925,32507,6,1896.1540940245673,0.007519933027580444
2926,32507,9,1911.879175319729,0.007519933027580444
2927,32507,12,1927.6042566148908,0.007519933027580444
2928,32514,3,1479.968036939466,0.008513727312278766
2929,32514,6,1486.3702084055346,0.008513727312278766
2930,32514,9,1492.772379871603,0.008513727312278766
2931,32514,12,1499.1745513376716,0.008513727312278766
2932,32526,3,1831.2804840887538,0.004869679985029459
2933,32526,6,1835.1188736606478,0.004869679985029459
2934,32526,9,1838.9572632325414,0.004869679985029459
2935,32526,12,1842.7956528044351,0.004869679985029459
2936,32534,3,1630.0790934094211,0.006378613125738012
2937,32534,6,1639.5225216490303,0.006378613125738012
2938,32534,9,1648.9659498886394,0.006378613125738012
2939,32534,12,1658.4093781282488,0.006378613125738012
2940,32536,3,1757.3689843683196,0.007157463226831776
2941,32536,6,1762.0626148876977,0.007157463226831776
2942,32536,9,1766.756245407076,0.007157463226831776
2943,32536,12,1771.4498759264543,0.007157463226831776
2944,32539,3,1896.4081182959583,0.004955737450226236
2945,32539,6,1897.7487490655024,0.004955737450226236
2946,32539,9,1899.0893798350467,0.004955737450226236
2947,32539,12,1900.430010604591,0.004955737450226236
2948,32541,3,2160.0096357921793,0.012424768298669073
2949,32541,6,2119.540679694776,0.012424768298669073
2950,32541,9,2079.071723597372,0.012424768298669073
2951,32541,12,2038.6027674999684,0.012424768298669073
2952,32547,3,1797.7254373897576,0.006723923163271715
2953,32547,6,1806.7441267788433,0.006723923163271715
2954,32547,9,1815.762816167929,0.006723923163271715
2955,32547,12,1824.781505557015,0.006723923163271715
2956,32548,3,1811.5907022170834,0.00584739341211759
2957,32548,6,1816.1310960094606,0.00584739341211759
2958,32548,9,1820.6714898018377,0.00584739341211759
2959,32548,12,1825.211883594215,0.00584739341211759
2960,32563,3,1963.5576242847503,0.004722358352889444
2961,32563,6,1965.990092430992,0.004722358352889444
2962,32563,9,1968.4225605772338,0.004722358352889444
2963,32563,12,1970.8550287234755,0.004722358352889444
2964,32566,3,2207.0839856190323,0.006474028131235167
2965,32566,6,2218.9501307840865,0.006474028131235167
2966,32566,9,2230.8162759491406,0.006474028131235167
2967,32566,12,2242.6824211141948,0.006474028131235167
2968,32569,3,2041.9541567257334,0.006857099739124414
2969,32569,6,2047.8128364762304,0.006857099739124414
2970,32569,9,2053.671516226728,0.006857099739124414
2971,32569,12,2059.5301959772246,0.006857099739124414
2972,32570,3,1683.6640756166455,0.0046615915574945085
2973,32570,6,1691.0823109022213,0.0046615915574945085
2974,32570,9,1698.5005461877968,0.0046615915574945085
2975,32570,12,1705.9187814733725,0.0046615915574945085
2976,32571,3,1783.0115132773813,0.004868820591789203
2977,32571,6,1786.8694606755037,0.004868820591789203
2978,32571,9,1790.727408073626,0.004868820591789203
2979,32571,12,1794.5853554717485,0.004868820591789203
2980,32578,3,2130.8017996526764,0.012414783535637096
2981,32578,6,2157.2377985035173,0.012414783535637096
2982,32578,9,2183.673797354358,0.012414783535637096
2983,32578,12,2210.109796205199,0.012414783535637096
2984,32579,3,1945.3991126583971,0.008705156609670786
2985,32579,6,1963.5564554723742,0.008705156609670786
2986,32579,9,1981.7137982863512,0.008705156609670786
2987,32579,12,1999.8711411003285,0.008705156609670786
2988,32601,3,1530.1001317922792,0.008988875402204218
2989,32601,6,1545.53144246969,0.008988875402204218
2990,32601,9,1560.9627531471012,0.008988875402204218
2991,32601,12,1576.3940638245124,0.008988875402204218
2992,32605,3,1791.7182388424883,0.008467224178551008
2993,32605,6,1789.9344144112315,0.008467224178551008
2994,32605,9,1788.1505899799747,0.008467224178551008
2995,32605,12,1786.3667655487181,0.008467224178551008
2996,32606,3,1639.0643189026837,0.007232470728522886
2997,32606,6,1652.4484151770548,0.007232470728522886
2998,32606,9,1665.8325114514262,0.007232470728522886
2999,32606,12,1679.2166077257975,0.007232470728522886
3000,32607,3,1551.5459050270265,0.011144387351415926
3001,32607,6,1567.8155650913125,0.011144387351415926
3002,32607,9,1584.0852251555987,0.011144387351415926
3003,32607,12,1600.3548852198849,0.011144387351415926
3004,32608,3,1522.7192326692639,0.008843813622532668
3005,32608,6,1537.9237898644406,0.008843813622532668
3006,32608,9,1553.1283470596172,0.008843813622532668
3007,32608,12,1568.3329042547937,0.008843813622532668
3008,32609,3,1520.983267772142,0.0037340884637061247
3009,32609,6,1522.8223684100928,0.0037340884637061247
3010,32609,9,1524.661469048044,0.0037340884637061247
3011,32609,12,1526.500569685995,0.0037340884637061247
3012,32669,3,2044.8134254602019,0.0018618412082671574
3013,32669,6,2044.570025340173,0.0018618412082671574
3014,32669,9,2044.3266252201445,0.0018618412082671574
3015,32669,12,2044.083225100116,0.0018618412082671574
3016,32701,3,1586.8103212153972,0.008473747407427729
3017,32701,6,1587.762555366034,0.008473747407427729
3018,32701,9,1588.7147895166709,0.008473747407427729
3019,32701,12,1589.6670236673076,0.008473747407427729
3020,32703,3,2098.2075233019295,0.0077404055500340995
3021,32703,6,2135.2198291021277,0.0077404055500340995
3022,32703,9,2172.2321349023264,0.0077404055500340995
3023,32703,12,2209.244440702525,0.0077404055500340995
3024,32707,3,1951.2934297664347,0.007464178983594168
3025,32707,6,1958.1893683707417,0.007464178983594168
3026,32707,9,1965.0853069750488,0.007464178983594168
3027,32707,12,1971.9812455793558,0.007464178983594168
3028,32708,3,1985.354837602725,0.0073723402339056785
3029,32708,6,1988.0764736937792,0.0073723402339056785
3030,32708,9,1990.7981097848337,0.0073723402339056785
3031,32708,12,1993.519745875888,0.0073723402339056785
3032,32712,3,2398.2839812532493,0.006343468527589101
3033,32712,6,2410.4719187868395,0.006343468527589101
3034,32712,9,2422.65985632043,0.006343468527589101
3035,32712,12,2434.8477938540204,0.006343468527589101
3036,32713,3,2213.282760683961,0.004380459202009018
3037,32713,6,2248.2910845513534,0.004380459202009018
3038,32713,9,2283.2994084187453,0.004380459202009018
3039,32713,12,2318.3077322861373,0.004380459202009018
3040,32714,3,1638.1978129663,0.007981532133078718
3041,32714,6,1656.1280705082122,0.007981532133078718
3042,32714,9,1674.0583280501241,0.007981532133078718
3043,32714,12,1691.988585592036,0.007981532133078718
3044,32720,3,1753.5782408416842,0.008319759506907203
3045,32720,6,1768.4825521217538,0.008319759506907203
3046,32720,9,1783.3868634018231,0.008319759506907203
3047,32720,12,1798.2911746818925,0.008319759506907203
3048,32724,3,1859.0843530568995,0.004873205825821302
3049,32724,6,1872.4347933619847,0.004873205825821302
3050,32724,9,1885.7852336670696,0.004873205825821302
3051,32724,12,1899.1356739721548,0.004873205825821302
3052,32725,3,1928.803692926957,0.008001417141500546
3053,32725,6,1938.9291121134295,0.008001417141500546
3054,32725,9,1949.054531299902,0.008001417141500546
3055,32725,12,1959.1799504863745,0.008001417141500546
3056,32726,3,1783.2519531154865,0.005746235643617773
3057,32726,6,1794.2366656318031,0.005746235643617773
3058,32726,9,1805.2213781481198,0.005746235643617773
3059,32726,12,1816.2060906644363,0.005746235643617773
3060,32738,3,1916.0286777676477,0.008310467205889412
3061,32738,6,1926.4865892621826,0.008310467205889412
3062,32738,9,1936.9445007567178,0.008310467205889412
3063,32738,12,1947.4024122512528,0.008310467205889412
3064,32746,3,1972.5272717614748,0.007300524470776522
3065,32746,6,1971.661009745826,0.007300524470776522
3066,32746,9,1970.7947477301775,0.007300524470776522
3067,32746,12,1969.9284857145287,0.007300524470776522
3068,32750,3,1881.313063515231,0.008946186356267954
3069,32750,6,1891.762051720801,0.008946186356267954
3070,32750,9,1902.2110399263709,0.008946186356267954
3071,32750,12,1912.6600281319409,0.008946186356267954
3072,32751,3,2139.9491581907064,0.010739681535807464
3073,32751,6,2190.2753392514514,0.010739681535807464
3074,32751,9,2240.601520312196,0.010739681535807464
3075,32751,12,2290.9277013729406,0.010739681535807464
3076,32757,3,2145.8911684340605,0.006358537201643776
3077,32757,6,2171.222776533231,0.006358537201643776
3078,32757,9,2196.5543846324013,0.006358537201643776
3079,32757,12,2221.8859927315716,0.006358537201643776
3080,32763,3,1687.2672445990743,0.004361555821651157
3081,32763,6,1689.1076179347388,0.004361555821651157
3082,32763,9,1690.947991270403,0.004361555821651157
3083,32763,12,1692.7883646060675,0.004361555821651157
3084,32765,3,2128.4372807713,0.007460861610822474
3085,32765,6,2142.6805679136837,0.007460861610822474
3086,32765,9,2156.923855056068,0.007460861610822474
3087,32765,12,2171.167142198452,0.007460861610822474
3088,32771,3,1809.0525834446578,0.007020741947031393
3089,32771,6,1809.6934916476227,0.007020741947031393
3090,32771,9,1810.334399850588,0.007020741947031393
3091,32771,12,1810.975308053553,0.007020741947031393
3092,32773,3,1820.4585132047073,0.00635887302718126
3093,32773,6,1835.0077291084451,0.00635887302718126
3094,32773,9,1849.5569450121827,0.00635887302718126
3095,32773,12,1864.1061609159206,0.00635887302718126
3096,32778,3,1875.6618447442127,0.0064645062398927195
3097,32778,6,1899.6313892116998,0.0064645062398927195
3098,32778,9,1923.600933679187,0.0064645062398927195
3099,32778,12,1947.570478146674,0.0064645062398927195
3100,32779,3,1971.5224589192599,0.006568269792027392
3101,32779,6,1976.8629739244593,0.006568269792027392
3102,32779,9,1982.203488929659,0.006568269792027392
3103,32779,12,1987.5440039348584,0.006568269792027392
3104,32780,3,1659.697415070872,0.008626859701439279
3105,32780,6,1666.2763036638146,0.008626859701439279
3106,32780,9,1672.855192256757,0.008626859701439279
3107,32780,12,1679.4340808496995,0.008626859701439279
3108,32789,3,2201.2616458231855,0.01001665917641802
3109,32789,6,2222.614984756714,0.01001665917641802
3110,32789,9,2243.9683236902424,0.01001665917641802
3111,32789,12,2265.321662623771,0.01001665917641802
3112,32792,3,1781.9512838484611,0.007360950294149891
3113,32792,6,1783.012278099082,0.007360950294149891
3114,32792,9,1784.0732723497033,0.007360950294149891
3115,32792,12,1785.1342666003243,0.007360950294149891
3116,32796,3,1764.922195183311,0.006090579949378377
3117,32796,6,1767.6068037815612,0.006090579949378377
3118,32796,9,1770.2914123798112,0.006090579949378377
3119,32796,12,1772.9760209780613,0.006090579949378377
3120,32801,3,1916.433050806762,0.007847755835566305
3121,32801,6,1936.3064280345232,0.007847755835566305
3122,32801,9,1956.1798052622844,0.007847755835566305
3123,32801,12,1976.0531824900459,0.007847755835566305
3124,32803,3,1996.8674231501964,0.009223336990580866
3125,32803,6,2011.9031951270003,0.009223336990580866
3126,32803,9,2026.9389671038043,0.009223336990580866
3127,32803,12,2041.9747390806083,0.009223336990580866
3128,32804,3,2043.436682831423,0.010214205377405028
3129,32804,6,2059.929076299186,0.010214205377405028
3130,32804,9,2076.421469766949,0.010214205377405028
3131,32804,12,2092.913863234712,0.010214205377405028
3132,32805,3,1511.0425210023473,0.009435325260601986
3133,32805,6,1532.4575345029875,0.009435325260601986
3134,32805,9,1553.8725480036276,0.009435325260601986
3135,32805,12,1575.2875615042678,0.009435325260601986
3136,32806,3,1794.6117465539148,0.008696119503614534
3137,32806,6,1807.746109737919,0.008696119503614534
3138,32806,9,1820.8804729219228,0.008696119503614534
3139,32806,12,1834.0148361059269,0.008696119503614534
3140,32807,3,1710.014394341581,0.006850780866201125
3141,32807,6,1722.6397068916663,0.006850780866201125
3142,32807,9,1735.2650194417517,0.006850780866201125
3143,32807,12,1747.8903319918372,0.006850780866201125
3144,32808,3,1876.5930592185678,0.004607742523972999
3145,32808,6,1898.7310017686168,0.004607742523972999
3146,32808,9,1920.8689443186659,0.004607742523972999
3147,32808,12,1943.006886868715,0.004607742523972999
3148,32809,3,1773.9390513627686,0.004801236740250945
3149,32809,6,1796.7616822580449,0.004801236740250945
3150,32809,9,1819.584313153321,0.004801236740250945
3151,32809,12,1842.4069440485973,0.004801236740250945
3152,32810,3,1830.5527525466346,0.00939941334516381
3153,32810,6,1859.8772270550273,0.00939941334516381
3154,32810,9,1889.2017015634199,0.00939941334516381
3155,32810,12,1918.5261760718126,0.00939941334516381
3156,32811,3,1637.122374264983,0.0054444142424701115
3157,32811,6,1648.1215069135462,0.0054444142424701115
3158,32811,9,1659.1206395621098,0.0054444142424701115
3159,32811,12,1670.1197722106733,0.0054444142424701115
3160,32812,3,1757.4022586527597,0.005079525664308854
3161,32812,6,1773.2367920025004,0.005079525664308854
3162,32812,9,1789.0713253522408,0.005079525664308854
3163,32812,12,1804.9058587019815,0.005079525664308854
3164,32814,3,2323.1553596354893,0.011324989969334487
3165,32814,6,2347.190885315886,0.011324989969334487
3166,32814,9,2371.2264109962834,0.011324989969334487
3167,32814,12,2395.2619366766803,0.011324989969334487
3168,32817,3,2228.3873453277197,0.008731428317914907
3169,32817,6,2238.0678672231,0.008731428317914907
3170,32817,9,2247.74838911848,0.008731428317914907
3171,32817,12,2257.4289110138607,0.008731428317914907
3172,32818,3,1890.0206805006403,0.006033168149071259
3173,32818,6,1901.7228070495605,0.006033168149071259
3174,32818,9,1913.424933598481,0.006033168149071259
3175,32818,12,1925.1270601474014,0.006033168149071259
3176,32819,3,2179.372896134962,0.010890897217553194
3177,32819,6,2165.944173066451,0.010890897217553194
3178,32819,9,2152.51544999794,0.010890897217553194
3179,32819,12,2139.086726929429,0.010890897217553194
3180,32821,3,1942.0410226185056,0.01238650144185961
3181,32821,6,1940.1836454106258,0.01238650144185961
3182,32821,9,1938.3262682027457,0.01238650144185961
3183,32821,12,1936.468890994866,0.01238650144185961
3184,32822,3,1767.0465614821687,0.00819993255341978
3185,32822,6,1766.2082775473816,0.00819993255341978
3186,32822,9,1765.3699936125947,0.00819993255341978
3187,32822,12,1764.5317096778078,0.00819993255341978
3188,32824,3,2337.529057209193,0.006617147209599064
3189,32824,6,2343.9752369699304,0.006617147209599064
3190,32824,9,2350.4214167306673,0.006617147209599064
3191,32824,12,2356.867596491404,0.006617147209599064
3192,32825,3,1932.4543712198415,0.008102060132833691
3193,32825,6,1938.229726679007,0.008102060132833691
3194,32825,9,1944.0050821381724,0.008102060132833691
3195,32825,12,1949.7804375973378,0.008102060132833691
3196,32826,3,1985.3279245494014,0.007542330416710289
3197,32826,6,2007.4212025862018,0.007542330416710289
3198,32826,9,2029.514480623002,0.007542330416710289
3199,32826,12,2051.6077586598026,0.007542330416710289
3200,32827,3,2683.1922467296395,0.010383716816763615
3201,32827,6,2706.321100393057,0.010383716816763615
3202,32827,9,2729.4499540564743,0.010383716816763615
3203,32827,12,2752.5788077198918,0.010383716816763615
3204,32828,3,2251.5850982305324,0.007383473882779344
3205,32828,6,2244.3219838774635,0.007383473882779344
3206,32828,9,2237.058869524394,0.007383473882779344
3207,32828,12,2229.795755171325,0.007383473882779344
3208,32829,3,2091.9576745292497,0.010136379849737628
3209,32829,6,2094.647999304646,0.010136379849737628
3210,32829,9,2097.338324080042,0.010136379849737628
3211,32829,12,2100.0286488554384,0.010136379849737628
3212,32832,3,2251.316573307561,0.008918955192650044
3213,32832,6,2270.023678900777,0.008918955192650044
3214,32832,9,2288.730784493993,0.008918955192650044
3215,32832,12,2307.437890087209,0.008918955192650044
3216,32835,3,1823.2191680179285,0.008678361508764915
3217,32835,6,1830.6113127922558,0.008678361508764915
3218,32835,9,1838.0034575665832,0.008678361508764915
3219,32835,12,1845.3956023409105,0.008678361508764915
3220,32836,3,2275.761552129895,0.004439318244240066
3221,32836,6,2271.5093156421804,0.004439318244240066
3222,32836,9,2267.257079154466,0.004439318244240066
3223,32836,12,2263.0048426667513,0.004439318244240066
3224,32837,3,2037.9730478407018,0.008568789286491721
3225,32837,6,2052.7179883413855,0.008568789286491721
3226,32837,9,2067.4629288420697,0.008568789286491721
3227,32837,12,2082.2078693427534,0.008568789286491721
3228,32839,3,1599.7795665768476,0.009649878934516895
3229,32839,6,1603.3489085063966,0.009649878934516895
3230,32839,9,1606.9182504359453,0.009649878934516895
3231,32839,12,1610.4875923654943,0.009649878934516895
3232,32901,3,1761.1672495204316,0.010345961281988572
3233,32901,6,1775.3132605889273,0.010345961281988572
3234,32901,9,1789.4592716574232,0.010345961281988572
3235,32901,12,1803.6052827259189,0.010345961281988572
3236,32903,3,2318.1628223529415,0.008492238738859794
3237,32903,6,2325.6474215398025,0.008492238738859794
3238,32903,9,2333.132020726664,0.008492238738859794
3239,32903,12,2340.616619913525,0.008492238738859794
3240,32904,3,2104.0024284097058,0.008675680987387992
3241,32904,6,2134.3383532743674,0.008675680987387992
3242,32904,9,2164.674278139029,0.008675680987387992
3243,32904,12,2195.010203003691,0.008675680987387992
3244,32905,3,1673.1471886029447,0.007634537243658917
3245,32905,6,1682.8796934132433,0.007634537243658917
3246,32905,9,1692.6121982235418,0.007634537243658917
3247,32905,12,1702.3447030338402,0.007634537243658917
3248,32907,3,1999.7569124975487,0.008356000121682944
3249,32907,6,2020.1309619167664,0.008356000121682944
3250,32907,9,2040.5050113359841,0.008356000121682944
3251,32907,12,2060.879060755202,0.008356000121682944
3252,32908,3,2045.3378464543432,0.0022897339970870904
3253,32908,6,2051.0714567305467,0.0022897339970870904
3254,32908,9,2056.80506700675,0.0022897339970870904
3255,32908,12,2062.5386772829534,0.0022897339970870904
3256,32909,3,1998.5298853155748,0.008866911716964108
3257,32909,6,2014.857834840713,0.008866911716964108
3258,32909,9,2031.1857843658513,0.008866911716964108
3259,32909,12,2047.5137338909897,0.008866911716964108
3260,32920,3,1847.0608875705339,0.00809597930917129
3261,32920,6,1859.4578268147748,0.00809597930917129
3262,32920,9,1871.854766059016,0.00809597930917129
3263,32920,12,1884.2517053032568,0.00809597930917129
3264,32922,3,1409.175986163102,0.008959211982042643
3265,32922,6,1411.4513116475766,0.008959211982042643
3266,32922,9,1413.726637132051,0.008959211982042643
3267,32922,12,1416.0019626165256,0.008959211982042643
3268,32927,3,2130.746353255099,0.00569718120900102
3269,32927,6,2115.8453483745034,0.00569718120900102
3270,32927,9,2100.9443434939076,0.00569718120900102
3271,32927,12,2086.0433386133122,0.00569718120900102
3272,32931,3,2665.7828021213013,0.009569911272059736
3273,32931,6,2686.69971671938,0.009569911272059736
3274,32931,9,2707.616631317458,0.009569911272059736
3275,32931,12,2728.5335459155367,0.009569911272059736
3276,32934,3,1979.1241181936261,0.006078438358492953
3277,32934,6,1979.9415913908426,0.006078438358492953
3278,32934,9,1980.7590645880593,0.006078438358492953
3279,32934,12,1981.5765377852758,0.006078438358492953
3280,32935,3,1703.4861842501841,0.007850442383188426
3281,32935,6,1722.1773577056792,0.007850442383188426
3282,32935,9,1740.8685311611744,0.007850442383188426
3283,32935,12,1759.5597046166695,0.007850442383188426
3284,32937,3,2559.358745621252,0.00508123808620861
3285,32937,6,2586.870754788743,0.00508123808620861
3286,32937,9,2614.3827639562332,0.00508123808620861
3287,32937,12,2641.894773123724,0.00508123808620861
3288,32940,3,2155.889278978964,0.007134610113273013
3289,32940,6,2176.925926512003,0.007134610113273013
3290,32940,9,2197.962574045042,0.007134610113273013
3291,32940,12,2218.9992215780812,0.007134610113273013
3292,32951,3,2821.119443817685,0.0006136280338097037
3293,32951,6,2821.095734251405,0.0006136280338097037
3294,32951,9,2821.0720246851242,0.0006136280338097037
3295,32951,12,2821.048315118844,0.0006136280338097037
3296,32953,3,1999.6741724494393,0.00865032698828059
3297,32953,6,2017.9800892543153,0.00865032698828059
3298,32953,9,2036.286006059191,0.00865032698828059
3299,32953,12,2054.591922864067,0.00865032698828059
3300,32955,3,1939.7382850443894,0.007728900473918313
3301,32955,6,1958.6630046628204,0.007728900473918313
3302,32955,9,1977.5877242812514,0.007728900473918313
3303,32955,12,1996.5124438996827,0.007728900473918313
3304,32958,3,2196.3808649995613,0.003248388822987799
3305,32958,6,2197.772430573547,0.003248388822987799
3306,32958,9,2199.163996147532,0.003248388822987799
3307,32958,12,2200.5555617215177,0.003248388822987799
3308,32960,3,1878.2329015254993,0.00955705597531571
3309,32960,6,1884.4100749932363,0.00955705597531571
3310,32960,9,1890.5872484609733,0.00955705597531571
3311,32960,12,1896.7644219287101,0.00955705597531571
3312,32962,3,2149.9672234704353,0.003741462769614611
3313,32962,6,2150.6923987312016,0.003741462769614611
3314,32962,9,2151.4175739919683,0.003741462769614611
3315,32962,12,2152.1427492527346,0.003741462769614611
3316,32963,3,5051.602123942277,0.015244213394609987
3317,32963,6,5071.6310697793915,0.015244213394609987
3318,32963,9,5091.660015616505,0.015244213394609987
3319,32963,12,5111.688961453619,0.015244213394609987
3320,32966,3,2173.775721459984,0.0
3321,32966,6,2173.775721459984,0.0
3322,32966,9,2173.775721459984,0.0
3323,32966,12,2173.775721459984,0.0
3324,32967,3,2301.6794717463576,0.0065648611280257905
3325,32967,6,2314.619095578498,0.0065648611280257905
3326,32967,9,2327.5587194106392,0.0065648611280257905
3327,32967,12,2340.4983432427803,0.0065648611280257905
3328,33004,3,2305.3724754597743,0.006083016973400034
3329,33004,6,2321.1121936746326,0.006083016973400034
3330,33004,9,2336.851911889491,0.006083016973400034
3331,33004,12,2352.591630104349,0.006083016973400034
3332,33009,3,2445.7182619798846,0.010553097472871469
3333,33009,6,2442.4374453980763,0.010553097472871469
3334,33009,9,2439.1566288162676,0.010553097472871469
3335,33009,12,2435.8758122344593,0.010553097472871469
3336,33010,3,2357.1756497342185,0.006424568150245054
3337,33010,6,2358.564452706491,0.006424568150245054
3338,33010,9,2359.953255678764,0.006424568150245054
3339,33010,12,2361.3420586510365,0.006424568150245054
3340,33012,3,2276.1041775945437,0.007990075090977697
3341,33012,6,2290.8312075371946,0.007990075090977697
3342,33012,9,2305.558237479845,0.007990075090977697
3343,33012,12,2320.285267422496,0.007990075090977697
3344,33014,3,2412.8636608558627,0.009090001445323284
3345,33014,6,2427.9057621878587,0.009090001445323284
3346,33014,9,2442.947863519855,0.009090001445323284
3347,33014,12,2457.9899648518513,0.009090001445323284
3348,33015,3,2333.4673959938495,0.008358039616359801
3349,33015,6,2327.910982798317,0.008358039616359801
3350,33015,9,2322.3545696027845,0.008358039616359801
3351,33015,12,2316.798156407252,0.008358039616359801
3352,33016,3,2514.3446019020785,0.009709610281432772
3353,33016,6,2505.802590122093,0.009709610281432772
3354,33016,9,2497.2605783421077,0.009709610281432772
3355,33016,12,2488.718566562122,0.009709610281432772
3356,33018,3,3103.334369327502,0.006452390207728656
3357,33018,6,3167.9267124862217,0.006452390207728656
3358,33018,9,3232.519055644942,0.006452390207728656
3359,33018,12,3297.1113988036623,0.006452390207728656
3360,33019,3,3064.1875692786107,0.006767540165410016
3361,33019,6,3072.42034210146,0.006767540165410016
3362,33019,9,3080.653114924309,0.006767540165410016
3363,33019,12,3088.885887747158,0.006767540165410016
3364,33020,3,2079.1190374533576,0.00791561745966169
3365,33020,6,2082.404664202616,0.00791561745966169
3366,33020,9,2085.690290951875,0.00791561745966169
3367,33020,12,2088.9759177011338,0.00791561745966169
3368,33021,3,2354.3923648143655,0.00932269382936804
3369,33021,6,2389.4492789953642,0.00932269382936804
3370,33021,9,2424.5061931763635,0.00932269382936804
3371,33021,12,2459.5631073573622,0.00932269382936804
3372,33023,3,2531.800381487012,0.01136198917050103
3373,33023,6,2565.8973248920674,0.01136198917050103
3374,33023,9,2599.9942682971223,0.01136198917050103
3375,33023,12,2634.091211702177,0.01136198917050103
3376,33024,3,2601.9813770842925,0.008646994214613415
3377,33024,6,2612.6512682562416,0.008646994214613415
3378,33024,9,2623.32115942819,0.008646994214613415
3379,33024,12,2633.9910506001393,0.008646994214613415
3380,33025,3,2479.5967024878637,0.007778794350676501
3381,33025,6,2516.8029768733545,0.007778794350676501
3382,33025,9,2554.009251258845,0.007778794350676501
3383,33025,12,2591.2155256443357,0.007778794350676501
3384,33026,3,2859.5694101516638,0.006574564552747834
3385,33026,6,2893.7859608794465,0.006574564552747834
3386,33026,9,2928.002511607229,0.006574564552747834
3387,33026,12,2962.2190623350116,0.006574564552747834
3388,33027,3,2909.442301263557,0.007316695597327189
3389,33027,6,2940.2700081871317,0.007316695597327189
3390,33027,9,2971.0977151107063,0.007316695597327189
3391,33027,12,3001.925422034281,0.007316695597327189
3392,33028,3,3210.0204005154387,0.007883494106084373
3393,33028,6,3188.7656727730564,0.007883494106084373
3394,33028,9,3167.5109450306736,0.007883494106084373
3395,33028,12,3146.2562172882913,0.007883494106084373
3396,33029,3,4174.369910700037,0.008517665329064745
3397,33029,6,4185.741367676046,0.008517665329064745
3398,33029,9,4197.112824652056,0.008517665329064745
3399,33029,12,4208.484281628065,0.008517665329064745
3400,33032,3,2927.7211339310784,0.015019940249900755
3401,33032,6,2996.3736063457745,0.015019940249900755
3402,33032,9,3065.02607876047,0.015019940249900755
3403,33032,12,3133.678551175166,0.015019940249900755
3404,33033,3,2583.0553216212224,0.008296030710658306
3405,33033,6,2611.3762535683695,0.008296030710658306
3406,33033,9,2639.697185515517,0.008296030710658306
3407,33033,12,2668.0181174626646,0.008296030710658306
3408,33034,3,2774.4206494992327,0.005473465677417364
3409,33034,6,2799.2274739512936,0.005473465677417364
3410,33034,9,2824.034298403355,0.005473465677417364
3411,33034,12,2848.841122855416,0.005473465677417364
3412,33035,3,2350.1451387824122,0.008449670340848486
3413,33035,6,2333.8159016267873,0.008449670340848486
3414,33035,9,2317.486664471162,0.008449670340848486
3415,33035,12,2301.157427315537,0.008449670340848486
3416,33037,3,3358.6062421834586,0.003492272169270671
3417,33037,6,3358.2118593287664,0.003492272169270671
3418,33037,9,3357.8174764740747,0.003492272169270671
3419,33037,12,3357.4230936193826,0.003492272169270671
3420,33040,3,3436.142851735712,0.005999798842937743
3421,33040,6,3434.7457634519437,0.005999798842937743
3422,33040,9,3433.3486751681758,0.005999798842937743
3423,33040,12,3431.951586884408,0.005999798842937743
3424,33054,3,2092.266123528101,0.007147013617284801
3425,33054,6,2096.2766151603482,0.007147013617284801
3426,33054,9,2100.287106792595,0.007147013617284801
3427,33054,12,2104.2975984248415,0.007147013617284801
3428,33055,3,2684.7919096570927,0.009372290872641251
3429,33055,6,2687.7461246603166,0.009372290872641251
3430,33055,9,2690.7003396635405,0.009372290872641251
3431,33055,12,2693.654554666765,0.009372290872641251
3432,33056,3,2571.824517700281,0.0021160121423257185
3433,33056,6,2505.7456168460826,0.0021160121423257185
3434,33056,9,2439.6667159918843,0.0021160121423257185
3435,33056,12,2373.5878151376855,0.0021160121423257185
3436,33060,3,2230.743533471408,0.005237150515009236
3437,33060,6,2247.3411810099033,0.005237150515009236
3438,33060,9,2263.938828548398,0.005237150515009236
3439,33060,12,2280.536476086893,0.005237150515009236
3440,33062,3,3024.9890120726905,0.012305812302607145
3441,33062,6,3056.025839670552,0.012305812302607145
3442,33062,9,3087.062667268414,0.012305812302607145
3443,33062,12,3118.0994948662756,0.012305812302607145
3444,33063,3,2166.935054501748,0.008130865817664075
3445,33063,6,2169.1254882026874,0.008130865817664075
3446,33063,9,2171.315921903627,0.008130865817664075
3447,33063,12,2173.5063556045666,0.008130865817664075
3448,33064,3,2440.4458937364407,0.00894035469996318
3449,33064,6,2465.5852837461216,0.00894035469996318
3450,33064,9,2490.7246737558025,0.00894035469996318
3451,33064,12,2515.8640637654835,0.00894035469996318
3452,33065,3,2430.6754605834344,0.008520511781834876
3453,33065,6,2455.764416825427,0.008520511781834876
3454,33065,9,2480.8533730674194,0.008520511781834876
3455,33065,12,2505.942329309412,0.008520511781834876
3456,33067,3,2414.5921120438306,0.005529668521275363
3457,33067,6,2419.9096626899427,0.005529668521275363
3458,33067,9,2425.2272133360543,0.005529668521275363
3459,33067,12,2430.5447639821664,0.005529668521275363
3460,33068,3,2263.249536952779,0.009522063147270762
3461,33068,6,2281.8544685913516,0.009522063147270762
3462,33068,9,2300.4594002299236,0.009522063147270762
3463,33068,12,2319.0643318684956,0.009522063147270762
3464,33069,3,2147.988330658803,0.00773713795769009
3465,33069,6,2148.841280129479,0.00773713795769009
3466,33069,9,2149.6942296001553,0.00773713795769009
3467,33069,12,2150.5471790708316,0.00773713795769009
3468,33071,3,2165.2392039537767,0.00921608309400882
3469,33071,6,2154.7642745335297,0.00921608309400882
3470,33071,9,2144.2893451132823,0.00921608309400882
3471,33071,12,2133.8144156930352,0.00921608309400882
3472,33073,3,2507.3473935450825,0.008991462566421424
3473,33073,6,2518.9964915880882,0.008991462566421424
3474,33073,9,2530.6455896310945,0.008991462566421424
3475,33073,12,2542.2946876741003,0.008991462566421424
3476,33076,3,4511.377237406026,0.00450359839752676
3477,33076,6,4543.160397364105,0.00450359839752676
3478,33076,9,4574.943557322184,0.00450359839752676
3479,33076,12,4606.726717280262,0.00450359839752676
3480,33122,3,2741.249985861298,0.004514847118548779
3481,33122,6,2742.6414459970697,0.004514847118548779
3482,33122,9,2744.032906132842,0.004514847118548779
3483,33122,12,2745.4243662686144,0.004514847118548779
3484,33125,3,2534.769447681055,0.011567854171008534
3485,33125,6,2539.6415323797664,0.011567854171008534
3486,33125,9,2544.513617078478,0.011567854171008534
3487,33125,12,2549.3857017771893,0.011567854171008534
3488,33126,3,2512.588078808044,0.01047673200587957
3489,33126,6,2524.494288019197,0.01047673200587957
3490,33126,9,2536.4004972303496,0.01047673200587957
3491,33126,12,2548.3067064415027,0.01047673200587957
3492,33127,3,2825.0374331024627,0.009698913942417021
3493,33127,6,2872.825415854479,0.009698913942417021
3494,33127,9,2920.613398606495,0.009698913942417021
3495,33127,12,2968.401381358511,0.009698913942417021
3496,33128,3,2832.1990863870637,0.007186791131128876
3497,33128,6,2835.4156834293503,0.007186791131128876
3498,33128,9,2838.6322804716365,0.007186791131128876
3499,33128,12,2841.8488775139226,0.007186791131128876
3500,33129,3,3621.305718758184,0.007946371352547598
3501,33129,6,3641.050844915438,0.007946371352547598
3502,33129,9,3660.7959710726927,0.007946371352547598
3503,33129,12,3680.5410972299474,0.007946371352547598
3504,33130,3,3316.2320415520153,0.010504676497462
3505,33130,6,3332.7330630639913,0.010504676497462
3506,33130,9,3349.2340845759672,0.010504676497462
3507,33130,12,3365.735106087943,0.010504676497462
3508,33131,3,3743.164647301736,0.011001977731474826
3509,33131,6,3763.2590352321445,0.011001977731474826
3510,33131,9,3783.353423162553,0.011001977731474826
3511,33131,12,3803.4478110929617,0.011001977731474826
3512,33132,3,3341.0317978769303,0.01026366974670121
3513,33132,6,3350.5421321002655,0.01026366974670121
3514,33132,9,3360.052466323601,0.01026366974670121
3515,33132,12,3369.5628005469366,0.01026366974670121
3516,33133,3,3245.360953322722,0.010500924445949049
3517,33133,6,3262.1767038205858,0.010500924445949049
3518,33133,9,3278.9924543184493,0.010500924445949049
3519,33133,12,3295.8082048163133,0.010500924445949049
3520,33134,3,3070.495120114544,0.009753870610838714
3521,33134,6,3118.8862825675164,0.009753870610838714
3522,33134,9,3167.2774450204893,0.009753870610838714
3523,33134,12,3215.6686074734616,0.009753870610838714
3524,33135,3,2201.4510150266233,0.006905177756290716
3525,33135,6,2242.6667546732324,0.006905177756290716
3526,33135,9,2283.882494319841,0.006905177756290716
3527,33135,12,2325.09823396645,0.006905177756290716
3528,33136,3,2597.399884241289,0.004651436672422311
3529,33136,6,2609.7404134164117,0.004651436672422311
3530,33136,9,2622.080942591535,0.004651436672422311
3531,33136,12,2634.4214717666578,0.004651436672422311
3532,33137,3,3505.959737543612,0.010097672589708003
3533,33137,6,3518.881658448106,0.010097672589708003
3534,33137,9,3531.8035793526005,0.010097672589708003
3535,33137,12,3544.7255002570946,0.010097672589708003
3536,33138,3,2503.607957211959,0.011097762765792824
3537,33138,6,2536.388747901969,0.011097762765792824
3538,33138,9,2569.169538591979,0.011097762765792824
3539,33138,12,2601.9503292819886,0.011097762765792824
3540,33139,3,2637.4987784708924,0.00992615829234592
3541,33139,6,2633.4076584768736,0.00992615829234592
3542,33139,9,2629.316538482855,0.00992615829234592
3543,33139,12,2625.225418488836,0.00992615829234592
3544,33140,3,3506.0382023988213,0.013016834470844747
3545,33140,6,3485.510433195907,0.013016834470844747
3546,33140,9,3464.9826639929925,0.013016834470844747
3547,33140,12,3444.4548947900776,0.013016834470844747
3548,33141,3,2467.22541030107,0.009785352972347136
3549,33141,6,2500.5571388702992,0.009785352972347136
3550,33141,9,2533.8888674395284,0.009785352972347136
3551,33141,12,2567.2205960087576,0.009785352972347136
3552,33142,3,2538.940906609668,0.004349112223044679
3553,33142,6,2560.9622660334385,0.004349112223044679
3554,33142,9,2582.9836254572087,0.004349112223044679
3555,33142,12,2605.0049848809786,0.004349112223044679
3556,33143,3,2770.185492101199,0.009501155972967829
3557,33143,6,2811.9818797874864,0.009501155972967829
3558,33143,9,2853.778267473774,0.009501155972967829
3559,33143,12,2895.5746551600614,0.009501155972967829
3560,33144,3,2521.220494528106,0.007725012830416883
3561,33144,6,2527.460754042479,0.007725012830416883
3562,33144,9,2533.7010135568526,0.007725012830416883
3563,33144,12,2539.9412730712256,0.007725012830416883
3564,33145,3,2849.5426781102633,0.013897277386289817
3565,33145,6,2887.02681528231,0.013897277386289817
3566,33145,9,2924.5109524543573,0.013897277386289817
3567,33145,12,2961.995089626404,0.013897277386289817
3568,33146,3,3412.6140094359926,0.012109499867478425
3569,33146,6,3438.655922951097,0.012109499867478425
3570,33146,9,3464.6978364662014,0.012109499867478425
3571,33146,12,3490.739749981306,0.012109499867478425
3572,33147,3,2661.293407863885,0.007313359041875377
3573,33147,6,2701.724594580971,0.007313359041875377
3574,33147,9,2742.155781298057,0.007313359041875377
3575,33147,12,2782.5869680151427,0.007313359041875377
3576,33149,3,7331.322281600515,0.013285299078424967
3577,33149,6,7380.6066590387045,0.013285299078424967
3578,33149,9,7429.8910364768935,0.013285299078424967
3579,33149,12,7479.175413915083,0.013285299078424967
3580,33150,3,2149.6440368755843,0.008692457070210848
3581,33150,6,2175.180603753407,0.008692457070210848
3582,33150,9,2200.7171706312292,0.008692457070210848
3583,33150,12,2226.2537375090515,0.008692457070210848
3584,33154,3,4004.120679190426,0.007797620424582093
3585,33154,6,4051.0858265141496,0.007797620424582093
3586,33154,9,4098.050973837872,0.007797620424582093
3587,33154,12,4145.016121161596,0.007797620424582093
3588,33155,3,2700.785269784785,0.0068510263514132055
3589,33155,6,2712.153425655049,0.0068510263514132055
3590,33155,9,2723.5215815253123,0.0068510263514132055
3591,33155,12,2734.889737395576,0.0068510263514132055
3592,33156,3,2851.442552782812,0.01037876684668253
3593,33156,6,2897.1094791857654,0.01037876684668253
3594,33156,9,2942.7764055887187,0.01037876684668253
3595,33156,12,2988.4433319916725,0.01037876684668253
3596,33157,3,2627.9778561308744,0.010993605575120502
3597,33157,6,2636.2673490525754,0.010993605575120502
3598,33157,9,2644.5568419742767,0.010993605575120502
3599,33157,12,2652.8463348959776,0.010993605575120502
3600,33160,3,3261.096400158804,0.010829756290232301
3601,33160,6,3254.400214019679,0.010829756290232301
3602,33160,9,3247.704027880554,0.010829756290232301
3603,33160,12,3241.0078417414293,0.010829756290232301
3604,33161,3,2168.0559400960074,0.007487593193034594
3605,33161,6,2194.8906113461403,0.007487593193034594
3606,33161,9,2221.7252825962732,0.007487593193034594
3607,33161,12,2248.559953846406,0.007487593193034594
3608,33162,3,2136.9209023355697,0.012096290938222487
3609,33162,6,2138.4790712157833,0.012096290938222487
3610,33162,9,2140.0372400959964,0.012096290938222487
3611,33162,12,2141.59540897621,0.012096290938222487
3612,33165,3,2426.1576530864654,0.006823838546185802
3613,33165,6,2432.8474145037585,0.006823838546185802
3614,33165,9,2439.5371759210516,0.006823838546185802
3615,33165,12,2446.2269373383447,0.006823838546185802
3616,33166,3,2880.865390818174,0.006705091044489319
3617,33166,6,2902.2775899623566,0.006705091044489319
3618,33166,9,2923.689789106539,0.006705091044489319
3619,33166,12,2945.101988250721,0.006705091044489319
3620,33169,3,2259.2929967824034,0.007196859693363727
3621,33169,6,2265.019908562173,0.007196859693363727
3622,33169,9,2270.7468203419426,0.007196859693363727
3623,33169,12,2276.473732121712,0.007196859693363727
3624,33172,3,2352.057712526844,0.007643241241702029
3625,33172,6,2353.124126462463,0.007643241241702029
3626,33172,9,2354.1905403980822,0.007643241241702029
3627,33172,12,2355.256954333701,0.007643241241702029
3628,33173,3,2962.2711283384397,0.005873089811481615
3629,33173,6,3058.3689369938247,0.005873089811481615
3630,33173,9,3154.4667456492093,0.005873089811481615
3631,33173,12,3250.564554304594,0.005873089811481615
3632,33174,3,2893.981993359642,0.007532629273270324
3633,33174,6,2943.833890955195,0.007532629273270324
3634,33174,9,2993.6857885507475,0.007532629273270324
3635,33174,12,3043.5376861463005,0.007532629273270324
3636,33175,3,2910.546180849123,0.008881096952679258
3637,33175,6,2941.0522885842224,0.008881096952679258
3638,33175,9,2971.558396319322,0.008881096952679258
3639,33175,12,3002.0645040544214,0.008881096952679258
3640,33176,3,2513.9152912935238,0.007063983523186793
3641,33176,6,2531.802940930981,0.007063983523186793
3642,33176,9,2549.690590568439,0.007063983523186793
3643,33176,12,2567.5782402058967,0.007063983523186793
3644,33177,3,2651.448541853908,0.013037221477058745
3645,33177,6,2669.766411169334,0.013037221477058745
3646,33177,9,2688.08428048476,0.013037221477058745
3647,33177,12,2706.4021498001857,0.013037221477058745
3648,33178,3,3106.1289182706428,0.008799065608365655
3649,33178,6,3108.8970534969208,0.008799065608365655
3650,33178,9,3111.6651887231983,0.008799065608365655
3651,33178,12,3114.4333239494763,0.008799065608365655
3652,33179,3,2378.1139179004635,0.009122907132278195
3653,33179,6,2365.314464486154,0.009122907132278195
3654,33179,9,2352.5150110718446,0.009122907132278195
3655,33179,12,2339.715557657535,0.009122907132278195
3656,33180,3,3189.2663539591426,0.012577456657314759
3657,33180,6,3178.988569227688,0.012577456657314759
3658,33180,9,3168.7107844962334,0.012577456657314759
3659,33180,12,3158.4329997647787,0.012577456657314759
3660,33181,3,2536.4822205691494,0.0053711191324542
3661,33181,6,2541.5392389853732,0.0053711191324542
3662,33181,9,2546.5962574015966,0.0053711191324542
3663,33181,12,2551.65327581782,0.0053711191324542
3664,33183,3,2606.080877370955,0.00808140457683346
3665,33183,6,2637.5845813370265,0.00808140457683346
3666,33183,9,2669.088285303098,0.00808140457683346
3667,33183,12,2700.5919892691695,0.00808140457683346
3668,33185,3,3962.963503385284,0.008934746195635907
3669,33185,6,4000.1229096569377,0.008934746195635907
3670,33185,9,4037.282315928591,0.008934746195635907
3671,33185,12,4074.4417222002444,0.008934746195635907
3672,33186,3,2782.3433364189236,0.009019805644388031
3673,33186,6,2789.9348698920676,0.009019805644388031
3674,33186,9,2797.526403365211,0.009019805644388031
3675,33186,12,2805.117936838355,0.009019805644388031
3676,33189,3,2716.4968471278335,0.006469606005885537
3677,33189,6,2734.824558413196,0.006469606005885537
3678,33189,9,2753.152269698559,0.006469606005885537
3679,33189,12,2771.479980983922,0.006469606005885537
3680,33190,3,2780.2867962610067,0.008204323408219442
3681,33190,6,2804.327062638122,0.008204323408219442
3682,33190,9,2828.3673290152374,0.008204323408219442
3683,33190,12,2852.4075953923525,0.008204323408219442
3684,33193,3,2507.4287347324275,0.009724573645194448
3685,33193,6,2517.961856831466,0.009724573645194448
3686,33193,9,2528.4949789305037,0.009724573645194448
3687,33193,12,2539.0281010295416,0.009724573645194448
3688,33196,3,2418.079604636313,0.009916097620306622
3689,33196,6,2406.608840208576,0.009916097620306622
3690,33196,9,2395.1380757808392,0.009916097620306622
3691,33196,12,2383.6673113531024,0.009916097620306622
3692,33301,3,2922.961555704379,0.008821632850034176
3693,33301,6,2914.4259279074254,0.008821632850034176
3694,33301,9,2905.8903001104723,0.008821632850034176
3695,33301,12,2897.3546723135187,0.008821632850034176
3696,33304,3,2514.5403684795656,0.010607714567975404
3697,33304,6,2529.8415877608554,0.010607714567975404
3698,33304,9,2545.142807042145,0.010607714567975404
3699,33304,12,2560.4440263234346,0.010607714567975404
3700,33305,3,2354.216323315365,0.009438329042204345
3701,33305,6,2363.940908363502,0.009438329042204345
3702,33305,9,2373.665493411639,0.009438329042204345
3703,33305,12,2383.390078459776,0.009438329042204345
3704,33306,3,2383.0193774663358,0.009585734796985535
3705,33306,6,2388.6198709783926,0.009585734796985535
3706,33306,9,2394.22036449045,0.009585734796985535
3707,33306,12,2399.820858002507,0.009585734796985535
3708,33308,3,2848.368094394188,0.009791250358125862
3709,33308,6,2878.3632409277957,0.009791250358125862
3710,33308,9,2908.3583874614033,0.009791250358125862
3711,33308,12,2938.353533995011,0.009791250358125862
3712,33309,3,2223.217960542934,0.009057349435990786
3713,33309,6,2226.0397093133997,0.009057349435990786
3714,33309,9,2228.8614580838657,0.009057349435990786
3715,33309,12,2231.6832068543313,0.009057349435990786
3716,33311,3,2451.704989318854,0.00883172079581821
3717,33311,6,2480.210192669145,0.00883172079581821
3718,33311,9,2508.7153960194355,0.00883172079581821
3719,33311,12,2537.2205993697266,0.00883172079581821
3720,33312,3,2665.636429171672,0.00912327723670106
3721,33312,6,2671.4888307454125,0.00912327723670106
3722,33312,9,2677.3412323191537,0.00912327723670106
3723,33312,12,2683.1936338928945,0.00912327723670106
3724,33313,3,1983.5085016829307,0.007930862663910772
3725,33313,6,1999.1470678130313,0.007930862663910772
3726,33313,9,2014.7856339431319,0.007930862663910772
3727,33313,12,2030.4242000732324,0.007930862663910772
3728,33314,3,2328.081901917068,0.01208422551950152
3729,33314,6,2346.4018881069856,0.01208422551950152
3730,33314,9,2364.7218742969035,0.01208422551950152
3731,33314,12,2383.0418604868214,0.01208422551950152
3732,33315,3,2549.695105752583,0.010741727765473807
3733,33315,6,2536.032252595857,0.010741727765473807
3734,33315,9,2522.369399439131,0.010741727765473807
3735,33315,12,2508.706546282405,0.010741727765473807
3736,33316,3,2728.5038022975964,0.01054820798517222
3737,33316,6,2749.436219449589,0.01054820798517222
3738,33316,9,2770.368636601582,0.01054820798517222
3739,33316,12,2791.3010537535743,0.01054820798517222
3740,33317,3,2368.3886896731888,0.005212936720916446
3741,33317,6,2382.3614943933635,0.005212936720916446
3742,33317,9,2396.3342991135382,0.005212936720916446
3743,33317,12,2410.307103833713,0.005212936720916446
3744,33319,3,1961.0277458308747,0.007408223414675043
3745,33319,6,1984.2204590565716,0.007408223414675043
3746,33319,9,2007.4131722822685,0.007408223414675043
3747,33319,12,2030.6058855079655,0.007408223414675043
3748,33321,3,2169.6292855474985,0.005453527135070234
3749,33321,6,2179.867295885473,0.005453527135070234
3750,33321,9,2190.1053062234473,0.005453527135070234
3751,33321,12,2200.3433165614215,0.005453527135070234
3752,33322,3,2401.7058323555843,0.004515808118627507
3753,33322,6,2413.541840392625,0.004515808118627507
3754,33322,9,2425.377848429666,0.004515808118627507
3755,33322,12,2437.2138564667066,0.004515808118627507
3756,33323,3,2885.8511106888363,0.004224901049664929
3757,33323,6,2911.028705370193,0.004224901049664929
3758,33323,9,2936.2063000515504,0.004224901049664929
3759,33323,12,2961.3838947329077,0.004224901049664929
3760,33324,3,2473.19158840655,0.007819369369489668
3761,33324,6,2482.5115795781567,0.007819369369489668
3762,33324,9,2491.8315707497636,0.007819369369489668
3763,33324,12,2501.15156192137,0.007819369369489668
3764,33325,3,2747.522126616305,0.004284355365103667
3765,33325,6,2764.1027953701446,0.004284355365103667
3766,33325,9,2780.6834641239843,0.004284355365103667
3767,33325,12,2797.264132877824,0.004284355365103667
3768,33326,3,2976.3885912526935,0.004786523258876636
3769,33326,6,2969.6563203884975,0.004786523258876636
3770,33326,9,2962.924049524301,0.004786523258876636
3771,33326,12,2956.191778660105,0.004786523258876636
3772,33327,3,4085.272769805068,0.007480570294335439
3773,33327,6,4086.3419618575717,0.007480570294335439
3774,33327,9,4087.411153910076,0.007480570294335439
3775,33327,12,4088.4803459625796,0.007480570294335439
3776,33328,3,2604.680515386796,0.005495267651396046
3777,33328,6,2621.270914345276,0.005495267651396046
3778,33328,9,2637.861313303756,0.005495267651396046
3779,33328,12,2654.4517122622365,0.005495267651396046
3780,33331,3,3735.7888134472973,0.003915786824256005
3781,33331,6,3740.8091943012737,0.003915786824256005
3782,33331,9,3745.82957515525,0.003915786824256005
3783,33331,12,3750.8499560092264,0.003915786824256005
3784,33334,3,2094.9535066461435,0.009160244119775266
3785,33334,6,2083.5881960535144,0.009160244119775266
3786,33334,9,2072.222885460885,0.009160244119775266
3787,33334,12,2060.8575748682565,0.009160244119775266
3788,33351,3,2221.4396991740155,0.003894134747817007
3789,33351,6,2232.3181643137204,0.003894134747817007
3790,33351,9,2243.1966294534254,0.003894134747817007
3791,33351,12,2254.0750945931304,0.003894134747817007
3792,33401,3,2451.43688270942,0.013335425914859637
3793,33401,6,2467.759442407135,0.013335425914859637
3794,33401,9,2484.08200210485,0.013335425914859637
3795,33401,12,2500.404561802565,0.013335425914859637
3796,33403,3,2181.1695854584955,0.006864266315248227
3797,33403,6,2193.109193084703,0.006864266315248227
3798,33403,9,2205.04880071091,0.006864266315248227
3799,33403,12,2216.9884083371176,0.006864266315248227
3800,33404,3,2661.2560020159763,0.010249810288650088
3801,33404,6,2688.2852265430624,0.010249810288650088
3802,33404,9,2715.314451070148,0.010249810288650088
3803,33404,12,2742.343675597234,0.010249810288650088
3804,33405,3,2516.740988844139,0.01959973217806559
3805,33405,6,2534.7873136094463,0.01959973217806559
3806,33405,9,2552.833638374754,0.01959973217806559
3807,33405,12,2570.8799631400616,0.01959973217806559
3808,33406,3,2259.4674817711148,0.00894126203789168
3809,33406,6,2256.0758530310063,0.00894126203789168
3810,33406,9,2252.6842242908983,0.00894126203789168
3811,33406,12,2249.2925955507903,0.00894126203789168
3812,33407,3,2258.95289014798,0.013599429262270571
3813,33407,6,2313.258789854448,0.013599429262270571
3814,33407,9,2367.5646895609157,0.013599429262270571
3815,33407,12,2421.8705892673834,0.013599429262270571
3816,33408,3,3043.91135563705,0.0052899991813133715
3817,33408,6,3060.9133071019733,0.0052899991813133715
3818,33408,9,3077.915258566897,0.0052899991813133715
3819,33408,12,3094.9172100318206,0.0052899991813133715
3820,33409,3,2027.5291839404058,0.007116784739272735
3821,33409,6,2043.9551907641533,0.007116784739272735
3822,33409,9,2060.3811975879003,0.007116784739272735
3823,33409,12,2076.807204411648,0.007116784739272735
3824,33410,3,2536.3189819741233,0.010612619858899977
3825,33410,6,2549.0117145355543,0.010612619858899977
3826,33410,9,2561.704447096986,0.010612619858899977
3827,33410,12,2574.397179658417,0.010612619858899977
3828,33411,3,2332.6723137280114,0.00773796284973286
3829,33411,6,2342.169940509626,0.00773796284973286
3830,33411,9,2351.66756729124,0.00773796284973286
3831,33411,12,2361.165194072855,0.00773796284973286
3832,33412,3,4035.9170334386613,0.009973519532831824
3833,33412,6,4100.52468709126,0.009973519532831824
3834,33412,9,4165.132340743859,0.009973519532831824
3835,33412,12,4229.739994396457,0.009973519532831824
3836,33413,3,2067.6630783675546,0.004735600519898859
3837,33413,6,2076.0464181699813,0.004735600519898859
3838,33413,9,2084.4297579724084,0.004735600519898859
3839,33413,12,2092.813097774835,0.004735600519898859
3840,33414,3,3611.225179002102,0.012231705490889734
3841,33414,6,3636.6075941737163,0.012231705490889734
3842,33414,9,3661.990009345331,0.012231705490889734
3843,33414,12,3687.372424516946,0.012231705490889734
3844,33415,3,2123.6163800035324,0.004844184530741261
3845,33415,6,2138.3147599800454,0.004844184530741261
3846,33415,9,2153.013139956558,0.004844184530741261
3847,33415,12,2167.7115199330706,0.004844184530741261
3848,33417,3,1907.6295074801633,0.010273283846850643
3849,33417,6,1952.119499566646,0.010273283846850643
3850,33417,9,1996.6094916531288,0.010273283846850643
3851,33417,12,2041.0994837396115,0.010273283846850643
3852,33418,3,3262.591210087702,0.011978216976324403
3853,33418,6,3325.903192609082,0.011978216976324403
3854,33418,9,3389.2151751304614,0.011978216976324403
3855,33418,12,3452.527157651841,0.011978216976324403
3856,33426,3,2378.706337450037,0.010676716870957096
3857,33426,6,2417.9227430870333,0.010676716870957096
3858,33426,9,2457.139148724029,0.010676716870957096
3859,33426,12,2496.3555543610246,0.010676716870957096
3860,33428,3,2755.746750907774,0.012187575352018332
3861,33428,6,2757.668953776432,0.012187575352018332
3862,33428,9,2759.59115664509,0.012187575352018332
3863,33428,12,2761.5133595137477,0.012187575352018332
3864,33431,3,3060.923687904212,0.011636852348539289
3865,33431,6,3083.065857927106,0.011636852348539289
3866,33431,9,3105.20802795,0.011636852348539289
3867,33431,12,3127.3501979728944,0.011636852348539289
3868,33432,3,2926.6107365921916,0.011356068213347083
3869,33432,6,2915.28646309597,0.011356068213347083
3870,33432,9,2903.962189599748,0.011356068213347083
3871,33432,12,2892.6379161035256,0.011356068213347083
3872,33433,3,3019.208111055178,0.011299428050690787
3873,33433,6,3011.390308135186,0.011299428050690787
3874,33433,9,3003.572505215194,0.011299428050690787
3875,33433,12,2995.7547022952017,0.011299428050690787
3876,33434,3,2573.2787362939766,0.005819304166900407
3877,33434,6,2578.1008571084644,0.005819304166900407
3878,33434,9,2582.922977922952,0.005819304166900407
3879,33434,12,2587.74509873744,0.005819304166900407
3880,33435,3,2513.8240294978527,0.01102838904705439
3881,33435,6,2538.206478469257,0.01102838904705439
3882,33435,9,2562.588927440662,0.01102838904705439
3883,33435,12,2586.971376412066,0.01102838904705439
3884,33436,3,2207.9108425547415,0.004896508954462905
3885,33436,6,2212.2754104621463,0.004896508954462905
3886,33436,9,2216.6399783695506,0.004896508954462905
3887,33436,12,2221.0045462769554,0.004896508954462905
3888,33437,3,2925.3922083819143,0.007641604251815542
3889,33437,6,2933.608647086527,0.007641604251815542
3890,33437,9,2941.8250857911394,0.007641604251815542
3891,33437,12,2950.041524495752,0.007641604251815542
3892,33441,3,2746.362820204277,0.012969232733762692
3893,33441,6,2760.7928432772133,0.012969232733762692
3894,33441,9,2775.22286635015,0.012969232733762692
3895,33441,12,2789.652889423087,0.012969232733762692
3896,33442,3,2353.7573155464756,0.010131912003965534
3897,33442,6,2376.265238715222,0.010131912003965534
3898,33442,9,2398.773161883969,0.010131912003965534
3899,33442,12,2421.2810850527153,0.010131912003965534
3900,33444,3,2767.2026589178854,0.014704597273369464
3901,33444,6,2819.8804874316315,0.014704597273369464
3902,33444,9,2872.558315945378,0.014704597273369464
3903,33444,12,2925.2361444591247,0.014704597273369464
3904,33445,3,2708.448028180174,0.01130645777897889
3905,33445,6,2719.7967823780878,0.01130645777897889
3906,33445,9,2731.145536576002,0.01130645777897889
3907,33445,12,2742.494290773916,0.01130645777897889
3908,33446,3,2634.621149075457,0.005309809159131706
3909,33446,6,2635.0255509730773,0.005309809159131706
3910,33446,9,2635.429952870698,0.005309809159131706
3911,33446,12,2635.8343547683185,0.005309809159131706
3912,33458,3,2879.5751308904196,0.009554744651550606
3913,33458,6,2869.9296261564173,0.009554744651550606
3914,33458,9,2860.284121422415,0.009554744651550606
3915,33458,12,2850.6386166884126,0.009554744651550606
3916,33460,3,2125.8746325892766,0.01195832365969826
3917,33460,6,2152.2332884038315,0.01195832365969826
3918,33460,9,2178.5919442183867,0.01195832365969826
3919,33460,12,2204.9506000329416,0.01195832365969826
3920,33461,3,2212.7690442745725,0.004232144601215139
3921,33461,6,2227.695110456306,0.004232144601215139
3922,33461,9,2242.6211766380397,0.004232144601215139
3923,33461,12,2257.547242819773,0.004232144601215139
3924,33462,3,2395.1234477689045,0.008187221139345793
3925,33462,6,2403.210926659403,0.008187221139345793
3926,33462,9,2411.2984055499014,0.008187221139345793
3927,33462,12,2419.3858844404,0.008187221139345793
3928,33463,3,2364.599841567545,0.007371492909109859
3929,33463,6,2342.3007990026285,0.007371492909109859
3930,33463,9,2320.0017564377126,0.007371492909109859
3931,33463,12,2297.7027138727963,0.007371492909109859
3932,33467,3,2557.4429777447026,0.008510263631125748
3933,33467,6,2560.7785648778886,0.008510263631125748
3934,33467,9,2564.114152011074,0.008510263631125748
3935,33467,12,2567.44973914426,0.008510263631125748
3936,33469,3,3077.1238612548686,0.012933470938788568
3937,33469,6,3099.6281659869483,0.012933470938788568
3938,33469,9,3122.132470719028,0.012933470938788568
3939,33469,12,3144.6367754511075,0.012933470938788568
3940,33470,3,3951.7168422984123,0.008918106797081563
3941,33470,6,3951.733740178562,0.008918106797081563
3942,33470,9,3951.750638058712,0.008918106797081563
3943,33470,12,3951.767535938862,0.008918106797081563
3944,33477,3,4329.1444566003875,0.01715822677669916
3945,33477,6,4395.350941342152,0.01715822677669916
3946,33477,9,4461.557426083915,0.01715822677669916
3947,33477,12,4527.763910825678,0.01715822677669916
3948,33480,3,7620.818643689904,0.007924968943088346
3949,33480,6,7688.804434716221,0.007924968943088346
3950,33480,9,7756.790225742538,0.007924968943088346
3951,33480,12,7824.776016768855,0.007924968943088346
3952,33483,3,3093.2730902939884,0.01450056495977783
3953,33483,6,3087.7215239633615,0.01450056495977783
3954,33483,9,3082.169957632735,0.01450056495977783
3955,33483,12,3076.6183913021086,0.01450056495977783
3956,33484,3,2593.57288808902,0.010708771191678089
3957,33484,6,2615.279805975954,0.010708771191678089
3958,33484,9,2636.9867238628876,0.010708771191678089
3959,33484,12,2658.693641749822,0.010708771191678089
3960,33486,3,2715.4861085214316,0.006242702965898352
3961,33486,6,2731.971676140052,0.006242702965898352
3962,33486,9,2748.4572437586717,0.006242702965898352
3963,33486,12,2764.942811377292,0.006242702965898352
3964,33487,3,3490.0486591213507,0.005307556955234886
3965,33487,6,3524.0635832034845,0.005307556955234886
3966,33487,9,3558.078507285619,0.005307556955234886
3967,33487,12,3592.093431367753,0.005307556955234886
3968,33496,3,3129.4798571222195,0.011573281303906164
3969,33496,6,3153.9156202647587,0.011573281303906164
3970,33496,9,3178.351383407298,0.011573281303906164
3971,33496,12,3202.787146549837,0.011573281303906164
3972,33510,3,1812.352555754348,0.008632484225910874
3973,33510,6,1821.4773199790775,0.008632484225910874
3974,33510,9,1830.602084203807,0.008632484225910874
3975,33510,12,1839.7268484285364,0.008632484225910874
3976,33511,3,1930.4997168748894,0.007681842316182381
3977,33511,6,1932.9061049622817,0.007681842316182381
3978,33511,9,1935.3124930496738,0.007681842316182381
3979,33511,12,1937.7188811370659,0.007681842316182381
3980,33525,3,1922.8762451777686,6.031916603183567e-05
3981,33525,6,1922.8746569263355,6.031916603183567e-05
3982,33525,9,1922.8730686749022,6.031916603183567e-05
3983,33525,12,1922.871480423469,6.031916603183567e-05
3984,33534,3,2197.054597000324,0.00857618487506674
3985,33534,6,2222.1299539910788,0.00857618487506674
3986,33534,9,2247.205310981833,0.00857618487506674
3987,33534,12,2272.2806679725877,0.00857618487506674
3988,33541,3,1919.4173128535022,0.004439064389186589
3989,33541,6,1921.597228515051,0.004439064389186589
3990,33541,9,1923.7771441766001,0.004439064389186589
3991,33541,12,1925.9570598381492,0.004439064389186589
3992,33542,3,1600.0814302305942,0.006135033416896664
3993,33542,6,1611.0233649490026,0.006135033416896664
3994,33542,9,1621.9652996674113,0.006135033416896664
3995,33542,12,1632.9072343858197,0.006135033416896664
3996,33543,3,2335.5458532581442,0.008859336980241685
3997,33543,6,2355.8814009754446,0.008859336980241685
3998,33543,9,2376.216948692745,0.008859336980241685
3999,33543,12,2396.5524964100455,0.008859336980241685
4000,33544,3,2211.7048326469408,0.008289884908599167
4001,33544,6,2228.67083979545,0.008289884908599167
4002,33544,9,2245.6368469439594,0.008289884908599167
4003,33544,12,2262.6028540924685,0.008289884908599167
4004,33545,3,2224.2935968691118,0.009350735204966062
4005,33545,6,2229.2336942572542,0.009350735204966062
4006,33545,9,2234.173791645397,0.009350735204966062
4007,33545,12,2239.1138890335396,0.009350735204966062
4008,33547,3,2310.693299286598,0.008612297946720904
4009,33547,6,2318.948212453875,0.008612297946720904
4010,33547,9,2327.203125621152,0.008612297946720904
4011,33547,12,2335.458038788429,0.008612297946720904
4012,33548,3,2054.36492159597,0.0030363679839834966
4013,33548,6,2055.4375842329764,0.0030363679839834966
4014,33548,9,2056.510246869983,0.0030363679839834966
4015,33548,12,2057.5829095069894,0.0030363679839834966
4016,33549,3,2246.122701672235,0.0042749405627884466
4017,33549,6,2247.723552098125,0.0042749405627884466
4018,33549,9,2249.324402524015,0.0042749405627884466
4019,33549,12,2250.925252949905,0.0042749405627884466
4020,33556,3,1978.7631752251957,0.004254825142223881
4021,33556,6,1980.7406570882592,0.004254825142223881
4022,33556,9,1982.718138951323,0.004254825142223881
4023,33556,12,1984.6956208143868,0.004254825142223881
4024,33558,3,2149.601123418629,0.005045329236596153
4025,33558,6,2152.837674125385,0.005045329236596153
4026,33558,9,2156.0742248321417,0.005045329236596153
4027,33558,12,2159.310775538898,0.005045329236596153
4028,33559,3,2010.8577212294988,0.0029691367409466294
4029,33559,6,2010.571025750762,0.0029691367409466294
4030,33559,9,2010.2843302720253,0.0029691367409466294
4031,33559,12,2009.9976347932886,0.0029691367409466294
4032,33563,3,1830.7640861835025,0.0076111743114879865
4033,33563,6,1818.5665751659772,0.0076111743114879865
4034,33563,9,1806.3690641484518,0.0076111743114879865
4035,33563,12,1794.1715531309262,0.0076111743114879865
4036,33566,3,1964.047779918405,0.005044890082453665
4037,33566,6,1965.539034705158,0.005044890082453665
4038,33566,9,1967.030289491911,0.005044890082453665
4039,33566,12,1968.521544278664,0.005044890082453665
4040,33569,3,2301.7991325440566,0.009022354171314717
4041,33569,6,2318.8805515544395,0.009022354171314717
4042,33569,9,2335.9619705648224,0.009022354171314717
4043,33569,12,2353.0433895752053,0.009022354171314717
4044,33570,3,2224.8717943993624,0.009587150932136624
4045,33570,6,2234.0735419118096,0.009587150932136624
4046,33570,9,2243.2752894242567,0.009587150932136624
4047,33570,12,2252.477036936704,0.009587150932136624
4048,33572,3,2231.902631501391,0.00890059472121518
4049,33572,6,2269.851435495991,0.00890059472121518
4050,33572,9,2307.800239490591,0.00890059472121518
4051,33572,12,2345.749043485191,0.00890059472121518
4052,33573,3,2179.2215192893023,0.006230158773643538
4053,33573,6,2189.89736930983,0.006230158773643538
4054,33573,9,2200.5732193303575,0.006230158773643538
4055,33573,12,2211.2490693508853,0.006230158773643538
4056,33578,3,2046.733998301474,0.007743886626111017
4057,33578,6,2080.0291597517175,0.007743886626111017
4058,33578,9,2113.3243212019606,0.007743886626111017
4059,33578,12,2146.619482652204,0.007743886626111017
4060,33579,3,2510.8641082185177,0.007334492106439285
4061,33579,6,2558.255454907063,0.007334492106439285
4062,33579,9,2605.6468015956084,0.007334492106439285
4063,33579,12,2653.038148284154,0.007334492106439285
4064,33584,3,2035.7623133019763,0.007100399148021904
4065,33584,6,1984.640626092515,0.007100399148021904
4066,33584,9,1933.5189388830538,0.007100399148021904
4067,33584,12,1882.3972516735926,0.007100399148021904
4068,33594,3,2332.45817332554,0.007660792156176876
4069,33594,6,2365.917504856298,0.007660792156176876
4070,33594,9,2399.376836387056,0.007660792156176876
4071,33594,12,2432.8361679178133,0.007660792156176876
4072,33596,3,2667.1144776394335,0.009607825110849524
4073,33596,6,2706.680167625133,0.009607825110849524
4074,33596,9,2746.2458576108324,0.009607825110849524
4075,33596,12,2785.811547596532,0.009607825110849524
4076,33598,3,2375.575082936089,0.0035710295338030385
4077,33598,6,2378.156697180784,0.0035710295338030385
4078,33598,9,2380.738311425479,0.0035710295338030385
4079,33598,12,2383.319925670174,0.0035710295338030385
4080,33602,3,2630.8921411799247,0.008959294977116512
4081,33602,6,2646.0126994874363,0.008959294977116512
4082,33602,9,2661.1332577949483,0.008959294977116512
4083,33602,12,2676.2538161024604,0.008959294977116512
4084,33603,3,2177.9704260024605,0.007827206742637018
4085,33603,6,2200.436389976962,0.007827206742637018
4086,33603,9,2222.902353951463,0.007827206742637018
4087,33603,12,2245.368317925964,0.007827206742637018
4088,33604,3,1731.9432691610443,0.009566567543322016
4089,33604,6,1755.887730627541,0.009566567543322016
4090,33604,9,1779.832192094038,0.009566567543322016
4091,33604,12,1803.7766535605347,0.009566567543322016
4092,33605,3,2050.6476203635602,0.010582760135283887
4093,33605,6,2085.239160092802,0.010582760135283887
4094,33605,9,2119.830699822044,0.010582760135283887
4095,33605,12,2154.4222395512866,0.010582760135283887
4096,33606,3,2322.8317089140915,0.0094317537840116
4097,33606,6,2366.912696248613,0.0094317537840116
4098,33606,9,2410.993683583135,0.0094317537840116
4099,33606,12,2455.074670917657,0.0094317537840116
4100,33607,3,2179.9453639567855,0.010106500736418621
4101,33607,6,2222.3876409317277,0.010106500736418621
4102,33607,9,2264.8299179066694,0.010106500736418621
4103,33607,12,2307.2721948816115,0.010106500736418621
4104,33609,3,2206.997461344323,0.010156420908615911
4105,33609,6,2215.765044339825,0.010156420908615911
4106,33609,9,2224.5326273353276,0.010156420908615911
4107,33609,12,2233.30021033083,0.010156420908615911
4108,33610,3,1955.7623978608215,0.010899250297917691
4109,33610,6,2012.6752399974675,0.010899250297917691
4110,33610,9,2069.588082134114,0.010899250297917691
4111,33610,12,2126.5009242707597,0.010899250297917691
4112,33611,3,2335.9161634294837,0.00808102787741475
4113,33611,6,2427.52289960713,0.00808102787741475
4114,33611,9,2519.129635784777,0.00808102787741475
4115,33611,12,2610.736371962423,0.00808102787741475
4116,33612,3,1464.4353979000732,0.009466038957156236
4117,33612,6,1473.7569017220947,0.009466038957156236
4118,33612,9,1483.0784055441163,0.009466038957156236
4119,33612,12,1492.3999093661378,0.009466038957156236
4120,33613,3,1486.1107727060896,0.004693767538852058
4121,33613,6,1489.1312348044764,0.004693767538852058
4122,33613,9,1492.151696902863,0.004693767538852058
4123,33613,12,1495.1721590012498,0.004693767538852058
4124,33614,3,1574.707767051744,0.010227885821292105
4125,33614,6,1574.3652285692428,0.010227885821292105
4126,33614,9,1574.0226900867415,0.010227885821292105
4127,33614,12,1573.6801516042403,0.010227885821292105
4128,33615,3,1760.3931182437484,0.010637458677095455
4129,33615,6,1786.075452244578,0.010637458677095455
4130,33615,9,1811.7577862454077,0.010637458677095455
4131,33615,12,1837.4401202462373,0.010637458677095455
4132,33616,3,2313.846013979567,0.012518294182417618
4133,33616,6,2370.276695825887,0.012518294182417618
4134,33616,9,2426.7073776722073,0.012518294182417618
4135,33616,12,2483.1380595185274,0.012518294182417618
4136,33617,3,1727.7398123689018,0.008569144315558254
4137,33617,6,1753.6662856623072,0.008569144315558254
4138,33617,9,1779.5927589557127,0.008569144315558254
4139,33617,12,1805.5192322491182,0.008569144315558254
4140,33618,3,1620.7784853716068,0.0046278167661775735
4141,33618,6,1628.952670898578,0.0046278167661775735
4142,33618,9,1637.1268564255488,0.0046278167661775735
4143,33618,12,1645.3010419525199,0.0046278167661775735
4144,33619,3,1951.9197299751618,0.010245320147505017
4145,33619,6,1955.213037764248,0.010245320147505017
4146,33619,9,1958.506345553334,0.010245320147505017
4147,33619,12,1961.7996533424202,0.010245320147505017
4148,33624,3,1788.4350576553586,0.009229735492901051
4149,33624,6,1799.5626795970973,0.009229735492901051
4150,33624,9,1810.6903015388361,0.009229735492901051
4151,33624,12,1821.8179234805748,0.009229735492901051
4152,33625,3,2089.3579725964028,0.005011799203279406
4153,33625,6,2093.5195236371756,0.005011799203279406
4154,33625,9,2097.6810746779483,0.005011799203279406
4155,33625,12,2101.8426257187216,0.005011799203279406
4156,33626,3,2222.0362691917044,0.009914481698142534
4157,33626,6,2244.8062026532634,0.009914481698142534
4158,33626,9,2267.5761361148225,0.009914481698142534
4159,33626,12,2290.3460695763815,0.009914481698142534
4160,33629,3,2756.9601143604464,0.01083689004653446
4161,33629,6,2859.8286785774785,0.01083689004653446
4162,33629,9,2962.69724279451,0.01083689004653446
4163,33629,12,3065.5658070115423,0.01083689004653446
4164,33634,3,1670.7429677278842,0.015315406163389415
4165,33634,6,1645.0765751888139,0.015315406163389415
4166,33634,9,1619.4101826497438,0.015315406163389415
4167,33634,12,1593.7437901106737,0.015315406163389415
4168,33635,3,1960.5887070168192,0.007336118770557752
4169,33635,6,1965.076361594525,0.007336118770557752
4170,33635,9,1969.564016172231,0.007336118770557752
4171,33635,12,1974.0516707499369,0.007336118770557752
4172,33637,3,1821.1777415657264,0.005945924645334323
4173,33637,6,1824.6264709349825,0.005945924645334323
4174,33637,9,1828.075200304239,0.005945924645334323
4175,33637,12,1831.523929673495,0.005945924645334323
4176,33647,3,1930.7061551499153,0.0077568060249696424
4177,33647,6,1954.1285424399,0.0077568060249696424
4178,33647,9,1977.5509297298845,0.0077568060249696424
4179,33647,12,2000.9733170198692,0.0077568060249696424
4180,33701,3,2518.1659632977703,0.008797964267439558
4181,33701,6,2569.353184955058,0.008797964267439558
4182,33701,9,2620.5404066123456,0.008797964267439558
4183,33701,12,2671.7276282696334,0.008797964267439558
4184,33702,3,1990.8926371670793,0.010120178223520926
4185,33702,6,2049.9892063280845,0.010120178223520926
4186,33702,9,2109.08577548909,0.010120178223520926
4187,33702,12,2168.182344650095,0.010120178223520926
4188,33703,3,2464.517989669659,0.010519694992769823
4189,33703,6,2502.011882223618,0.010519694992769823
4190,33703,9,2539.5057747775777,0.010519694992769823
4191,33703,12,2576.999667331537,0.010519694992769823
4192,33704,3,2221.6802460412764,0.01642594167073209
4193,33704,6,2254.177467994142,0.01642594167073209
4194,33704,9,2286.674689947007,0.01642594167073209
4195,33704,12,2319.171911899872,0.01642594167073209
4196,33705,3,2152.7877317911284,0.010991210989295813
4197,33705,6,2191.5013901228276,0.010991210989295813
4198,33705,9,2230.215048454527,0.010991210989295813
4199,33705,12,2268.928706786226,0.010991210989295813
4200,33706,3,2513.4333173011705,0.014696316551783889
4201,33706,6,2544.784633643371,0.014696316551783889
4202,33706,9,2576.1359499855707,0.014696316551783889
4203,33706,12,2607.4872663277706,0.014696316551783889
4204,33707,3,2312.6018388766893,0.01437812876671349
4205,33707,6,2350.6905679424763,0.01437812876671349
4206,33707,9,2388.779297008263,0.01437812876671349
4207,33707,12,2426.8680260740493,0.01437812876671349
4208,33708,3,2352.479244164195,0.009425968105014617
4209,33708,6,2369.166052334982,0.009425968105014617
4210,33708,9,2385.852860505769,0.009425968105014617
4211,33708,12,2402.539668676556,0.009425968105014617
4212,33709,3,2030.7449781734065,0.005283440235400917
4213,33709,6,2062.9040293358785,0.005283440235400917
4214,33709,9,2095.0630804983507,0.005283440235400917
4215,33709,12,2127.222131660823,0.005283440235400917
4216,33710,3,2006.4635623879892,0.009263217024031626
4217,33710,6,2056.8958742751784,0.009263217024031626
4218,33710,9,2107.3281861623673,0.009263217024031626
4219,33710,12,2157.7604980495566,0.009263217024031626
4220,33711,3,2222.0096627174153,0.009451856466863034
4221,33711,6,2248.0740799285495,0.009451856466863034
4222,33711,9,2274.1384971396833,0.009451856466863034
4223,33711,12,2300.2029143508175,0.009451856466863034
4224,33712,3,1889.0681011732595,0.009078942556266324
4225,33712,6,1882.6161220196036,0.009078942556266324
4226,33712,9,1876.1641428659475,0.009078942556266324
4227,33712,12,1869.7121637122914,0.009078942556266324
4228,33713,3,2106.5586693845366,0.012159719209844608
4229,33713,6,2122.3879897929937,0.012159719209844608
4230,33713,9,2138.2173102014503,0.012159719209844608
4231,33713,12,2154.046630609907,0.012159719209844608
4232,33714,3,2012.090768605014,0.00980307799131923
4233,33714,6,2041.7296103486735,0.00980307799131923
4234,33714,9,2071.368452092333,0.00980307799131923
4235,33714,12,2101.007293835992,0.00980307799131923
4236,33715,3,3453.2318498310565,0.010506831120378946
4237,33715,6,3554.9851577214026,0.010506831120378946
4238,33715,9,3656.7384656117483,0.010506831120378946
4239,33715,12,3758.4917735020945,0.010506831120378946
4240,33716,3,1872.0917196071305,0.00951521497810233
4241,33716,6,1920.8587315114796,0.00951521497810233
4242,33716,9,1969.6257434158288,0.00951521497810233
4243,33716,12,2018.392755320178,0.00951521497810233
4244,33755,3,2040.3288254258532,0.010977922124240843
4245,33755,6,2082.2156759052295,0.010977922124240843
4246,33755,9,2124.102526384606,0.010977922124240843
4247,33755,12,2165.989376863982,0.010977922124240843
4248,33756,3,1940.393685386166,0.014358919012280225
4249,33756,6,1950.3235726975865,0.014358919012280225
4250,33756,9,1960.253460009007,0.014358919012280225
4251,33756,12,1970.1833473204276,0.014358919012280225
4252,33759,3,2199.346258297213,0.005557246493907361
4253,33759,6,2249.5656672951563,0.005557246493907361
4254,33759,9,2299.7850762931,0.005557246493907361
4255,33759,12,2350.0044852910432,0.005557246493907361
4256,33760,3,1632.2310519149778,0.014641523326318096
4257,33760,6,1633.7231575731967,0.014641523326318096
4258,33760,9,1635.2152632314153,0.014641523326318096
4259,33760,12,1636.7073688896342,0.014641523326318096
4260,33761,3,1921.9599266182697,0.008240132331008678
4261,33761,6,1926.1089146444494,0.008240132331008678
4262,33761,9,1930.2579026706294,0.008240132331008678
4263,33761,12,1934.4068906968093,0.008240132331008678
4264,33762,3,1747.7705227717415,0.004310177153232326
4265,33762,6,1748.9040343494262,0.004310177153232326
4266,33762,9,1750.0375459271108,0.004310177153232326
4267,33762,12,1751.1710575047957,0.004310177153232326
4268,33763,3,2107.3326547417196,0.003697649770197832
4269,33763,6,2130.074035324238,0.003697649770197832
4270,33763,9,2152.8154159067562,0.003697649770197832
4271,33763,12,2175.556796489275,0.003697649770197832
4272,33764,3,2127.0975406351026,0.011487617329386114
4273,33764,6,2154.785804496673,0.011487617329386114
4274,33764,9,2182.4740683582436,0.011487617329386114
4275,33764,12,2210.1623322198143,0.011487617329386114
4276,33765,3,1679.2064257497598,0.0043027758622608886
4277,33765,6,1700.3367822513094,0.0043027758622608886
4278,33765,9,1721.4671387528588,0.0043027758622608886
4279,33765,12,1742.5974952544084,0.0043027758622608886
4280,33767,3,4167.866397094609,0.00998519110914121
4281,33767,6,4185.656441000114,0.00998519110914121
4282,33767,9,4203.446484905618,0.00998519110914121
4283,33767,12,4221.236528811121,0.00998519110914121
4284,33770,3,1889.2795966834938,0.011235176788009709
4285,33770,6,1930.6813014156942,0.011235176788009709
4286,33770,9,1972.0830061478946,0.011235176788009709
4287,33770,12,2013.484710880095,0.011235176788009709
4288,33771,3,1661.5603793307532,0.008694046244394713
4289,33771,6,1667.8653960459458,0.008694046244394713
4290,33771,9,1674.170412761138,0.008694046244394713
4291,33771,12,1680.4754294763304,0.008694046244394713
4292,33772,3,2228.360793068577,0.006200563625723939
4293,33772,6,2297.220239687014,0.006200563625723939
4294,33772,9,2366.079686305451,0.006200563625723939
4295,33772,12,2434.9391329238883,0.006200563625723939
4296,33773,3,2508.5337116011688,0.009315601995467278
4297,33773,6,2540.320801219936,0.009315601995467278
4298,33773,9,2572.107890838703,0.009315601995467278
4299,33773,12,2603.8949804574704,0.009315601995467278
4300,33774,3,1694.7897110394106,0.003819000205395394
4301,33774,6,1696.6115347425834,0.003819000205395394
4302,33774,9,1698.4333584457565,0.003819000205395394
4303,33774,12,1700.2551821489296,0.003819000205395394
4304,33777,3,2388.179843228321,0.005120005829070399
4305,33777,6,2429.356812531412,0.005120005829070399
4306,33777,9,2470.5337818345033,0.005120005829070399
4307,33777,12,2511.7107511375943,0.005120005829070399
4308,33781,3,2038.4311428483502,0.004859499030895505
4309,33781,6,2105.355769692958,0.004859499030895505
4310,33781,9,2172.280396537565,0.004859499030895505
4311,33781,12,2239.205023382173,0.004859499030895505
4312,33782,3,2126.5391033891265,0.007750451182621776
4313,33782,6,2134.064529638003,0.007750451182621776
4314,33782,9,2141.5899558868796,0.007750451182621776
4315,33782,12,2149.115382135756,0.007750451182621776
4316,33801,3,1600.845404215469,0.004703814040368862
4317,33801,6,1621.2408583315025,0.004703814040368862
4318,33801,9,1641.6363124475363,0.004703814040368862
4319,33801,12,1662.03176656357,0.004703814040368862
4320,33803,3,1652.8777520245735,0.005781184078594829
4321,33803,6,1656.950854860211,0.005781184078594829
4322,33803,9,1661.0239576958481,0.005781184078594829
4323,33803,12,1665.0970605314856,0.005781184078594829
4324,33805,3,1575.8490891606793,0.006183245233712446
4325,33805,6,1578.9054744257785,0.006183245233712446
4326,33805,9,1581.9618596908774,0.006183245233712446
4327,33805,12,1585.0182449559763,0.006183245233712446
4328,33809,3,1671.421372953641,0.006927441458730002
4329,33809,6,1675.49526453959,0.006927441458730002
4330,33809,9,1679.5691561255387,0.006927441458730002
4331,33809,12,1683.6430477114877,0.006927441458730002
4332,33810,3,1871.7897480771346,0.007834683142406106
4333,33810,6,1896.6053012080238,0.007834683142406106
4334,33810,9,1921.4208543389127,0.007834683142406106
4335,33810,12,1946.2364074698019,0.007834683142406106
4336,33811,3,2224.2459211373493,0.005501943214775535
4337,33811,6,2246.42634856098,0.005501943214775535
4338,33811,9,2268.6067759846105,0.005501943214775535
4339,33811,12,2290.7872034082416,0.005501943214775535
4340,33812,3,1834.6724786776892,0.004780789286604641
4341,33812,6,1837.5173277730087,0.004780789286604641
4342,33812,9,1840.3621768683283,0.004780789286604641
4343,33812,12,1843.2070259636478,0.004780789286604641
4344,33813,3,2017.1732752160174,0.010207686837207812
4345,33813,6,2030.821885128384,0.010207686837207812
4346,33813,9,2044.4704950407508,0.010207686837207812
4347,33813,12,2058.1191049531176,0.010207686837207812
4348,33815,3,1574.7036017379448,0.003109643754133574
4349,33815,6,1620.1439885004593,0.003109643754133574
4350,33815,9,1665.5843752629737,0.003109643754133574
4351,33815,12,1711.0247620254881,0.003109643754133574
4352,33823,3,1808.8507854266575,0.004840891375120365
4353,33823,6,1822.2642883793296,0.004840891375120365
4354,33823,9,1835.677791332002,0.004840891375120365
4355,33823,12,1849.0912942846742,0.004840891375120365
4356,33830,3,1677.2719524601187,0.005949930115036969
4357,33830,6,1691.978944022464,0.005949930115036969
4358,33830,9,1706.6859355848096,0.005949930115036969
4359,33830,12,1721.3929271471552,0.005949930115036969
4360,33837,3,2125.514497208254,0.008688698311603044
4361,33837,6,2124.5529427167676,0.008688698311603044
4362,33837,9,2123.591388225281,0.008688698311603044
4363,33837,12,2122.629833733795,0.008688698311603044
4364,33844,3,2071.6747730003012,0.00750065714186891
4365,33844,6,2091.772168184666,0.00750065714186891
4366,33844,9,2111.8695633690313,0.00750065714186891
4367,33844,12,2131.966958553396,0.00750065714186891
4368,33852,3,1403.1897938281602,0.0027073783403766343
4369,33852,6,1413.232057058495,0.0027073783403766343
4370,33852,9,1423.2743202888296,0.0027073783403766343
4371,33852,12,1433.3165835191644,0.0027073783403766343
4372,33853,3,1409.2662494302022,0.004779274060502548
4373,33853,6,1408.888021978645,0.004779274060502548
4374,33853,9,1408.509794527088,0.004779274060502548
4375,33853,12,1408.1315670755307,0.004779274060502548
4376,33860,3,1698.4686389315714,0.0063705417126212575
4377,33860,6,1692.302493043132,0.0063705417126212575
4378,33860,9,1686.1363471546927,0.0063705417126212575
4379,33860,12,1679.970201266253,0.0063705417126212575
4380,33870,3,1533.369652771345,0.0039087311890491794
4381,33870,6,1545.4081415155656,0.0039087311890491794
4382,33870,9,1557.4466302597862,0.0039087311890491794
4383,33870,12,1569.4851190040065,0.0039087311890491794
4384,33880,3,1591.9739847126316,0.007750600680244864
4385,33880,6,1597.036902080235,0.007750600680244864
4386,33880,9,1602.0998194478382,0.007750600680244864
4387,33880,12,1607.1627368154416,0.007750600680244864
4388,33881,3,1798.237776524898,0.008827714274300444
4389,33881,6,1799.6158368493939,0.008827714274300444
4390,33881,9,1800.99389717389,0.008827714274300444
4391,33881,12,1802.3719574983859,0.008827714274300444
4392,33884,3,1830.6210360142582,0.009575137941177713
4393,33884,6,1823.1664536871035,0.009575137941177713
4394,33884,9,1815.711871359949,0.009575137941177713
4395,33884,12,1808.2572890327947,0.009575137941177713
4396,33896,3,1866.8185403586826,0.012487322465011861
4397,33896,6,1870.3430557681274,0.012487322465011861
4398,33896,9,1873.867571177572,0.012487322465011861
4399,33896,12,1877.3920865870168,0.012487322465011861
4400,33897,3,2245.8992162462278,0.013420936627557565
4401,33897,6,2271.040566945409,0.013420936627557565
4402,33897,9,2296.18191764459,0.013420936627557565
4403,33897,12,2321.323268343771,0.013420936627557565
4404,33901,3,1684.3398355364295,0.00813885660941816
4405,33901,6,1685.2946971751069,0.00813885660941816
4406,33901,9,1686.2495588137842,0.00813885660941816
4407,33901,12,1687.2044204524614,0.00813885660941816
4408,33903,3,1672.43691248773,0.0050752601953897285
4409,33903,6,1674.1036109931863,0.0050752601953897285
4410,33903,9,1675.7703094986423,0.0050752601953897285
4411,33903,12,1677.4370080040985,0.0050752601953897285
4412,33904,3,2052.4815132441595,0.013354999259768262
4413,33904,6,2043.5001365378723,0.013354999259768262
4414,33904,9,2034.5187598315852,0.013354999259768262
4415,33904,12,2025.5373831252982,0.013354999259768262
4416,33905,3,1879.3976021577294,0.007651457637534287
4417,33905,6,1883.3166401116866,0.007651457637534287
4418,33905,9,1887.2356780656437,0.007651457637534287
4419,33905,12,1891.1547160196008,0.007651457637534287
4420,33907,3,1575.4297300821634,0.007264180679970597
4421,33907,6,1577.0746420147636,0.007264180679970597
4422,33907,9,1578.7195539473637,0.007264180679970597
4423,33907,12,1580.364465879964,0.007264180679970597
4424,33908,3,1883.5921201620797,0.007954299630913795
4425,33908,6,1871.1408536204015,0.007954299630913795
4426,33908,9,1858.6895870787232,0.007954299630913795
4427,33908,12,1846.238320537045,0.007954299630913795
4428,33909,3,1986.1370168365925,0.005548906392299069
4429,33909,6,1950.1456028312143,0.005548906392299069
4430,33909,9,1914.1541888258362,0.005548906392299069
4431,33909,12,1878.1627748204578,0.005548906392299069
4432,33912,3,1879.198639519113,0.007239810418280657
4433,33912,6,1877.6023688221212,0.007239810418280657
4434,33912,9,1876.0060981251295,0.007239810418280657
4435,33912,12,1874.4098274281378,0.007239810418280657
4436,33913,3,2169.432115220299,0.008348922213644841
4437,33913,6,2175.2293829138625,0.008348922213644841
4438,33913,9,2181.026650607426,0.008348922213644841
4439,33913,12,2186.823918300989,0.008348922213644841
4440,33914,3,2045.9202782375214,0.012193401882375715
4441,33914,6,2024.5561588782066,0.012193401882375715
4442,33914,9,2003.1920395188918,0.012193401882375715
4443,33914,12,1981.8279201595772,0.012193401882375715
4444,33916,3,1715.605614388151,0.015081460737694567
4445,33916,6,1701.4620047854896,0.015081460737694567
4446,33916,9,1687.318395182828,0.015081460737694567
4447,33916,12,1673.1747855801664,0.015081460737694567
4448,33917,3,1698.8084179161374,0.00442679884764665
4449,33917,6,1698.4179648877318,0.00442679884764665
4450,33917,9,1698.0275118593263,0.00442679884764665
4451,33917,12,1697.6370588309208,0.00442679884764665
4452,33919,3,1855.81638292635,0.007562637707042385
4453,33919,6,1836.6568687966019,0.007562637707042385
4454,33919,9,1817.4973546668537,0.007562637707042385
4455,33919,12,1798.3378405371056,0.007562637707042385
4456,33928,3,2676.0691209849188,0.015109558565114704
4457,33928,6,2658.513095803431,0.015109558565114704
4458,33928,9,2640.957070621943,0.015109558565114704
4459,33928,12,2623.401045440455,0.015109558565114704
4460,33936,3,1742.2996499890926,0.003360375959267932
4461,33936,6,1741.8129051868402,0.003360375959267932
4462,33936,9,1741.326160384588,0.003360375959267932
4463,33936,12,1740.8394155823357,0.003360375959267932
4464,33947,3,2150.9983032614255,0.00820455417835116
4465,33947,6,2152.2513548620614,0.00820455417835116
4466,33947,9,2153.5044064626973,0.00820455417835116
4467,33947,12,2154.7574580633336,0.00820455417835116
4468,33950,3,2025.8130795099712,0.00951813202742594
4469,33950,6,2020.1505630859476,0.00951813202742594
4470,33950,9,2014.4880466619238,0.00951813202742594
4471,33950,12,2008.8255302379,0.00951813202742594
4472,33952,3,1698.6655875530041,0.006172483438151665
4473,33952,6,1690.5786722856913,0.006172483438151665
4474,33952,9,1682.4917570183786,0.006172483438151665
4475,33952,12,1674.404841751066,0.006172483438151665
4476,33953,3,1902.8683026162053,0.005646655714923256
4477,33953,6,1903.273308173737,0.005646655714923256
4478,33953,9,1903.6783137312686,0.005646655714923256
4479,33953,12,1904.0833192888003,0.005646655714923256
4480,33954,3,1741.9561069079887,0.009166895639752455
4481,33954,6,1680.3824205802075,0.009166895639752455
4482,33954,9,1618.8087342524263,0.009166895639752455
4483,33954,12,1557.2350479246452,0.009166895639752455
4484,33955,3,2889.7824957056537,0.00979466070695177
4485,33955,6,3380.3930537175042,0.00979466070695177
4486,33955,9,3871.0036117293553,0.00979466070695177
4487,33955,12,4361.614169741206,0.00979466070695177
4488,33966,3,1753.3429312002004,0.009446968310909737
4489,33966,6,1695.4540977539566,0.009446968310909737
4490,33966,9,1637.5652643077128,0.009446968310909737
4491,33966,12,1579.6764308614693,0.009446968310909737
4492,33967,3,2052.3398769958876,0.005427198919077728
4493,33967,6,2048.894873210487,0.005427198919077728
4494,33967,9,2045.4498694250863,0.005427198919077728
4495,33967,12,2042.0048656396857,0.005427198919077728
4496,33971,3,2093.843485261138,0.0054383679219112665
4497,33971,6,2097.3743483401727,0.0054383679219112665
4498,33971,9,2100.9052114192073,0.0054383679219112665
4499,33971,12,2104.436074498242,0.0054383679219112665
4500,33973,3,1822.2672023366924,0.009391263539287063
4501,33973,6,1808.5921144123006,0.009391263539287063
4502,33973,9,1794.917026487909,0.009391263539287063
4503,33973,12,1781.2419385635171,0.009391263539287063
4504,33974,3,2190.657223451606,0.006376383461108422
4505,33974,6,2195.219548878491,0.006376383461108422
4506,33974,9,2199.781874305376,0.006376383461108422
4507,33974,12,2204.3441997322607,0.006376383461108422
4508,33976,3,2110.081040118623,0.004673852180913619
4509,33976,6,2111.00582167927,0.004673852180913619
4510,33976,9,2111.9306032399168,0.004673852180913619
4511,33976,12,2112.8553848005636,0.004673852180913619
4512,33981,3,1828.1197083949066,0.007480797566812863
4513,33981,6,1827.8392416155993,0.007480797566812863
4514,33981,9,1827.5587748362918,0.007480797566812863
4515,33981,12,1827.2783080569843,0.007480797566812863
4516,33982,3,3215.0515275365337,0.00424908542355056
4517,33982,6,3248.0191242538367,0.00424908542355056
4518,33982,9,3280.9867209711397,0.00424908542355056
4519,33982,12,3313.9543176884426,0.00424908542355056
4520,33983,3,1868.7536254935844,0.006096264836695935
4521,33983,6,1858.5696174722414,0.006096264836695935
4522,33983,9,1848.385609450898,0.006096264836695935
4523,33983,12,1838.201601429555,0.006096264836695935
4524,33990,3,1888.9700835037418,0.008490759943307514
4525,33990,6,1877.6138193866018,0.008490759943307514
4526,33990,9,1866.2575552694616,0.008490759943307514
4527,33990,12,1854.9012911523214,0.008490759943307514
4528,33991,3,1941.2231877693878,0.011509418630151133
4529,33991,6,1921.0089758988524,0.011509418630151133
4530,33991,9,1900.7947640283173,0.011509418630151133
4531,33991,12,1880.5805521577822,0.011509418630151133
4532,33993,3,2157.8982751645212,0.011992072040154561
4533,33993,6,2150.4585190072194,0.011992072040154561
4534,33993,9,2143.018762849918,0.011992072040154561
4535,33993,12,2135.579006692616,0.011992072040154561
4536,34102,3,10271.701334009762,0.022109771953933162
4537,34102,6,10414.775427996321,0.022109771953933162
4538,34102,9,10557.84952198288,0.022109771953933162
4539,34102,12,10700.92361596944,0.022109771953933162
4540,34103,3,9547.55291944856,0.011187262095607203
4541,34103,6,9649.607158645456,0.011187262095607203
4542,34103,9,9751.661397842354,0.011187262095607203
4543,34103,12,9853.71563703925,0.011187262095607203
4544,34104,3,2072.7484336334055,0.014260172057212493
4545,34104,6,1951.5761278262078,0.014260172057212493
4546,34104,9,1830.4038220190102,0.014260172057212493
4547,34104,12,1709.2315162118125,0.014260172057212493
4548,34105,3,2331.030131124531,0.009594691133877176
4549,34105,6,2336.276149343347,0.009594691133877176
4550,34105,9,2341.522167562162,0.009594691133877176
4551,34105,12,2346.768185780977,0.009594691133877176
4552,34108,3,9205.481466034646,0.013023530875413981
4553,34108,6,9298.458407294123,0.013023530875413981
4554,34108,9,9391.435348553601,0.013023530875413981
4555,34108,12,9484.41228981308,0.013023530875413981
4556,34109,3,2155.8638991382986,0.016421817280083
4557,34109,6,2145.7640245768266,0.016421817280083
4558,34109,9,2135.6641500153546,0.016421817280083
4559,34109,12,2125.5642754538826,0.016421817280083
4560,34110,3,2683.6896667790757,0.011061160887626126
4561,34110,6,2703.1404331912295,0.011061160887626126
4562,34110,9,2722.591199603383,0.011061160887626126
4563,34110,12,2742.0419660155367,0.011061160887626126
4564,34112,3,2462.1035330126097,0.012891108684774633
4565,34112,6,2443.410432742099,0.012891108684774633
4566,34112,9,2424.717332471588,0.012891108684774633
4567,34112,12,2406.0242322010777,0.012891108684774633
4568,34113,3,3854.2116388516824,0.007766975417859611
4569,34113,6,3863.7273046128107,0.007766975417859611
4570,34113,9,3873.242970373939,0.007766975417859611
4571,34113,12,3882.758636135067,0.007766975417859611
4572,34114,3,4501.70000653636,0.011053194562941068
4573,34114,6,4501.751099948115,0.011053194562941068
4574,34114,9,4501.80219335987,0.011053194562941068
4575,34114,12,4501.853286771626,0.011053194562941068
4576,34119,3,2681.0560799046434,0.015413377019046963
4577,34119,6,2698.0433324454993,0.015413377019046963
4578,34119,9,2715.0305849863553,0.015413377019046963
4579,34119,12,2732.017837527211,0.015413377019046963
4580,34120,3,2788.937827443027,0.009536647632776316
4581,34120,6,2793.6138563346685,0.009536647632776316
4582,34120,9,2798.2898852263106,0.009536647632776316
4583,34120,12,2802.9659141179523,0.009536647632776316
4584,34134,3,4765.741175621019,0.010617520511498947
4585,34134,6,4765.788633173744,0.010617520511498947
4586,34134,9,4765.83609072647,0.010617520511498947
4587,34134,12,4765.883548279195,0.010617520511498947
4588,34135,3,2673.0568594202755,0.009019571180728275
4589,34135,6,2689.008673281163,0.009019571180728275
4590,34135,9,2704.96048714205,0.009019571180728275
4591,34135,12,2720.912301002938,0.009019571180728275
4592,34142,3,2910.7849909307038,0.004889848282833226
4593,34142,6,2912.4047356282526,0.004889848282833226
4594,34142,9,2914.024480325802,0.004889848282833226
4595,34142,12,2915.6442250233513,0.004889848282833226
4596,34145,3,6046.622712774367,0.012921891893565747
4597,34145,6,6064.161084705665,0.012921891893565747
4598,34145,9,6081.699456636964,0.012921891893565747
4599,34145,12,6099.237828568263,0.012921891893565747
4600,34202,3,2625.6753574923428,0.008086818296168953
4601,34202,6,2608.8022597711515,0.008086818296168953
4602,34202,9,2591.9291620499607,0.008086818296168953
4603,34202,12,2575.0560643287695,0.008086818296168953
4604,34203,3,2360.671274188948,0.016085408954897254
4605,34203,6,2370.8782743111797,0.016085408954897254
4606,34203,9,2381.085274433411,0.016085408954897254
4607,34203,12,2391.292274555643,0.016085408954897254
4608,34205,3,1750.5696926670514,0.013179890578968057
4609,34205,6,1764.585755027763,0.013179890578968057
4610,34205,9,1778.6018173884747,0.013179890578968057
4611,34205,12,1792.6178797491864,0.013179890578968057
4612,34207,3,1672.1983817251153,0.012176149489472595
4613,34207,6,1694.150640363731,0.012176149489472595
4614,34207,9,1716.102899002347,0.012176149489472595
4615,34207,12,1738.0551576409625,0.012176149489472595
4616,34208,3,1940.0708055773066,0.01141813350518936
4617,34208,6,1953.7437657053604,0.01141813350518936
4618,34208,9,1967.4167258334141,0.01141813350518936
4619,34208,12,1981.089685961468,0.01141813350518936
4620,34209,3,2176.389078226083,0.009705266444799713
4621,34209,6,2184.9929665932823,0.009705266444799713
4622,34209,9,2193.5968549604813,0.009705266444799713
4623,34209,12,2202.200743327681,0.009705266444799713
4624,34210,3,1672.9840120627657,0.014716127662420836
4625,34210,6,1681.760576539215,0.014716127662420836
4626,34210,9,1690.537141015664,0.014716127662420836
4627,34210,12,1699.313705492113,0.014716127662420836
4628,34211,3,2432.1419027358243,0.006619389088529262
4629,34211,6,2430.402999131999,0.006619389088529262
4630,34211,9,2428.664095528174,0.006619389088529262
4631,34211,12,2426.9251919243493,0.006619389088529262
4632,34212,3,2248.1086094496222,0.004689607931652866
4633,34212,6,2249.084824975047,0.004689607931652866
4634,34212,9,2250.061040500472,0.004689607931652866
4635,34212,12,2251.0372560258966,0.004689607931652866
4636,34219,3,2841.1356616828607,0.006684759764247243
4637,34219,6,2868.1733425739253,0.006684759764247243
4638,34219,9,2895.21102346499,0.006684759764247243
4639,34219,12,2922.2487043560545,0.006684759764247243
4640,34221,3,2444.999709587204,0.011346123567033796
4641,34221,6,2466.3135169247657,0.011346123567033796
4642,34221,9,2487.627324262327,0.011346123567033796
4643,34221,12,2508.941131599888,0.011346123567033796
4644,34223,3,1794.1579738659461,0.010061199552565996
4645,34223,6,1798.9084145500449,0.010061199552565996
4646,34223,9,1803.6588552341439,0.010061199552565996
4647,34223,12,1808.4092959182428,0.010061199552565996
4648,34224,3,1887.257770464727,0.0
4649,34224,6,1887.257770464727,0.0
4650,34224,9,1887.257770464727,0.0
4651,34224,12,1887.257770464727,0.0
4652,34231,3,2237.8071331406563,0.014270409664252273
4653,34231,6,2255.230738151218,0.014270409664252273
4654,34231,9,2272.654343161779,0.014270409664252273
4655,34231,12,2290.0779481723403,0.014270409664252273
4656,34232,3,2264.686608292658,0.014366409171801634
4657,34232,6,2275.2289954077796,0.014366409171801634
4658,34232,9,2285.771382522901,0.014366409171801634
4659,34232,12,2296.3137696380227,0.014366409171801634
4660,34233,3,2393.8279928869274,0.005890278569234099
4661,34233,6,2394.4951540137454,0.005890278569234099
4662,34233,9,2395.1623151405634,0.005890278569234099
4663,34233,12,2395.8294762673813,0.005890278569234099
4664,34234,3,2087.1318416444915,0.006144046538863167
4665,34234,6,2088.2824704793916,0.006144046538863167
4666,34234,9,2089.4330993142917,0.006144046538863167
4667,34234,12,2090.5837281491918,0.006144046538863167
4668,34235,3,2299.689914281622,0.009146042147303881
4669,34235,6,2299.6979066905164,0.009146042147303881
4670,34235,9,2299.7058990994105,0.009146042147303881
4671,34235,12,2299.7138915083046,0.009146042147303881
4672,34236,3,2840.1367792844453,0.01769755306287347
4673,34236,6,2833.3186599568503,0.01769755306287347
4674,34236,9,2826.5005406292557,0.01769755306287347
4675,34236,12,2819.6824213016607,0.01769755306287347
4676,34237,3,2068.8021294878963,0.006886457572082296
4677,34237,6,2072.374629569187,0.006886457572082296
4678,34237,9,2075.9471296504785,0.006886457572082296
4679,34237,12,2079.5196297317693,0.006886457572082296
4680,34238,3,2011.5053032709714,0.013581948648958692
4681,34238,6,2008.8783186787148,0.013581948648958692
4682,34238,9,2006.2513340864582,0.013581948648958692
4683,34238,12,2003.6243494942016,0.013581948648958692
4684,34239,3,2627.7016450753044,0.011573898301793801
4685,34239,6,2738.6810680184135,0.011573898301793801
4686,34239,9,2849.6604909615226,0.011573898301793801
4687,34239,12,2960.6399139046316,0.011573898301793801
4688,34240,3,2198.880050092046,0.007290331394412923
4689,34240,6,2096.531105825849,0.007290331394412923
4690,34240,9,1994.1821615596516,0.007290331394412923
4691,34240,12,1891.8332172934543,0.007290331394412923
4692,34241,3,2598.0315930525076,0.0
4693,34241,6,2598.0315930525076,0.0
4694,34241,9,2598.0315930525076,0.0
4695,34241,12,2598.0315930525076,0.0
4696,34242,3,5786.261807966267,0.010446619983858879
4697,34242,6,6103.438109832661,0.010446619983858879
4698,34242,9,6420.6144116990545,0.010446619983858879
4699,34242,12,6737.790713565448,0.010446619983858879
4700,34243,3,2216.2752537869046,0.01405566052642845
4701,34243,6,2234.261273711465,0.01405566052642845
4702,34243,9,2252.2472936360255,0.01405566052642845
4703,34243,12,2270.2333135605863,0.01405566052642845
4704,34275,3,2089.647737012395,0.006464289681907585
4705,34275,6,2093.0223788611747,0.006464289681907585
4706,34275,9,2096.3970207099546,0.006464289681907585
4707,34275,12,2099.7716625587345,0.006464289681907585
4708,34285,3,2394.4565898652254,0.0
4709,34285,6,2394.4565898652254,0.0
4710,34285,9,2394.4565898652254,0.0
4711,34285,12,2394.4565898652254,0.0
4712,34286,3,2144.710708714784,0.013359304212367935
4713,34286,6,2148.5124406071714,0.013359304212367935
4714,34286,9,2152.3141724995594,0.013359304212367935
4715,34286,12,2156.115904391947,0.013359304212367935
4716,34287,3,1951.5434921764443,0.010182298955956272
4717,34287,6,1958.2735759676304,0.010182298955956272
4718,34287,9,1965.0036597588169,0.010182298955956272
4719,34287,12,1971.733743550003,0.010182298955956272
4720,34288,3,1959.0304465435458,0.013827656526569941
4721,34288,6,1954.0312516284037,0.013827656526569941
4722,34288,9,1949.0320567132617,0.013827656526569941
4723,34288,12,1944.0328617981195,0.013827656526569941
4724,34292,3,1894.2926817473167,0.0072299041937547125
4725,34292,6,1896.0282969757654,0.0072299041937547125
4726,34292,9,1897.7639122042142,0.0072299041937547125
4727,34292,12,1899.499527432663,0.0072299041937547125
4728,34293,3,2465.4461727037137,0.014078036873951195
4729,34293,6,2483.1264505200784,0.014078036873951195
4730,34293,9,2500.8067283364435,0.014078036873951195
4731,34293,12,2518.4870061528086,0.014078036873951195
4732,34434,3,1759.654894820891,0.0022979467410899892
4733,34434,6,1744.3433251101546,0.0022979467410899892
4734,34434,9,1729.0317553994184,0.0022979467410899892
4735,34434,12,1713.7201856886822,0.0022979467410899892
4736,34465,3,1464.3976808387213,0.0032799074921578244
4737,34465,6,1463.7877888136813,0.0032799074921578244
4738,34465,9,1463.1778967886412,0.0032799074921578244
4739,34465,12,1462.5680047636013,0.0032799074921578244
4740,34470,3,1517.423328795126,0.00470338802591154
4741,34470,6,1541.6271760267557,0.00470338802591154
4742,34470,9,1565.8310232583851,0.00470338802591154
4743,34470,12,1590.0348704900146,0.00470338802591154
4744,34471,3,1627.3345258090217,0.00846610126821086
4745,34471,6,1657.172821564369,0.00846610126821086
4746,34471,9,1687.0111173197167,0.00846610126821086
4747,34471,12,1716.8494130750641,0.00846610126821086
4748,34472,3,1673.8853917392075,0.004246353336494051
4749,34472,6,1692.0132077984154,0.004246353336494051
4750,34472,9,1710.1410238576232,0.004246353336494051
4751,34472,12,1728.268839916831,0.004246353336494051
4752,34473,3,1777.4833328972747,0.006287037311579642
4753,34473,6,1788.2953238827872,0.006287037311579642
4754,34473,9,1799.1073148683,0.006287037311579642
4755,34473,12,1809.9193058538126,0.006287037311579642
4756,34474,3,1635.215223697788,0.01094784427231897
4757,34474,6,1658.3779325157593,0.01094784427231897
4758,34474,9,1681.5406413337305,0.01094784427231897
4759,34474,12,1704.703350151702,0.01094784427231897
4760,34476,3,1990.9013324647406,0.0008978692384784999
4761,34476,6,1990.9758754668499,0.0008978692384784999
4762,34476,9,1991.0504184689592,0.0008978692384784999
4763,34476,12,1991.1249614710684,0.0008978692384784999
4764,34480,3,1375.2042388862171,0.003500786089784027
4765,34480,6,1381.7768376887957,0.003500786089784027
4766,34480,9,1388.3494364913743,0.003500786089784027
4767,34480,12,1394.9220352939528,0.003500786089784027
4768,34482,3,1873.0228989864627,0.0017969875096415715
4769,34482,6,1897.0012981683476,0.0017969875096415715
4770,34482,9,1920.9796973502323,0.0017969875096415715
4771,34482,12,1944.9580965321172,0.0017969875096415715
4772,34601,3,1474.824156361859,0.0
4773,34601,6,1474.824156361859,0.0
4774,34601,9,1474.824156361859,0.0
4775,34601,12,1474.824156361859,0.0
4776,34604,3,1572.3990635417258,0.004862475775278826
4777,34604,6,1401.1205511314183,0.004862475775278826
4778,34604,9,1229.8420387211108,0.004862475775278826
4779,34604,12,1058.5635263108031,0.004862475775278826
4780,34606,3,1733.9963971658499,0.00967008596759031
4781,34606,6,1742.9877217457322,0.00967008596759031
4782,34606,9,1751.9790463256143,0.00967008596759031
4783,34606,12,1760.9703709054966,0.00967008596759031
4784,34608,3,1777.7275894730499,0.007803392918628663
4785,34608,6,1794.5774954883218,0.007803392918628663
4786,34608,9,1811.4274015035937,0.007803392918628663
4787,34608,12,1828.2773075188657,0.007803392918628663
4788,34609,3,2047.1141944869803,0.01133106658249045
4789,34609,6,2070.8752439235204,0.01133106658249045
4790,34609,9,2094.6362933600603,0.01133106658249045
4791,34609,12,2118.3973427966002,0.01133106658249045
4792,34638,3,2288.5930027296836,0.006176513580349901
4793,34638,6,2283.569020009227,0.006176513580349901
4794,34638,9,2278.545037288771,0.006176513580349901
4795,34638,12,2273.5210545683144,0.006176513580349901
4796,34639,3,2082.7845370880054,0.008363606679362296
4797,34639,6,2118.4674072702574,0.008363606679362296
4798,34639,9,2154.1502774525097,0.008363606679362296
4799,34639,12,2189.8331476347616,0.008363606679362296
4800,34652,3,1534.7338048546587,0.006076292474816976
4801,34652,6,1548.2985557002262,0.006076292474816976
4802,34652,9,1561.8633065457934,0.006076292474816976
4803,34652,12,1575.4280573913607,0.006076292474816976
4804,34653,3,1696.2539111268507,0.008781142589737735
4805,34653,6,1709.6550218320192,0.008781142589737735
4806,34653,9,1723.056132537188,0.008781142589737735
4807,34653,12,1736.4572432423565,0.008781142589737735
4808,34654,3,1997.4305497682228,0.002504890685273674
4809,34654,6,2133.2870132203802,0.002504890685273674
4810,34654,9,2269.1434766725374,0.002504890685273674
4811,34654,12,2404.9999401246946,0.002504890685273674
4812,34655,3,1996.3010792943187,0.003511458996334989
4813,34655,6,2006.1405174623135,0.003511458996334989
4814,34655,9,2015.9799556303083,0.003511458996334989
4815,34655,12,2025.819393798303,0.003511458996334989
4816,34667,3,1859.9529988240752,0.011296769104675163
4817,34667,6,1887.8981285288455,0.011296769104675163
4818,34667,9,1915.8432582336159,0.011296769104675163
4819,34667,12,1943.7883879383864,0.011296769104675163
4820,34668,3,1702.1239505474637,0.00435927474068302
4821,34668,6,1713.5101295010847,0.00435927474068302
4822,34668,9,1724.8963084547056,0.00435927474068302
4823,34668,12,1736.2824874083265,0.00435927474068302
4824,34677,3,2001.0119657566586,0.006455257708218064
4825,34677,6,2019.0686898965976,0.006455257708218064
4826,34677,9,2037.1254140365368,0.006455257708218064
4827,34677,12,2055.1821381764757,0.006455257708218064
4828,34683,3,1900.9401005020648,0.005612515840242371
4829,34683,6,1912.1629017608834,0.005612515840242371
4830,34683,9,1923.3857030197019,0.005612515840242371
4831,34683,12,1934.6085042785203,0.005612515840242371
4832,34684,3,1910.005793176779,0.00517771349801111
4833,34684,6,1956.828433076033,0.00517771349801111
4834,34684,9,2003.6510729752872,0.00517771349801111
4835,34684,12,2050.473712874541,0.00517771349801111
4836,34685,3,2239.8136452396416,0.005894621071582907
4837,34685,6,2398.153464508789,0.005894621071582907
4838,34685,9,2556.493283777936,0.005894621071582907
4839,34685,12,2714.8331030470836,0.005894621071582907
4840,34689,3,2116.098482112675,0.007008059493350173
4841,34689,6,2160.2288697345607,0.007008059493350173
4842,34689,9,2204.359257356446,0.007008059493350173
4843,34689,12,2248.4896449783314,0.007008059493350173
4844,34690,3,1612.178386613648,0.005375200939274032
4845,34690,6,1614.1565117183727,0.005375200939274032
4846,34690,9,1616.1346368230973,0.005375200939274032
4847,34690,12,1618.112761927822,0.005375200939274032
4848,34691,3,1687.0775203580667,0.008991345378829719
4849,34691,6,1691.432832667727,0.008991345378829719
4850,34691,9,1695.7881449773872,0.008991345378829719
4851,34691,12,1700.1434572870473,0.008991345378829719
4852,34698,3,2026.661234175775,0.011130433747947895
4853,34698,6,2045.1589124168245,0.011130433747947895
4854,34698,9,2063.656590657874,0.011130433747947895
4855,34698,12,2082.154268898923,0.011130433747947895
4856,34711,3,2078.764842908028,0.008352906131186118
4857,34711,6,2092.4049611709065,0.008352906131186118
4858,34711,9,2106.045079433785,0.008352906131186118
4859,34711,12,2119.6851976966636,0.008352906131186118
4860,34714,3,2201.059295021591,0.008670280175246176
4861,34714,6,2206.387124049825,0.008670280175246176
4862,34714,9,2211.7149530780594,0.008670280175246176
4863,34714,12,2217.0427821062935,0.008670280175246176
4864,34715,3,2460.1866755166425,0.005305184983287143
4865,34715,6,2483.4142153224116,0.005305184983287143
4866,34715,9,2506.6417551281806,0.005305184983287143
4867,34715,12,2529.8692949339497,0.005305184983287143
4868,34736,3,2307.9078427876825,0.004613859131728457
4869,34736,6,2317.7415572168275,0.004613859131728457
4870,34736,9,2327.5752716459724,0.004613859131728457
4871,34736,12,2337.4089860751174,0.004613859131728457
4872,34741,3,1793.011489365364,0.0071071239650974324
4873,34741,6,1785.6569831864447,0.0071071239650974324
4874,34741,9,1778.302477007525,0.0071071239650974324
4875,34741,12,1770.9479708286058,0.0071071239650974324
4876,34743,3,2285.2343012493366,0.00895277078136816
4877,34743,6,2306.35277127289,0.00895277078136816
4878,34743,9,2327.471241296444,0.00895277078136816
4879,34743,12,2348.5897113199976,0.00895277078136816
4880,34744,3,2143.007987802736,0.008686725790909372
4881,34744,6,2148.061984853345,0.008686725790909372
4882,34744,9,2153.115981903955,0.008686725790909372
4883,34744,12,2158.169978954564,0.008686725790909372
4884,34746,3,2245.621424233878,0.008288785864527602
4885,34746,6,2239.601853715704,0.008288785864527602
4886,34746,9,2233.5822831975293,0.008288785864527602
4887,34746,12,2227.562712679355,0.008288785864527602
4888,34747,3,2041.09165245019,0.00996863822878229
4889,34747,6,2049.6709422922036,0.00996863822878229
4890,34747,9,2058.2502321342176,0.00996863822878229
4891,34747,12,2066.8295219762313,0.00996863822878229
4892,34748,3,1677.8801049990814,0.011522428623268556
4893,34748,6,1703.2753797329283,0.011522428623268556
4894,34748,9,1728.6706544667754,0.011522428623268556
4895,34748,12,1754.0659292006223,0.011522428623268556
4896,34758,3,2084.9576160229103,0.008319028087541171
4897,34758,6,2100.323696211554,0.008319028087541171
4898,34758,9,2115.689776400197,0.008319028087541171
4899,34758,12,2131.0558565888405,0.008319028087541171
4900,34759,3,1894.530493598587,0.006293397975204404
4901,34759,6,1905.8421817986132,0.006293397975204404
4902,34759,9,1917.153869998639,0.006293397975204404
4903,34759,12,1928.4655581986651,0.006293397975204404
4904,34761,3,2306.7079904448665,0.00783028251518309
4905,34761,6,2323.393513620913,0.00783028251518309
4906,34761,9,2340.07903679696,0.00783028251518309
4907,34761,12,2356.7645599730063,0.00783028251518309
4908,34769,3,2022.738337136457,0.0042826864929550144
4909,34769,6,2035.6671252150716,0.0042826864929550144
4910,34769,9,2048.5959132936864,0.0042826864929550144
4911,34769,12,2061.524701372301,0.0042826864929550144
4912,34771,3,2470.91129445539,0.003784553471748337
4913,34771,6,2474.5801397510936,0.003784553471748337
4914,34771,9,2478.2489850467973,0.003784553471748337
4915,34771,12,2481.917830342501,0.003784553471748337
4916,34772,3,2239.1805433200375,0.005411163899631786
4917,34772,6,2257.520950482698,0.005411163899631786
4918,34772,9,2275.861357645358,0.005411163899631786
4919,34772,12,2294.201764808018,0.005411163899631786
4920,34785,3,1602.4902312592617,0.0073473504433339285
4921,34785,6,1607.231036278118,0.0073473504433339285
4922,34785,9,1611.9718412969742,0.0073473504433339285
4923,34785,12,1616.7126463158304,0.0073473504433339285
4924,34786,3,2492.539349033026,0.008460732872439236
4925,34786,6,2524.5461751273606,0.008460732872439236
4926,34786,9,2556.5530012216955,0.008460732872439236
4927,34786,12,2588.55982731603,0.008460732872439236
4928,34787,3,2536.6882915937363,0.006913778210597858
4929,34787,6,2572.0083763873376,0.006913778210597858
4930,34787,9,2607.3284611809395,0.006913778210597858
4931,34787,12,2642.6485459745413,0.006913778210597858
4932,34949,3,2309.5976077411638,0.011943982588476605
4933,34949,6,2316.122864792641,0.011943982588476605
4934,34949,9,2322.6481218441186,0.011943982588476605
4935,34949,12,2329.173378895596,0.011943982588476605
4936,34950,3,1423.2618704418874,0.0024408610918976274
4937,34950,6,1423.7056612662511,0.0024408610918976274
4938,34950,9,1424.1494520906151,0.0024408610918976274
4939,34950,12,1424.5932429149789,0.0024408610918976274
4940,34952,3,2012.772245859945,0.003948873957536718
4941,34952,6,2044.7160796324247,0.003948873957536718
4942,34952,9,2076.659913404904,0.003948873957536718
4943,34952,12,2108.6037471773834,0.003948873957536718
4944,34953,3,2489.856428072987,0.010635105579435235
4945,34953,6,2498.596585970026,0.010635105579435235
4946,34953,9,2507.3367438670653,0.010635105579435235
4947,34953,12,2516.076901764104,0.010635105579435235
4948,34957,3,2576.046322279391,0.009411282820672058
4949,34957,6,2599.773985896065,0.009411282820672058
4950,34957,9,2623.5016495127384,0.009411282820672058
4951,34957,12,2647.2293131294123,0.009411282820672058
4952,34982,3,1852.402298228623,0.0027678942139795757
4953,34982,6,1853.7834325125864,0.0027678942139795757
4954,34982,9,1855.1645667965497,0.0027678942139795757
4955,34982,12,1856.5457010805133,0.0027678942139795757
4956,34983,3,2559.109044460502,0.0132437923630471
4957,34983,6,2571.915683503162,0.0132437923630471
4958,34983,9,2584.722322545823,0.0132437923630471
4959,34983,12,2597.528961588483,0.0132437923630471
4960,34984,3,2193.8325673046475,0.00981715460695835
4961,34984,6,2198.8809488621914,0.00981715460695835
4962,34984,9,2203.9293304197354,0.00981715460695835
4963,34984,12,2208.977711977279,0.00981715460695835
4964,34986,3,1963.600515394422,0.0050031607201258994
4965,34986,6,1966.071334308597,0.0050031607201258994
4966,34986,9,1968.542153222772,0.0050031607201258994
4967,34986,12,1971.0129721369472,0.0050031607201258994
4968,34987,3,2850.4696535636626,0.01054787707513115
4969,34987,6,2850.499625542249,0.01054787707513115
4970,34987,9,2850.529597520835,0.01054787707513115
4971,34987,12,2850.5595694994213,0.01054787707513115
4972,34990,3,2946.4074393579085,0.010694710714842499
4973,34990,6,2954.462588384366,0.010694710714842499
4974,34990,9,2962.517737410823,0.010694710714842499
4975,34990,12,2970.5728864372804,0.010694710714842499
4976,34994,3,2209.0950025771986,0.006657726100102872
4977,34994,6,2227.5567336576,0.006657726100102872
4978,34994,9,2246.0184647380015,0.006657726100102872
4979,34994,12,2264.4801958184025,0.006657726100102872
4980,34997,3,2072.4248333880023,0.0054016106091241654
4981,34997,6,2089.567285913228,0.0054016106091241654
4982,34997,9,2106.7097384384533,0.0054016106091241654
4983,34997,12,2123.8521909636784,0.0054016106091241654
4984,35004,3,1729.2350307644965,0.0006249862320891106
4985,35004,6,1729.249825562519,0.0006249862320891106
4986,35004,9,1729.2646203605411,0.0006249862320891106
4987,35004,12,1729.2794151585633,0.0006249862320891106
4988,35007,3,1796.8207704951863,0.004097526676844919
4989,35007,6,1822.7858603398815,0.004097526676844919
4990,35007,9,1848.7509501845766,0.004097526676844919
4991,35007,12,1874.7160400292717,0.004097526676844919
4992,35020,3,1062.214003866361,0.004141154173756111
4993,35020,6,1068.628051239353,0.004141154173756111
4994,35020,9,1075.0420986123452,0.004141154173756111
4995,35020,12,1081.4561459853373,0.004141154173756111
4996,35023,3,1176.6392373260928,0.006390677272602384
4997,35023,6,1189.634722605997,0.006390677272602384
4998,35023,9,1202.6302078859012,0.006390677272602384
4999,35023,12,1215.6256931658052,0.006390677272602384
5000,35040,3,1609.3137920589584,0.005550161651868103
5001,35040,6,1626.3182615003764,0.005550161651868103
5002,35040,9,1643.3227309417941,0.005550161651868103
5003,35040,12,1660.3272003832121,0.005550161651868103
5004,35080,3,1771.032930383777,0.0031156910208989252
5005,35080,6,1792.4047336137287,0.0031156910208989252
5006,35080,9,1813.7765368436803,0.0031156910208989252
5007,35080,12,1835.148340073632,0.0031156910208989252
5008,35124,3,1637.6543028169383,0.003594304903844476
5009,35124,6,1672.277280142451,0.003594304903844476
5010,35124,9,1706.9002574679635,0.003594304903844476
5011,35124,12,1741.5232347934761,0.003594304903844476
5012,35126,3,1542.6602538531524,0.008659352292518154
5013,35126,6,1560.5475232496053,0.008659352292518154
5014,35126,9,1578.4347926460582,0.008659352292518154
5015,35126,12,1596.3220620425109,0.008659352292518154
5016,35173,3,1842.875381870274,0.0037340924074741517
5017,35173,6,1860.1929811323594,0.0037340924074741517
5018,35173,9,1877.5105803944448,0.0037340924074741517
5019,35173,12,1894.8281796565302,0.0037340924074741517
5020,35205,3,1080.3735474077266,0.007372064823384115
5021,35205,6,1086.2301416463877,0.007372064823384115
5022,35205,9,1092.0867358850487,0.007372064823384115
5023,35205,12,1097.9433301237098,0.007372064823384115
5024,35206,3,1118.4014395950112,0.011632756569195829
5025,35206,6,1136.2651870211184,0.011632756569195829
5026,35206,9,1154.1289344472254,0.011632756569195829
5027,35206,12,1171.9926818733327,0.011632756569195829
5028,35208,3,1073.5125361800995,0.006644517075155326
5029,35208,6,1093.4264333070917,0.006644517075155326
5030,35208,9,1113.3403304340836,0.006644517075155326
5031,35208,12,1133.2542275610756,0.006644517075155326
5032,35209,3,1648.8282273631305,0.0024031770688787892
5033,35209,6,1648.780778042475,0.0024031770688787892
5034,35209,9,1648.7333287218198,0.0024031770688787892
5035,35209,12,1648.6858794011644,0.0024031770688787892
5036,35210,3,1904.9846451519757,0.004309069601884264
5037,35210,6,1940.7122766318773,0.004309069601884264
5038,35210,9,1976.4399081117788,0.004309069601884264
5039,35210,12,2012.1675395916805,0.004309069601884264
5040,35211,3,1342.9079781171947,0.011410480196450419
5041,35211,6,1365.2655763117114,0.011410480196450419
5042,35211,9,1387.623174506228,0.011410480196450419
5043,35211,12,1409.9807727007446,0.011410480196450419
5044,35213,3,1590.9504039627457,0.003209586199682334
5045,35213,6,1592.0857200702264,0.003209586199682334
5046,35213,9,1593.221036177707,0.003209586199682334
5047,35213,12,1594.3563522851878,0.003209586199682334
5048,35214,3,1254.637729865177,0.0076959147199651586
5049,35214,6,1278.3964280896014,0.0076959147199651586
5050,35214,9,1302.155126314026,0.0076959147199651586
5051,35214,12,1325.9138245384502,0.0076959147199651586
5052,35215,3,1256.8830024206857,0.005734357303732279
5053,35215,6,1272.8142469660634,0.005734357303732279
5054,35215,9,1288.7454915114408,0.005734357303732279
5055,35215,12,1304.6767360568185,0.005734357303732279
5056,35216,3,1314.1869042554247,0.007629082897743674
5057,35216,6,1324.5322980177866,0.007629082897743674
5058,35216,9,1334.8776917801486,0.007629082897743674
5059,35216,12,1345.2230855425103,0.007629082897743674
5060,35217,3,1017.967141126476,0.0
5061,35217,6,1017.967141126476,0.0
5062,35217,9,1017.967141126476,0.0
5063,35217,12,1017.967141126476,0.0
5064,35222,3,1142.5981398684723,0.002083499290060661
5065,35222,6,1142.6053818379476,0.002083499290060661
5066,35222,9,1142.6126238074226,0.002083499290060661
5067,35222,12,1142.6198657768975,0.002083499290060661
5068,35228,3,1076.862077887112,0.0070012440138153475
5069,35228,6,1105.9321630579589,0.0070012440138153475
5070,35228,9,1135.002248228806,0.0070012440138153475
5071,35228,12,1164.072333399653,0.0070012440138153475
5072,35233,3,1689.8409648472932,0.0009043797123474419
5073,35233,6,1659.2177410125303,0.0009043797123474419
5074,35233,9,1628.5945171777673,0.0009043797123474419
5075,35233,12,1597.9712933430044,0.0009043797123474419
5076,35235,3,1413.6169373517118,0.007160046583738495
5077,35235,6,1428.9463960804637,0.007160046583738495
5078,35235,9,1444.2758548092154,0.007160046583738495
5079,35235,12,1459.6053135379673,0.007160046583738495
5080,35242,3,1423.0889522837858,0.005942038311756417
5081,35242,6,1427.4882670997774,0.005942038311756417
5082,35242,9,1431.8875819157693,0.005942038311756417
5083,35242,12,1436.286896731761,0.005942038311756417
5084,35243,3,1479.4299640939971,0.0039611584296074835
5085,35243,6,1481.2575400733897,0.0039611584296074835
5086,35243,9,1483.0851160527823,0.0039611584296074835
5087,35243,12,1484.9126920321748,0.0039611584296074835
5088,35244,3,1336.0094878669242,0.008809023264833484
5089,35244,6,1380.9891458533289,0.008809023264833484
5090,35244,9,1425.9688038397335,0.008809023264833484
5091,35244,12,1470.9484618261379,0.008809023264833484
5092,35401,3,2901.1259767182055,0.005880596351270096
5093,35401,6,2942.641224464835,0.005880596351270096
5094,35401,9,2984.156472211465,0.005880596351270096
5095,35401,12,3025.6717199580944,0.005880596351270096
5096,35405,3,1384.0177520441741,0.003959429702661989
5097,35405,6,1400.5868020130463,0.003959429702661989
5098,35405,9,1417.1558519819182,0.003959429702661989
5099,35405,12,1433.7249019507901,0.003959429702661989
5100,35601,3,1190.3379922948427,0.004041069397785771
5101,35601,6,1203.3223079810803,0.004041069397785771
5102,35601,9,1216.306623667318,0.004041069397785771
5103,35601,12,1229.2909393535558,0.004041069397785771
5104,35611,3,1186.1266421866635,0.004099662319688951
5105,35611,6,1187.9099193688905,0.004099662319688951
5106,35611,9,1189.6931965511178,0.004099662319688951
5107,35611,12,1191.4764737333448,0.004099662319688951
5108,35613,3,1839.1569640453085,0.0026123106072267555
5109,35613,6,1840.3306820761636,0.0026123106072267555
5110,35613,9,1841.5044001070187,0.0026123106072267555
5111,35613,12,1842.6781181378738,0.0026123106072267555
5112,35630,3,1093.833047289061,0.005346182402263364
5113,35630,6,1122.4513537209918,0.005346182402263364
5114,35630,9,1151.0696601529226,0.005346182402263364
5115,35630,12,1179.6879665848535,0.005346182402263364
5116,35749,3,1730.397731995706,0.003806114747550175
5117,35749,6,1730.6491822631071,0.003806114747550175
5118,35749,9,1730.9006325305086,0.003806114747550175
5119,35749,12,1731.1520827979098,0.003806114747550175
5120,35756,3,1748.889981147323,0.0050631605566986634
5121,35756,6,1760.4734738041795,0.0050631605566986634
5122,35756,9,1772.0569664610362,0.0050631605566986634
5123,35756,12,1783.6404591178925,0.0050631605566986634
5124,35757,3,1524.3242652626257,0.004471495113685086
5125,35757,6,1526.6061277032063,0.004471495113685086
5126,35757,9,1528.887990143787,0.004471495113685086
5127,35757,12,1531.1698525843676,0.004471495113685086
5128,35758,3,1338.0809450191637,0.008331246195649103
5129,35758,6,1339.0552693137302,0.008331246195649103
5130,35758,9,1340.0295936082964,0.008331246195649103
5131,35758,12,1341.003917902863,0.008331246195649103
5132,35759,3,1729.4229040983353,0.00309312098538734
5133,35759,6,1729.2220928363895,0.00309312098538734
5134,35759,9,1729.0212815744435,0.00309312098538734
5135,35759,12,1728.8204703124975,0.00309312098538734
5136,35763,3,1959.3952044543014,0.0019003396269620628
5137,35763,6,1963.649640232327,0.0019003396269620628
5138,35763,9,1967.904076010353,0.0019003396269620628
5139,35763,12,1972.1585117883787,0.0019003396269620628
5140,35801,3,1450.0293967189587,0.010173118872336386
5141,35801,6,1456.0726786051555,0.010173118872336386
5142,35801,9,1462.1159604913526,0.010173118872336386
5143,35801,12,1468.1592423775496,0.010173118872336386
5144,35802,3,1213.7371507336609,0.004287337888174946
5145,35802,6,1214.9059146017535,0.004287337888174946
5146,35802,9,1216.0746784698463,0.004287337888174946
5147,35802,12,1217.243442337939,0.004287337888174946
5148,35803,3,1538.0501576783547,0.006475132274065615
5149,35803,6,1552.394976612043,0.006475132274065615
5150,35803,9,1566.7397955457313,0.006475132274065615
5151,35803,12,1581.0846144794198,0.006475132274065615
5152,35805,3,1295.8470972152115,0.008116751402336128
5153,35805,6,1305.5033884926609,0.008116751402336128
5154,35805,9,1315.15967977011,0.008116751402336128
5155,35805,12,1324.815971047559,0.008116751402336128
5156,35806,3,1324.652666755023,0.005409153319043387
5157,35806,6,1289.9464448314766,0.005409153319043387
5158,35806,9,1255.2402229079303,0.005409153319043387
5159,35806,12,1220.534000984384,0.005409153319043387
5160,35810,3,1421.0444341644854,0.009236310512130178
5161,35810,6,1435.43468211881,0.009236310512130178
5162,35810,9,1449.8249300731347,0.009236310512130178
5163,35810,12,1464.2151780274594,0.009236310512130178
5164,35811,3,1445.1779921000732,0.007231583975200233
5165,35811,6,1453.525775105567,0.007231583975200233
5166,35811,9,1461.8735581110604,0.007231583975200233
5167,35811,12,1470.221341116554,0.007231583975200233
5168,35816,3,944.6826858663901,0.006828207497886272
5169,35816,6,953.6977582218651,0.006828207497886272
5170,35816,9,962.7128305773402,0.006828207497886272
5171,35816,12,971.7279029328154,0.006828207497886272
5172,35824,3,1534.2242732789994,0.005613476682710704
5173,35824,6,1535.595660978404,0.005613476682710704
5174,35824,9,1536.967048677809,0.005613476682710704
5175,35824,12,1538.338436377214,0.005613476682710704
5176,36054,3,1308.5085820974984,0.0020398416936224144
5177,36054,6,1308.4675675716014,0.0020398416936224144
5178,36054,9,1308.4265530457046,0.0020398416936224144
5179,36054,12,1308.3855385198076,0.0020398416936224144
5180,36064,3,1915.1204513443233,0.0017912099560958147
5181,36064,6,1919.3032521736352,0.0017912099560958147
5182,36064,9,1923.486053002947,0.0017912099560958147
5183,36064,12,1927.668853832259,0.0017912099560958147
5184,36066,3,1718.3223927472031,0.007352678095518193
5185,36066,6,1737.8361306687366,0.007352678095518193
5186,36066,9,1757.34986859027,0.007352678095518193
5187,36066,12,1776.8636065118037,0.007352678095518193
5188,36067,3,1776.4271724957016,0.005479801714512983
5189,36067,6,1815.1960359011146,0.005479801714512983
5190,36067,9,1853.9648993065275,0.005479801714512983
5191,36067,12,1892.7337627119402,0.005479801714512983
5192,36106,3,1324.6795037846284,0.007681282371351979
5193,36106,6,1341.3751165715594,0.007681282371351979
5194,36106,9,1358.0707293584906,0.007681282371351979
5195,36106,12,1374.7663421454215,0.007681282371351979
5196,36107,3,996.6402588524435,0.010457059206143569
5197,36107,6,1018.174425453558,0.010457059206143569
5198,36107,9,1039.7085920546726,0.010457059206143569
5199,36107,12,1061.2427586557872,0.010457059206143569
5200,36109,3,1201.8516940592233,0.00516755970237616
5201,36109,6,1217.6438364137862,0.00516755970237616
5202,36109,9,1233.4359787683493,0.00516755970237616
5203,36109,12,1249.2281211229124,0.00516755970237616
5204,36111,3,1416.1188649065762,0.009150151555657779
5205,36111,6,1437.1552140986455,0.009150151555657779
5206,36111,9,1458.1915632907146,0.009150151555657779
5207,36111,12,1479.227912482784,0.009150151555657779
5208,36116,3,1349.4186744321642,0.006126396391339045
5209,36116,6,1380.4229873460763,0.006126396391339045
5210,36116,9,1411.4273002599884,0.006126396391339045
5211,36116,12,1442.4316131739004,0.006126396391339045
5212,36117,3,1368.4964569068438,0.006114605238657073
5213,36117,6,1384.6572014421993,0.006114605238657073
5214,36117,9,1400.817945977555,0.006114605238657073
5215,36117,12,1416.9786905129104,0.006114605238657073
5216,36265,3,904.7931870645108,9.969974045284113e-05
5217,36265,6,904.7944179264772,9.969974045284113e-05
5218,36265,9,904.7956487884435,9.969974045284113e-05
5219,36265,12,904.7968796504099,9.969974045284113e-05
5220,36330,3,1349.4960804179416,0.006429083322276049
5221,36330,6,1364.0016033734332,0.006429083322276049
5222,36330,9,1378.5071263289249,0.006429083322276049
5223,36330,12,1393.0126492844165,0.006429083322276049
5224,36526,3,1624.1332645899815,0.009149126412841001
5225,36526,6,1640.2677410064973,0.009149126412841001
5226,36526,9,1656.402217423013,0.009149126412841001
5227,36526,12,1672.5366938395289,0.009149126412841001
5228,36527,3,1636.7062062579903,0.0046378824226725145
5229,36527,6,1638.775737706613,0.0046378824226725145
5230,36527,9,1640.8452691552359,0.0046378824226725145
5231,36527,12,1642.9148006038588,0.0046378824226725145
5232,36532,3,2153.854639587157,0.008928026373175035
5233,36532,6,2175.015582673928,0.008928026373175035
5234,36532,9,2196.176525760699,0.008928026373175035
5235,36532,12,2217.3374688474696,0.008928026373175035
5236,36535,3,1675.1429910293093,0.002609568298755322
5237,36535,6,1675.575981549502,0.002609568298755322
5238,36535,9,1676.0089720696947,0.002609568298755322
5239,36535,12,1676.4419625898872,0.002609568298755322
5240,36542,3,1512.0897040489974,0.004848046589030371
5241,36542,6,1512.7278714944657,0.004848046589030371
5242,36542,9,1513.366038939934,0.004848046589030371
5243,36542,12,1514.0042063854023,0.004848046589030371
5244,36604,3,978.5250811358562,0.008610815509546042
5245,36604,6,985.3510707300967,0.008610815509546042
5246,36604,9,992.1770603243373,0.008610815509546042
5247,36604,12,999.0030499185777,0.008610815509546042
5248,36605,3,1138.2116404228636,0.007405090984206971
5249,36605,6,1141.0564474963428,0.007405090984206971
5250,36605,9,1143.901254569822,0.007405090984206971
5251,36605,12,1146.7460616433011,0.007405090984206971
5252,36606,3,1135.760542137652,0.006607424555414169
5253,36606,6,1145.845999676673,0.006607424555414169
5254,36606,9,1155.9314572156943,0.006607424555414169
5255,36606,12,1166.0169147547153,0.006607424555414169
5256,36608,3,1252.7640855699192,0.008232352769077678
5257,36608,6,1267.7596850835164,0.008232352769077678
5258,36608,9,1282.7552845971134,0.008232352769077678
5259,36608,12,1297.7508841107103,0.008232352769077678
5260,36609,3,1054.5884866760948,0.012056755581625039
5261,36609,6,1063.7161347367446,0.012056755581625039
5262,36609,9,1072.8437827973946,0.012056755581625039
5263,36609,12,1081.9714308580444,0.012056755581625039
5264,36693,3,1586.4916061592553,0.003435596559223022
5265,36693,6,1702.427950303073,0.003435596559223022
5266,36693,9,1818.3642944468907,0.003435596559223022
5267,36693,12,1934.300638590708,0.003435596559223022
5268,36695,3,1433.2860019564914,0.006041162260163984
5269,36695,6,1443.4175046890032,0.006041162260163984
5270,36695,9,1453.549007421515,0.006041162260163984
5271,36695,12,1463.6805101540267,0.006041162260163984
5272,36801,3,1503.5429088162414,0.0016866550102693759
5273,36801,6,1502.9505788678362,0.0016866550102693759
5274,36801,9,1502.3582489194307,0.0016866550102693759
5275,36801,12,1501.7659189710255,0.0016866550102693759
5276,36830,3,1656.6380278726688,0.0070776648131474435
5277,36830,6,1684.6387452336046,0.0070776648131474435
5278,36830,9,1712.6394625945402,0.0070776648131474435
5279,36830,12,1740.640179955476,0.0070776648131474435
5280,36832,3,1626.7877658798054,7.582008880451852e-05
5281,36832,6,1626.7894547420624,7.582008880451852e-05
5282,36832,9,1626.7911436043194,7.582008880451852e-05
5283,36832,12,1626.7928324665763,7.582008880451852e-05
5284,36867,3,1266.569472863664,0.004441271879543063
5285,36867,6,1274.912098707983,0.004441271879543063
5286,36867,9,1283.254724552302,0.004441271879543063
5287,36867,12,1291.597350396621,0.004441271879543063
5288,37013,3,1582.0886437441814,0.006343339050327897
5289,37013,6,1582.4330648286516,0.006343339050327897
5290,37013,9,1582.777485913122,0.006343339050327897
5291,37013,12,1583.1219069975923,0.006343339050327897
5292,37015,3,1607.0591963046656,0.004580753775054095
5293,37015,6,1613.0804582130281,0.004580753775054095
5294,37015,9,1619.1017201213906,0.004580753775054095
5295,37015,12,1625.122982029753,0.004580753775054095
5296,37027,3,2050.1529364130743,0.006820920055515283
5297,37027,6,2086.9650385810237,0.006820920055515283
5298,37027,9,2123.777140748973,0.006820920055515283
5299,37027,12,2160.5892429169226,0.006820920055515283
5300,37040,3,1420.7651931139378,0.006881226396705973
5301,37040,6,1436.615684190243,0.006881226396705973
5302,37040,9,1452.4661752665481,0.006881226396705973
5303,37040,12,1468.3166663428533,0.006881226396705973
5304,37042,3,1455.0324029641613,0.005161300500389937
5305,37042,6,1469.5571994985662,0.005161300500389937
5306,37042,9,1484.0819960329713,0.005161300500389937
5307,37042,12,1498.6067925673763,0.005161300500389937
5308,37043,3,1475.379333681901,0.008177891976951603
5309,37043,6,1499.8050574753304,0.008177891976951603
5310,37043,9,1524.23078126876,0.008177891976951603
5311,37043,12,1548.6565050621894,0.008177891976951603
5312,37064,3,2239.57979924258,0.008437302497075218
5313,37064,6,2242.688094408629,0.008437302497075218
5314,37064,9,2245.796389574677,0.008437302497075218
5315,37064,12,2248.9046847407253,0.008437302497075218
5316,37066,3,1610.529498084142,0.006796293359992921
5317,37066,6,1614.0859978113454,0.006796293359992921
5318,37066,9,1617.642497538549,0.006796293359992921
5319,37066,12,1621.1989972657523,0.006796293359992921
5320,37067,3,1934.7509000799464,0.009414876816758571
5321,37067,6,1932.6279032001262,0.009414876816758571
5322,37067,9,1930.5049063203057,0.009414876816758571
5323,37067,12,1928.3819094404853,0.009414876816758571
5324,37072,3,1878.0293616375884,0.004830578308254989
5325,37072,6,1906.0244538899144,0.004830578308254989
5326,37072,9,1934.0195461422402,0.004830578308254989
5327,37072,12,1962.0146383945662,0.004830578308254989
5328,37075,3,1606.8818330621596,0.007608026432203215
5329,37075,6,1614.6447208467223,0.007608026432203215
5330,37075,9,1622.4076086312853,0.007608026432203215
5331,37075,12,1630.170496415848,0.007608026432203215
5332,37076,3,1456.424462865207,0.00675094519771393
5333,37076,6,1450.578647154484,0.00675094519771393
5334,37076,9,1444.7328314437614,0.00675094519771393
5335,37076,12,1438.8870157330384,0.00675094519771393
5336,37086,3,2117.564247824889,0.007184019239213231
5337,37086,6,2149.2290061886724,0.007184019239213231
5338,37086,9,2180.8937645524557,0.007184019239213231
5339,37086,12,2212.558522916239,0.007184019239213231
5340,37087,3,1656.7386529154253,0.0017780916154679063
5341,37087,6,1666.5337763443838,0.0017780916154679063
5342,37087,9,1676.328899773342,0.0017780916154679063
5343,37087,12,1686.1240232023006,0.0017780916154679063
5344,37090,3,1536.7548058015636,0.001716595083004166
5345,37090,6,1537.3765716681091,0.001716595083004166
5346,37090,9,1537.9983375346549,0.001716595083004166
5347,37090,12,1538.6201034012004,0.001716595083004166
5348,37115,3,1435.9384356062858,0.007013356173112625
5349,37115,6,1423.887315802786,0.007013356173112625
5350,37115,9,1411.836195999286,0.007013356173112625
5351,37115,12,1399.7850761957861,0.007013356173112625
5352,37122,3,2181.47588171138,0.009125509101531384
5353,37122,6,2206.0293018385714,0.009125509101531384
5354,37122,9,2230.5827219657626,0.009125509101531384
5355,37122,12,2255.1361420929534,0.009125509101531384
5356,37127,3,1856.2811382645268,0.00336194225102799
5357,37127,6,1858.469848187292,0.00336194225102799
5358,37127,9,1860.658558110057,0.00336194225102799
5359,37127,12,1862.8472680328218,0.00336194225102799
5360,37128,3,1812.570007419817,0.006419481963009807
5361,37128,6,1845.873038376085,0.006419481963009807
5362,37128,9,1879.1760693323533,0.006419481963009807
5363,37128,12,1912.4791002886213,0.006419481963009807
5364,37129,3,1710.6173760476997,0.00706393022140234
5365,37129,6,1718.5892480788875,0.00706393022140234
5366,37129,9,1726.5611201100755,0.00706393022140234
5367,37129,12,1734.5329921412635,0.00706393022140234
5368,37130,3,1535.8101446370536,0.008079436502830866
5369,37130,6,1546.9763959557392,0.008079436502830866
5370,37130,9,1558.1426472744247,0.008079436502830866
5371,37130,12,1569.3088985931101,0.008079436502830866
5372,37135,3,2862.6360545129564,0.0034020273765350303
5373,37135,6,2864.3592476716262,0.0034020273765350303
5374,37135,9,2866.0824408302965,0.0034020273765350303
5375,37135,12,2867.8056339889667,0.0034020273765350303
5376,37138,3,1922.3174600762718,0.004772585345912812
5377,37138,6,1935.4167495302006,0.004772585345912812
5378,37138,9,1948.5160389841292,0.004772585345912812
5379,37138,12,1961.6153284380578,0.004772585345912812
5380,37167,3,1647.163432441302,0.008124373309706915
5381,37167,6,1646.801929419214,0.008124373309706915
5382,37167,9,1646.4404263971262,0.008124373309706915
5383,37167,12,1646.0789233750381,0.008124373309706915
5384,37172,3,1485.2936248259207,0.005086226926806786
5385,37172,6,1494.4522491040618,0.005086226926806786
5386,37172,9,1503.610873382203,0.005086226926806786
5387,37172,12,1512.769497660344,0.005086226926806786
5388,37174,3,2057.4152957948645,0.006481426537574882
5389,37174,6,2068.887674363827,0.006481426537574882
5390,37174,9,2080.3600529327896,0.006481426537574882
5391,37174,12,2091.832431501752,0.006481426537574882
5392,37179,3,2113.1097850135498,0.00549125573881516
5393,37179,6,2115.928970493037,0.00549125573881516
5394,37179,9,2118.748155972524,0.00549125573881516
5395,37179,12,2121.567341452011,0.00549125573881516
5396,37201,3,2091.744678444889,0.006941507248235356
5397,37201,6,2092.3774121879974,0.006941507248235356
5398,37201,9,2093.0101459311054,0.006941507248235356
5399,37201,12,2093.642879674214,0.006941507248235356
5400,37203,3,2101.3053861192448,0.007274666363354117
5401,37203,6,2113.174784976067,0.007274666363354117
5402,37203,9,2125.0441838328884,0.007274666363354117
5403,37203,12,2136.9135826897104,0.007274666363354117
5404,37204,3,1934.01011131377,0.009269734669368201
5405,37204,6,1945.3224128364038,0.009269734669368201
5406,37204,9,1956.6347143590376,0.009269734669368201
5407,37204,12,1967.9470158816716,0.009269734669368201
5408,37205,3,2075.0594400636264,0.008268082534053164
5409,37205,6,2082.856498349153,0.008268082534053164
5410,37205,9,2090.6535566346797,0.008268082534053164
5411,37205,12,2098.450614920206,0.008268082534053164
5412,37206,3,2016.4623264055433,0.007946149573609985
5413,37206,6,2032.426328345134,0.007946149573609985
5414,37206,9,2048.3903302847248,0.007946149573609985
5415,37206,12,2064.3543322243154,0.007946149573609985
5416,37207,3,2019.033037031731,0.006648589114414633
5417,37207,6,2033.208328024991,0.006648589114414633
5418,37207,9,2047.3836190182508,0.006648589114414633
5419,37207,12,2061.5589100115108,0.006648589114414633
5420,37208,3,2159.2007162547843,0.009008863376256376
5421,37208,6,2182.3966381122136,0.009008863376256376
5422,37208,9,2205.5925599696434,0.009008863376256376
5423,37208,12,2228.788481827073,0.009008863376256376
5424,37209,3,1831.9724247667764,0.008011194641186143
5425,37209,6,1830.764164475039,0.008011194641186143
5426,37209,9,1829.5559041833014,0.008011194641186143
5427,37209,12,1828.3476438915638,0.008011194641186143
5428,37210,3,1763.3960819343865,0.008324079173808637
5429,37210,6,1770.7226713310374,0.008324079173808637
5430,37210,9,1778.0492607276885,0.008324079173808637
5431,37210,12,1785.3758501243396,0.008324079173808637
5432,37211,3,1491.3312468121474,0.00787817220189962
5433,37211,6,1487.532145091028,0.00787817220189962
5434,37211,9,1483.733043369909,0.00787817220189962
5435,37211,12,1479.9339416487899,0.00787817220189962
5436,37212,3,1954.0331045083556,0.008372364071497189
5437,37212,6,1965.8879813313179,0.008372364071497189
5438,37212,9,1977.74285815428,0.008372364071497189
5439,37212,12,1989.597734977242,0.008372364071497189
5440,37214,3,1612.3871252072104,0.007363864368016189
5441,37214,6,1581.1351530055206,0.007363864368016189
5442,37214,9,1549.8831808038308,0.007363864368016189
5443,37214,12,1518.631208602141,0.007363864368016189
5444,37215,3,2624.357923541777,0.00994078134717173
5445,37215,6,2647.7187560679645,0.00994078134717173
5446,37215,9,2671.0795885941525,0.00994078134717173
5447,37215,12,2694.4404211203405,0.00994078134717173
5448,37216,3,1835.2016598105959,0.007446703768814425
5449,37216,6,1844.9137104137114,0.007446703768814425
5450,37216,9,1854.6257610168273,0.007446703768814425
5451,37216,12,1864.3378116199428,0.007446703768814425
5452,37217,3,1408.497797560513,0.007430797335654277
5453,37217,6,1406.745230122276,0.007430797335654277
5454,37217,9,1404.9926626840393,0.007430797335654277
5455,37217,12,1403.2400952458024,0.007430797335654277
5456,37218,3,2121.982233332533,0.004350998695174805
5457,37218,6,2159.998975873969,0.004350998695174805
5458,37218,9,2198.015718415405,0.004350998695174805
5459,37218,12,2236.032460956841,0.004350998695174805
5460,37219,3,2108.8441333991555,0.008963077703320181
5461,37219,6,2111.196258200923,0.008963077703320181
5462,37219,9,2113.5483830026897,0.008963077703320181
5463,37219,12,2115.900507804457,0.008963077703320181
5464,37221,3,1694.3752904861149,0.00829357942350766
5465,37221,6,1710.0180380096735,0.00829357942350766
5466,37221,9,1725.6607855332322,0.00829357942350766
5467,37221,12,1741.3035330567907,0.00829357942350766
5468,37228,3,1817.088441751777,0.004356468546781404
5469,37228,6,1813.7861005458117,0.004356468546781404
5470,37228,9,1810.4837593398463,0.004356468546781404
5471,37228,12,1807.1814181338807,0.004356468546781404
5472,37311,3,1419.3127978865696,0.006073358000361369
5473,37311,6,1435.6614210711855,0.006073358000361369
5474,37311,9,1452.0100442558014,0.006073358000361369
5475,37311,12,1468.3586674404175,0.006073358000361369
5476,37312,3,1410.1503403245565,0.0054090694358402735
5477,37312,6,1416.9710119002195,0.0054090694358402735
5478,37312,9,1423.7916834758826,0.0054090694358402735
5479,37312,12,1430.6123550515456,0.0054090694358402735
5480,37343,3,1555.5438432881017,0.005582997475940768
5481,37343,6,1563.9677727435749,0.005582997475940768
5482,37343,9,1572.3917021990483,0.005582997475940768
5483,37343,12,1580.8156316545214,0.005582997475940768
5484,37363,3,2145.8799300427722,0.003520699695924208
5485,37363,6,2158.8237172043505,0.003520699695924208
5486,37363,9,2171.7675043659287,0.003520699695924208
5487,37363,12,2184.7112915275065,0.003520699695924208
5488,37402,3,1483.258802624785,0.006121616840494988
5489,37402,6,1481.830734861342,0.006121616840494988
5490,37402,9,1480.4026670978994,0.006121616840494988
5491,37402,12,1478.9745993344568,0.006121616840494988
5492,37403,3,1564.5324203126072,0.0003490752937880693
5493,37403,6,1564.5398975618816,0.0003490752937880693
5494,37403,9,1564.5473748111563,0.0003490752937880693
5495,37403,12,1564.5548520604307,0.0003490752937880693
5496,37404,3,1450.5400161756172,0.005991698182682317
5497,37404,6,1471.5784411784077,0.005991698182682317
5498,37404,9,1492.616866181198,0.005991698182682317
5499,37404,12,1513.6552911839883,0.005991698182682317
5500,37405,3,1463.4681016969703,0.008040606904546502
5501,37405,6,1457.3529772740415,0.008040606904546502
5502,37405,9,1451.2378528511128,0.008040606904546502
5503,37405,12,1445.122728428184,0.008040606904546502
5504,37408,3,1457.5186376672552,0.0055602454206002535
5505,37408,6,1457.8093427174676,0.0055602454206002535
5506,37408,9,1458.10004776768,0.0055602454206002535
5507,37408,12,1458.3907528178922,0.0055602454206002535
5508,37411,3,1335.1124347259768,0.004957524888347438
5509,37411,6,1374.0068660038605,0.004957524888347438
5510,37411,9,1412.901297281744,0.004957524888347438
5511,37411,12,1451.7957285596278,0.004957524888347438
5512,37412,3,1337.499185475085,0.005738153664196994
5513,37412,6,1344.5652224880857,0.005738153664196994
5514,37412,9,1351.6312595010868,0.005738153664196994
5515,37412,12,1358.6972965140878,0.005738153664196994
5516,37415,3,1431.8438300130044,0.005472205994101272
5517,37415,6,1438.0666732814682,0.005472205994101272
5518,37415,9,1444.2895165499322,0.005472205994101272
5519,37415,12,1450.5123598183961,0.005472205994101272
5520,37416,3,1299.7295545149443,0.0073067118226242235
5521,37416,6,1313.7769558812556,0.0073067118226242235
5522,37416,9,1327.824357247567,0.0073067118226242235
5523,37416,12,1341.8717586138782,0.0073067118226242235
5524,37421,3,1547.8346125275793,0.008040101449268764
5525,37421,6,1549.5425577856465,0.008040101449268764
5526,37421,9,1551.2505030437135,0.008040101449268764
5527,37421,12,1552.9584483017807,0.008040101449268764
5528,37601,3,1252.2537927946946,0.005379380272366719
5529,37601,6,1264.9538146681284,0.005379380272366719
5530,37601,9,1277.6538365415622,0.005379380272366719
5531,37601,12,1290.353858414996,0.005379380272366719
5532,37604,3,1445.6872246151038,0.0058000639930533785
5533,37604,6,1462.677832941575,0.0058000639930533785
5534,37604,9,1479.6684412680463,0.0058000639930533785
5535,37604,12,1496.6590495945177,0.0058000639930533785
5536,37660,3,1203.6489920115246,0.004576873139899448
5537,37660,6,1222.261875802212,0.004576873139899448
5538,37660,9,1240.8747595928994,0.004576873139899448
5539,37660,12,1259.4876433835866,0.004576873139899448
5540,37701,3,1670.5438984491766,0.001018353012114698
5541,37701,6,1687.451413381892,0.001018353012114698
5542,37701,9,1704.3589283146073,0.001018353012114698
5543,37701,12,1721.2664432473225,0.001018353012114698
5544,37801,3,1690.6216955295,0.004174892684943419
5545,37801,6,1702.6407217477322,0.004174892684943419
5546,37801,9,1714.6597479659642,0.004174892684943419
5547,37801,12,1726.6787741841965,0.004174892684943419
5548,37803,3,1916.0665690452545,0.002330295706158712
5549,37803,6,1930.9359998101395,0.002330295706158712
5550,37803,9,1945.8054305750245,0.002330295706158712
5551,37803,12,1960.6748613399095,0.002330295706158712
5552,37804,3,1747.929888841218,0.001727360087740762
5553,37804,6,1748.8219266208914,0.001727360087740762
5554,37804,9,1749.713964400565,0.001727360087740762
5555,37804,12,1750.6060021802382,0.001727360087740762
5556,37830,3,1629.1964008917398,0.00699506875876911
5557,37830,6,1644.7983095507852,0.00699506875876911
5558,37830,9,1660.4002182098309,0.00699506875876911
5559,37830,12,1676.0021268688763,0.00699506875876911
5560,37876,3,1600.743369620357,0.007758998069866228
5561,37876,6,1598.8101128418264,0.007758998069866228
5562,37876,9,1596.8768560632957,0.007758998069866228
5563,37876,12,1594.943599284765,0.007758998069866228
5564,37902,3,2121.821823345703,0.00854236067009064
5565,37902,6,2125.731520489207,0.00854236067009064
5566,37902,9,2129.641217632711,0.00854236067009064
5567,37902,12,2133.550914776215,0.00854236067009064
5568,37909,3,2063.987392435111,0.0012509515743982414
5569,37909,6,2063.9746981342946,0.0012509515743982414
5570,37909,9,2063.962003833478,0.0012509515743982414
5571,37909,12,2063.9493095326616,0.0012509515743982414
5572,37912,3,1339.2572428505566,0.014195412025674384
5573,37912,6,1354.5226874323175,0.014195412025674384
5574,37912,9,1369.7881320140782,0.014195412025674384
5575,37912,12,1385.053576595839,0.014195412025674384
5576,37917,3,1565.6584088170728,0.008084503128824217
5577,37917,6,1561.3294543952359,0.008084503128824217
5578,37917,9,1557.0004999733987,0.008084503128824217
5579,37917,12,1552.6715455515616,0.008084503128824217
5580,37918,3,1656.4996848958563,0.007283057897575813
5581,37918,6,1671.890941371668,0.007283057897575813
5582,37918,9,1687.28219784748,0.007283057897575813
5583,37918,12,1702.6734543232917,0.007283057897575813
5584,37919,3,1706.0160854728426,0.01030126071264923
5585,37919,6,1718.9353297664024,0.01030126071264923
5586,37919,9,1731.8545740599625,0.01030126071264923
5587,37919,12,1744.7738183535223,0.01030126071264923
5588,37920,3,1872.060961975985,0.008045489934679875
5589,37920,6,1900.8150119153036,0.008045489934679875
5590,37920,9,1929.5690618546219,0.008045489934679875
5591,37920,12,1958.3231117939404,0.008045489934679875
5592,37921,3,1728.0209855653925,0.004965219427981759
5593,37921,6,1748.3227284927423,0.004965219427981759
5594,37921,9,1768.624471420092,0.004965219427981759
5595,37921,12,1788.9262143474416,0.004965219427981759
5596,37922,3,1782.3983752301654,0.006052233571084717
5597,37922,6,1780.8663796285803,0.006052233571084717
5598,37922,9,1779.3343840269954,0.006052233571084717
5599,37922,12,1777.8023884254103,0.006052233571084717
5600,37923,3,2005.5235834696787,0.010239484050588363
5601,37923,6,2077.8797085973097,0.010239484050588363
5602,37923,9,2150.23583372494,0.010239484050588363
5603,37923,12,2222.591958852571,0.010239484050588363
5604,37931,3,1717.9829068926517,0.007459594033479956
5605,37931,6,1727.7254264649498,0.007459594033479956
5606,37931,9,1737.4679460372477,0.007459594033479956
5607,37931,12,1747.2104656095457,0.007459594033479956
5608,37932,3,2025.5510956102835,0.005173466786936579
5609,37932,6,2034.3673394332504,0.005173466786936579
5610,37932,9,2043.1835832562174,0.005173466786936579
5611,37932,12,2051.9998270791843,0.005173466786936579
5612,37934,3,2169.8043984039,0.005890203536470974
5613,37934,6,2174.8607669245384,0.005890203536470974
5614,37934,9,2179.9171354451764,0.005890203536470974
5615,37934,12,2184.973503965815,0.005890203536470974
5616,38002,3,2201.409943122405,0.007680946534978376
5617,38002,6,2230.349644212393,0.007680946534978376
5618,38002,9,2259.2893453023803,0.007680946534978376
5619,38002,12,2288.2290463923678,0.007680946534978376
5620,38016,3,1706.0416399543524,0.006005247524288481
5621,38016,6,1717.2618889728285,0.006005247524288481
5622,38016,9,1728.4821379913044,0.006005247524288481
5623,38016,12,1739.7023870097803,0.006005247524288481
5624,38017,3,1951.5818875461932,0.0053548621181373985
5625,38017,6,1971.2803559419845,0.0053548621181373985
5626,38017,9,1990.9788243377757,0.0053548621181373985
5627,38017,12,2010.677292733567,0.0053548621181373985
5628,38018,3,1594.4124861034297,0.006720985372403252
5629,38018,6,1617.66828737177,0.006720985372403252
5630,38018,9,1640.9240886401103,0.006720985372403252
5631,38018,12,1664.1798899084506,0.006720985372403252
5632,38053,3,1487.8138527692913,0.00517383209195627
5633,38053,6,1499.4328561229036,0.00517383209195627
5634,38053,9,1511.0518594765156,0.00517383209195627
5635,38053,12,1522.6708628301278,0.00517383209195627
5636,38060,3,2019.8187890529869,0.008843430272751354
5637,38060,6,2046.9182645407718,0.008843430272751354
5638,38060,9,2074.0177400285565,0.008843430272751354
5639,38060,12,2101.1172155163413,0.008843430272751354
5640,38103,3,1521.371773256347,0.006387014433724062
5641,38103,6,1513.421462322248,0.006387014433724062
5642,38103,9,1505.4711513881489,0.006387014433724062
5643,38103,12,1497.5208404540497,0.006387014433724062
5644,38104,3,1259.3074051356732,0.010298070797857757
5645,38104,6,1271.494734014216,0.010298070797857757
5646,38104,9,1283.682062892759,0.010298070797857757
5647,38104,12,1295.8693917713017,0.010298070797857757
5648,38106,3,875.5468238087259,0.008595183500983133
5649,38106,6,889.4490846084357,0.008595183500983133
5650,38106,9,903.3513454081456,0.008595183500983133
5651,38106,12,917.2536062078553,0.008595183500983133
5652,38107,3,1346.1056868015858,0.005256401817193402
5653,38107,6,1363.0045849183764,0.005256401817193402
5654,38107,9,1379.903483035167,0.005256401817193402
5655,38107,12,1396.8023811519577,0.005256401817193402
5656,38108,3,1026.5458475809658,0.005866725857945106
5657,38108,6,1055.0289437750118,0.005866725857945106
5658,38108,9,1083.5120399690577,0.005866725857945106
5659,38108,12,1111.9951361631038,0.005866725857945106
5660,38109,3,1163.0525818794845,0.006810548569218151
5661,38109,6,1181.7325510206133,0.006810548569218151
5662,38109,9,1200.412520161742,0.006810548569218151
5663,38109,12,1219.0924893028707,0.006810548569218151
5664,38111,3,1214.2585940428794,0.006716196119668085
5665,38111,6,1231.1367579333187,0.006716196119668085
5666,38111,9,1248.0149218237582,0.006716196119668085
5667,38111,12,1264.8930857141975,0.006716196119668085
5668,38112,3,1146.0454740828038,0.006540150347687453
5669,38112,6,1155.3187710667282,0.006540150347687453
5670,38112,9,1164.5920680506524,0.006540150347687453
5671,38112,12,1173.8653650345766,0.006540150347687453
5672,38114,3,918.1364904440643,0.008331819087852013
5673,38114,6,904.443563009208,0.008331819087852013
5674,38114,9,890.7506355743516,0.008331819087852013
5675,38114,12,877.0577081394952,0.008331819087852013
5676,38115,3,1140.6958346633644,0.0057493526787019324
5677,38115,6,1156.1772330514264,0.0057493526787019324
5678,38115,9,1171.6586314394885,0.0057493526787019324
5679,38115,12,1187.1400298275505,0.0057493526787019324
5680,38116,3,1064.934492383372,0.005185024354380768
5681,38116,6,1072.861259840781,0.005185024354380768
5682,38116,9,1080.7880272981904,0.005185024354380768
5683,38116,12,1088.7147947555995,0.005185024354380768
5684,38117,3,1628.8627136701496,0.005957030580782835
5685,38117,6,1646.6281956169037,0.005957030580782835
5686,38117,9,1664.393677563658,0.005957030580782835
5687,38117,12,1682.159159510412,0.005957030580782835
5688,38118,3,1270.4343801415616,0.0075221577789179135
5689,38118,6,1281.83015950783,0.0075221577789179135
5690,38118,9,1293.2259388740986,0.0075221577789179135
5691,38118,12,1304.621718240367,0.0075221577789179135
5692,38119,3,1652.3143170965857,0.005560440335228903
5693,38119,6,1654.8125993143456,0.005560440335228903
5694,38119,9,1657.3108815321054,0.005560440335228903
5695,38119,12,1659.8091637498655,0.005560440335228903
5696,38120,3,1483.6440016378904,0.003337797063819112
5697,38120,6,1522.8688107059895,0.003337797063819112
5698,38120,9,1562.0936197740884,0.003337797063819112
5699,38120,12,1601.3184288421876,0.003337797063819112
5700,38122,3,1098.6197876436463,0.007983526322994632
5701,38122,6,1109.8228810811754,0.007983526322994632
5702,38122,9,1121.0259745187045,0.007983526322994632
5703,38122,12,1132.2290679562334,0.007983526322994632
5704,38125,3,1558.4084371456863,0.009504902363611258
5705,38125,6,1580.6174703237011,0.009504902363611258
5706,38125,9,1602.826503501716,0.009504902363611258
5707,38125,12,1625.0355366797305,0.009504902363611258
5708,38127,3,1044.4859348270934,0.005751427182528799
5709,38127,6,1055.471719194674,0.005751427182528799
5710,38127,9,1066.457503562255,0.005751427182528799
5711,38127,12,1077.4432879298358,0.005751427182528799
5712,38128,3,1256.79288649476,0.008385666721442107
5713,38128,6,1270.2850554786737,0.008385666721442107
5714,38128,9,1283.7772244625871,0.008385666721442107
5715,38128,12,1297.2693934465005,0.008385666721442107
5716,38133,3,1647.1778885929498,0.006605997664854605
5717,38133,6,1647.8427513591887,0.006605997664854605
5718,38133,9,1648.5076141254278,0.006605997664854605
5719,38133,12,1649.172476891667,0.006605997664854605
5720,38134,3,1360.873615931529,0.0072547463688407265
5721,38134,6,1370.0311433349025,0.0072547463688407265
5722,38134,9,1379.1886707382757,0.0072547463688407265
5723,38134,12,1388.346198141649,0.0072547463688407265
5724,38135,3,1876.2492976556234,0.008419782050716456
5725,38135,6,1900.1538192805683,0.008419782050716456
5726,38135,9,1924.0583409055134,0.008419782050716456
5727,38135,12,1947.9628625304583,0.008419782050716456
5728,38138,3,2316.1950692943137,0.01050638672524511
5729,38138,6,2321.9310656018683,0.01050638672524511
5730,38138,9,2327.667061909423,0.01050638672524511
5731,38138,12,2333.4030582169776,0.01050638672524511
5732,38141,3,1585.0245618145298,0.004410213850378208
5733,38141,6,1602.986730568607,0.004410213850378208
5734,38141,9,1620.9488993226842,0.004410213850378208
5735,38141,12,1638.9110680767615,0.004410213850378208
5736,38301,3,1209.446520639058,0.0033656035170856993
5737,38301,6,1183.186227058317,0.0033656035170856993
5738,38301,9,1156.925933477576,0.0033656035170856993
5739,38301,12,1130.6656398968353,0.0033656035170856993
5740,38305,3,1491.0678083032321,0.003829717969986636
5741,38305,6,1515.1227167982768,0.003829717969986636
5742,38305,9,1539.1776252933212,0.003829717969986636
5743,38305,12,1563.2325337883658,0.003829717969986636
5744,38401,3,1596.059187730541,0.007021719228577824
5745,38401,6,1602.2745404595578,0.007021719228577824
5746,38401,9,1608.4898931885743,0.007021719228577824
5747,38401,12,1614.705245917591,0.007021719228577824
5748,38501,3,1322.2968850706657,0.006230897225802883
5749,38501,6,1330.56316212247,0.006230897225802883
5750,38501,9,1338.8294391742745,0.006230897225802883
5751,38501,12,1347.0957162260788,0.006230897225802883
5752,38632,3,1918.6637731993712,0.004884803342734027
5753,38632,6,1920.625582946457,0.004884803342734027
5754,38632,9,1922.5873926935426,0.004884803342734027
5755,38632,12,1924.549202440628,0.004884803342734027
5756,38637,3,1520.7012243568088,0.007298334567984543
5757,38637,6,1544.0082267027672,0.007298334567984543
5758,38637,9,1567.3152290487258,0.007298334567984543
5759,38637,12,1590.6222313946841,0.007298334567984543
5760,38654,3,1911.0038827325116,0.008251429127480354
5761,38654,6,1937.1774628463595,0.008251429127480354
5762,38654,9,1963.3510429602072,0.008251429127480354
5763,38654,12,1989.524623074055,0.008251429127480354
5764,38655,3,2076.1934403898363,0.008635962791862295
5765,38655,6,2151.1052204589223,0.008635962791862295
5766,38655,9,2226.0170005280083,0.008635962791862295
5767,38655,12,2300.9287805970944,0.008635962791862295
5768,38671,3,1584.8117471253522,0.008230883499754068
5769,38671,6,1601.5316127490398,0.008230883499754068
5770,38671,9,1618.2514783727277,0.008230883499754068
5771,38671,12,1634.9713439964153,0.008230883499754068
5772,38672,3,2332.3695680824258,0.0060229290813262485
5773,38672,6,2378.6588002096314,0.0060229290813262485
5774,38672,9,2424.9480323368366,0.0060229290813262485
5775,38672,12,2471.2372644640423,0.0060229290813262485
5776,38801,3,1029.1841158738512,0.0027497846795955776
5777,38801,6,1031.3201397062696,0.0027497846795955776
5778,38801,9,1033.456163538688,0.0027497846795955776
5779,38801,12,1035.5921873711065,0.0027497846795955776
5780,39042,3,1765.473156199976,0.005957396864890647
5781,39042,6,1783.103753947792,0.005957396864890647
5782,39042,9,1800.734351695608,0.005957396864890647
5783,39042,12,1818.364949443424,0.005957396864890647
5784,39047,3,1789.9740213110026,0.005736668043460562
5785,39047,6,1813.6947492876352,0.005736668043460562
5786,39047,9,1837.4154772642676,0.005736668043460562
5787,39047,12,1861.1362052409002,0.005736668043460562
5788,39056,3,1612.0592886661261,0.00456251712456381
5789,39056,6,1628.3350413939402,0.00456251712456381
5790,39056,9,1644.610794121754,0.00456251712456381
5791,39056,12,1660.8865468495678,0.00456251712456381
5792,39110,3,2236.5381573863874,0.005008346368456378
5793,39110,6,2259.6131489901163,0.005008346368456378
5794,39110,9,2282.6881405938457,0.005008346368456378
5795,39110,12,2305.7631321975746,0.005008346368456378
5796,39157,3,1455.7609999431445,0.0058412449470989815
5797,39157,6,1459.2717115528633,0.0058412449470989815
5798,39157,9,1462.782423162582,0.0058412449470989815
5799,39157,12,1466.2931347723008,0.0058412449470989815
5800,39204,3,1021.39821382434,0.0
5801,39204,6,1021.39821382434,0.0
5802,39204,9,1021.39821382434,0.0
5803,39204,12,1021.39821382434,0.0
5804,39206,3,1194.0679500569477,0.00778260881659258
5805,39206,6,1212.1011390522742,0.00778260881659258
5806,39206,9,1230.1343280476008,0.00778260881659258
5807,39206,12,1248.1675170429273,0.00778260881659258
5808,39208,3,1410.5057047125067,0.004943014918849306
5809,39208,6,1426.7357761393966,0.004943014918849306
5810,39208,9,1442.9658475662864,0.004943014918849306
5811,39208,12,1459.195918993176,0.004943014918849306
5812,39209,3,1011.0367263461936,0.009032554018891028
5813,39209,6,1035.3738605522137,0.009032554018891028
5814,39209,9,1059.7109947582337,0.009032554018891028
5815,39209,12,1084.048128964254,0.009032554018891028
5816,39211,3,1582.9460920002964,0.010208573060439685
5817,39211,6,1610.060978959347,0.010208573060439685
5818,39211,9,1637.1758659183977,0.010208573060439685
5819,39211,12,1664.2907528774483,0.010208573060439685
5820,39212,3,1088.6167241667247,0.00898413666704464
5821,39212,6,1111.3087380656157,0.00898413666704464
5822,39212,9,1134.000751964507,0.00898413666704464
5823,39212,12,1156.6927658633979,0.00898413666704464
5824,39232,3,1488.079440849589,0.0018060092834385737
5825,39232,6,1523.9096334965607,0.0018060092834385737
5826,39232,9,1559.7398261435326,0.0018060092834385737
5827,39232,12,1595.5700187905043,0.0018060092834385737
5828,39401,3,1030.6325952105944,0.00422571718786169
5829,39401,6,1041.2255029339856,0.00422571718786169
5830,39401,9,1051.818410657377,0.00422571718786169
5831,39401,12,1062.411318380768,0.00422571718786169
5832,39402,3,1440.8572006766924,0.00664063538807239
5833,39402,6,1481.329501302764,0.00664063538807239
5834,39402,9,1521.8018019288352,0.00664063538807239
5835,39402,12,1562.2741025549067,0.00664063538807239
5836,39501,3,1163.8746832098723,0.007362904667267202
5837,39501,6,1165.8847368353975,0.007362904667267202
5838,39501,9,1167.8947904609229,0.007362904667267202
5839,39501,12,1169.904844086448,0.007362904667267202
5840,39503,3,1570.7324581886885,0.0037859622588328093
5841,39503,6,1572.8256553229403,0.0037859622588328093
5842,39503,9,1574.918852457192,0.0037859622588328093
5843,39503,12,1577.0120495914439,0.0037859622588328093
5844,39507,3,1275.5668604890438,0.005303502101412517
5845,39507,6,1321.1749128659967,0.005303502101412517
5846,39507,9,1366.7829652429496,0.005303502101412517
5847,39507,12,1412.3910176199024,0.005303502101412517
5848,39531,3,1301.6213125467127,0.005909892498837885
5849,39531,6,1303.0582014788688,0.005909892498837885
5850,39531,9,1304.495090411025,0.005909892498837885
5851,39531,12,1305.9319793431812,0.005909892498837885
5852,39564,3,1711.345621854224,0.0050424867379169885
5853,39564,6,1746.1492693612968,0.0050424867379169885
5854,39564,9,1780.9529168683698,0.0050424867379169885
5855,39564,12,1815.7565643754426,0.0050424867379169885
5856,39759,3,1208.5834804909305,0.0027822472934979844
5857,39759,6,1231.2918076858823,0.0027822472934979844
5858,39759,9,1254.000134880834,0.0027822472934979844
5859,39759,12,1276.7084620757855,0.0027822472934979844
5860,40059,3,2394.6259795982655,0.006474700282773932
5861,40059,6,2398.6166781103484,0.006474700282773932
5862,40059,9,2402.6073766224317,0.006474700282773932
5863,40059,12,2406.5980751345146,0.006474700282773932
5864,40160,3,1014.7429816711524,0.00586279841879821
5865,40160,6,1012.1861923982592,0.00586279841879821
5866,40160,9,1009.6294031253661,0.00586279841879821
5867,40160,12,1007.0726138524731,0.00586279841879821
5868,40202,3,1294.6767562968478,0.005176363839491773
5869,40202,6,1297.3542449754227,0.005176363839491773
5870,40202,9,1300.031733653998,0.005176363839491773
5871,40202,12,1302.709222332573,0.005176363839491773
5872,40203,3,1025.129194053763,0.010139576571625166
5873,40203,6,1041.3121575114997,0.010139576571625166
5874,40203,9,1057.495120969236,0.010139576571625166
5875,40203,12,1073.6780844269726,0.010139576571625166
5876,40204,3,1296.5672558491724,0.006606144200041871
5877,40204,6,1310.0563353085374,0.006606144200041871
5878,40204,9,1323.5454147679027,0.006606144200041871
5879,40204,12,1337.0344942272677,0.006606144200041871
5880,40205,3,1366.3786018003234,0.008240556080452571
5881,40205,6,1383.2110946100852,0.008240556080452571
5882,40205,9,1400.0435874198472,0.008240556080452571
5883,40205,12,1416.876080229609,0.008240556080452571
5884,40206,3,1386.0823780502765,0.00694748613221157
5885,40206,6,1404.2352624556024,0.00694748613221157
5886,40206,9,1422.3881468609284,0.00694748613221157
5887,40206,12,1440.5410312662543,0.00694748613221157
5888,40207,3,1461.748048822055,0.0075419586853201805
5889,40207,6,1479.0083236167766,0.0075419586853201805
5890,40207,9,1496.268598411498,0.0075419586853201805
5891,40207,12,1513.5288732062195,0.0075419586853201805
5892,40208,3,1031.3340833895586,0.006163029837399014
5893,40208,6,1046.5728231506766,0.006163029837399014
5894,40208,9,1061.8115629117945,0.006163029837399014
5895,40208,12,1077.0503026729125,0.006163029837399014
5896,40210,3,1108.5719269689068,0.012301318591222857
5897,40210,6,1128.4605093595962,0.012301318591222857
5898,40210,9,1148.3490917502857,0.012301318591222857
5899,40210,12,1168.237674140975,0.012301318591222857
5900,40211,3,1192.2392777665666,0.00885618354625291
5901,40211,6,1215.5765755615444,0.00885618354625291
5902,40211,9,1238.913873356522,0.00885618354625291
5903,40211,12,1262.2511711514994,0.00885618354625291
5904,40212,3,1071.3485480016245,0.009117829464613243
5905,40212,6,1091.9310641760453,0.009117829464613243
5906,40212,9,1112.5135803504659,0.009117829464613243
5907,40212,12,1133.0960965248867,0.009117829464613243
5908,40214,3,1147.7926730444758,0.007308825073573707
5909,40214,6,1167.8245281399768,0.007308825073573707
5910,40214,9,1187.8563832354778,0.007308825073573707
5911,40214,12,1207.888238330979,0.007308825073573707
5912,40215,3,1160.0623478131643,0.007273426541455069
5913,40215,6,1179.0445910415742,0.007273426541455069
5914,40215,9,1198.0268342699844,0.007273426541455069
5915,40215,12,1217.0090774983946,0.007273426541455069
5916,40216,3,1124.7164563822569,0.006471712208085311
5917,40216,6,1138.7098862289652,0.006471712208085311
5918,40216,9,1152.7033160756737,0.006471712208085311
5919,40216,12,1166.696745922382,0.006471712208085311
5920,40217,3,1317.216150639832,0.007680837316353726
5921,40217,6,1335.3782222581378,0.007680837316353726
5922,40217,9,1353.5402938764437,0.007680837316353726
5923,40217,12,1371.7023654947495,0.007680837316353726
5924,40218,3,1232.9447965489255,0.0033601234636680276
5925,40218,6,1244.3731932710525,0.0033601234636680276
5926,40218,9,1255.8015899931795,0.0033601234636680276
5927,40218,12,1267.2299867153065,0.0033601234636680276
5928,40220,3,1351.8134103033449,0.009705867919842482
5929,40220,6,1368.5430738222126,0.009705867919842482
5930,40220,9,1385.2727373410805,0.009705867919842482
5931,40220,12,1402.0024008599482,0.009705867919842482
5932,40222,3,1366.0511896412559,0.005449726539721848
5933,40222,6,1378.0775366692947,0.005449726539721848
5934,40222,9,1390.1038836973332,0.005449726539721848
5935,40222,12,1402.130230725372,0.005449726539721848
5936,40223,3,1581.3583190935026,0.005103867866359156
5937,40223,6,1594.9120809554581,0.005103867866359156
5938,40223,9,1608.4658428174134,0.005103867866359156
5939,40223,12,1622.019604679369,0.005103867866359156
5940,40228,3,1839.9658322478333,0.000982906654199138
5941,40228,6,1839.9906102184577,0.000982906654199138
5942,40228,9,1840.0153881890824,0.000982906654199138
5943,40228,12,1840.040166159707,0.000982906654199138
5944,40229,3,1461.1035087073683,0.00417959998622116
5945,40229,6,1478.1781888130904,0.00417959998622116
5946,40229,9,1495.2528689188125,0.00417959998622116
5947,40229,12,1512.3275490245346,0.00417959998622116
5948,40241,3,1539.281721340297,0.0047836632742894215
5949,40241,6,1557.4128217369569,0.0047836632742894215
5950,40241,9,1575.543922133617,0.0047836632742894215
5951,40241,12,1593.6750225302767,0.0047836632742894215
5952,40242,3,1278.5469081960773,0.002240569719628022
5953,40242,6,1278.5855040003212,0.002240569719628022
5954,40242,9,1278.6240998045653,0.002240569719628022
5955,40242,12,1278.6626956088091,0.002240569719628022
5956,40243,3,1445.882833189295,0.0023055108645513205
5957,40243,6,1445.902378177045,0.0023055108645513205
5958,40243,9,1445.9219231647949,0.0023055108645513205
5959,40243,12,1445.9414681525448,0.0023055108645513205
5960,40245,3,1692.1461156398873,0.004039699238933105
5961,40245,6,1700.1849505295402,0.004039699238933105
5962,40245,9,1708.2237854191928,0.004039699238933105
5963,40245,12,1716.2626203088457,0.004039699238933105
5964,40272,3,1292.9375928746683,0.005163774606690011
5965,40272,6,1304.2979718241968,0.005163774606690011
5966,40272,9,1315.6583507737253,0.005163774606690011
5967,40272,12,1327.0187297232537,0.005163774606690011
5968,40291,3,1510.826798427706,0.007596224012774333
5969,40291,6,1487.1369727068975,0.007596224012774333
5970,40291,9,1463.4471469860887,0.007596224012774333
5971,40291,12,1439.75732126528,0.007596224012774333
5972,40299,3,1629.8911181385026,0.003951679232076728
5973,40299,6,1651.8091333451175,0.003951679232076728
5974,40299,9,1673.7271485517324,0.003951679232076728
5975,40299,12,1695.6451637583473,0.003951679232076728
5976,40324,3,1495.7610908701777,0.002373480518326176
5977,40324,6,1515.9127290919498,0.002373480518326176
5978,40324,9,1536.064367313722,0.002373480518326176
5979,40324,12,1556.2160055354943,0.002373480518326176
5980,40356,3,1424.2554156024328,0.009474030189393025
5981,40356,6,1454.732060630878,0.009474030189393025
5982,40356,9,1485.2087056593236,0.009474030189393025
5983,40356,12,1515.685350687769,0.009474030189393025
5984,40475,3,1024.659790075517,0.005680612449503008
5985,40475,6,1035.2879415151824,0.005680612449503008
5986,40475,9,1045.9160929548477,0.005680612449503008
5987,40475,12,1056.544244394513,0.005680612449503008
5988,40502,3,1428.3195980230555,0.008097970383732314
5989,40502,6,1448.3718269955627,0.008097970383732314
5990,40502,9,1468.42405596807,0.008097970383732314
5991,40502,12,1488.4762849405772,0.008097970383732314
5992,40503,3,1757.1939739935794,0.008801111844499299
5993,40503,6,1787.8006828461127,0.008801111844499299
5994,40503,9,1818.407391698646,0.008801111844499299
5995,40503,12,1849.0141005511794,0.008801111844499299
5996,40504,3,1440.599356881036,0.006204304044123015
5997,40504,6,1462.7211183967088,0.006204304044123015
5998,40504,9,1484.8428799123812,0.006204304044123015
5999,40504,12,1506.964641428054,0.006204304044123015
6000,40505,3,1264.22913408515,0.007800599006697016
6001,40505,6,1283.921599217532,0.007800599006697016
6002,40505,9,1303.6140643499143,0.007800599006697016
6003,40505,12,1323.3065294822964,0.007800599006697016
6004,40508,3,1318.248976522243,0.008606974323599189
6005,40508,6,1334.5554985927636,0.008606974323599189
6006,40508,9,1350.862020663284,0.008606974323599189
6007,40508,12,1367.1685427338043,0.008606974323599189
6008,40509,3,1537.8221592649688,0.006785732322729071
6009,40509,6,1555.2623756728003,0.006785732322729071
6010,40509,9,1572.7025920806316,0.006785732322729071
6011,40509,12,1590.142808488463,0.006785732322729071
6012,40511,3,1802.6533770587946,0.004692518607690576
6013,40511,6,1825.8341410180367,0.004692518607690576
6014,40511,9,1849.0149049772785,0.004692518607690576
6015,40511,12,1872.1956689365206,0.004692518607690576
6016,40515,3,1509.4550196859143,0.009383941153054355
6017,40515,6,1532.8385575850305,0.009383941153054355
6018,40515,9,1556.2220954841466,0.009383941153054355
6019,40515,12,1579.6056333832628,0.009383941153054355
6020,40517,3,1304.1302835153595,0.005684191321338044
6021,40517,6,1326.3116836349152,0.005684191321338044
6022,40517,9,1348.4930837544707,0.005684191321338044
6023,40517,12,1370.6744838740265,0.005684191321338044
6024,40601,3,975.837293693067,0.009100822303475482
6025,40601,6,989.9645511022852,0.009100822303475482
6026,40601,9,1004.0918085115036,0.009100822303475482
6027,40601,12,1018.2190659207218,0.009100822303475482
6028,41011,3,1598.8173333334055,0.007208449543294218
6029,41011,6,1618.3721615567324,0.007208449543294218
6030,41011,9,1637.926989780059,0.007208449543294218
6031,41011,12,1657.481818003386,0.007208449543294218
6032,41018,3,1226.865616673036,0.0031940259466517445
6033,41018,6,1240.6024938037058,0.0031940259466517445
6034,41018,9,1254.339370934376,0.0031940259466517445
6035,41018,12,1268.076248065046,0.0031940259466517445
6036,41042,3,1636.6393182138888,0.004429463215804526
6037,41042,6,1653.9381161598913,0.004429463215804526
6038,41042,9,1671.2369141058937,0.004429463215804526
6039,41042,12,1688.535712051896,0.004429463215804526
6040,41071,3,1566.1805937822796,0.004845204219905232
6041,41071,6,1588.7226605263188,0.004845204219905232
6042,41071,9,1611.2647272703578,0.004845204219905232
6043,41071,12,1633.806794014397,0.004845204219905232
6044,41074,3,1849.1417984749723,0.0006025332140410425
6045,41074,6,1849.1265378827459,0.0006025332140410425
6046,41074,9,1849.1112772905192,0.0006025332140410425
6047,41074,12,1849.0960166982925,0.0006025332140410425
6048,42101,3,1308.156584070529,0.005005475847163333
6049,42101,6,1319.0390674161981,0.005005475847163333
6050,42101,9,1329.9215507618671,0.005005475847163333
6051,42101,12,1340.8040341075362,0.005005475847163333
6052,42104,3,1347.5421821530617,0.0026017279150429605
6053,42104,6,1357.646465410409,0.0026017279150429605
6054,42104,9,1367.7507486677564,0.0026017279150429605
6055,42104,12,1377.8550319251037,0.0026017279150429605
6056,42240,3,1043.0544605811674,0.004468547072895193
6057,42240,6,1066.287738350633,0.004468547072895193
6058,42240,9,1089.5210161200982,0.004468547072895193
6059,42240,12,1112.7542938895635,0.004468547072895193
6060,42262,3,1209.6783625458902,0.0065901941428179855
6061,42262,6,1224.3605301231714,0.0065901941428179855
6062,42262,9,1239.0426977004527,0.0065901941428179855
6063,42262,12,1253.7248652777341,0.0065901941428179855
6064,42701,3,1469.58284035845,0.007552500191554237
6065,42701,6,1488.3427891949334,0.007552500191554237
6066,42701,9,1507.1027380314165,0.007552500191554237
6067,42701,12,1525.8626868678998,0.007552500191554237
6068,70001,3,1722.68966270233,0.004820985671258423
6069,70001,6,1737.7280301159285,0.004820985671258423
6070,70001,9,1752.766397529527,0.004820985671258423
6071,70001,12,1767.8047649431257,0.004820985671258423
6072,70002,3,1364.7477520215295,0.0033942735927194236
6073,70002,6,1364.585854073966,0.0033942735927194236
6074,70002,9,1364.4239561264026,0.0033942735927194236
6075,70002,12,1364.262058178839,0.0033942735927194236
6076,70003,3,1657.0986858706228,0.0025646166199917394
6077,70003,6,1663.6609664903672,0.0025646166199917394
6078,70003,9,1670.2232471101115,0.0025646166199917394
6079,70003,12,1676.7855277298559,0.0025646166199917394
6080,70005,3,1804.1562468608693,0.005588777258947586
6081,70005,6,1828.6036528314312,0.005588777258947586
6082,70005,9,1853.0510588019931,0.005588777258947586
6083,70005,12,1877.498464772555,0.005588777258947586
6084,70043,3,1358.5933268342174,0.0029643031379588433
6085,70043,6,1290.8991098554554,0.0029643031379588433
6086,70043,9,1223.2048928766935,0.0029643031379588433
6087,70043,12,1155.5106758979318,0.0029643031379588433
6088,70058,3,1357.797380264083,0.0022131177040783786
6089,70058,6,1373.8425972312778,0.0022131177040783786
6090,70058,9,1389.8878141984728,0.0022131177040783786
6091,70058,12,1405.9330311656677,0.0022131177040783786
6092,70065,3,1762.4933169611309,0.003717939797944554
6093,70065,6,1793.3316946094258,0.003717939797944554
6094,70065,9,1824.1700722577204,0.003717939797944554
6095,70065,12,1855.0084499060154,0.003717939797944554
6096,70072,3,1533.0913872440142,0.006114878440927201
6097,70072,6,1535.2592380292108,0.006114878440927201
6098,70072,9,1537.4270888144074,0.006114878440927201
6099,70072,12,1539.5949395996042,0.006114878440927201
6100,70094,3,1338.4732501943358,0.0
6101,70094,6,1338.4732501943358,0.0
6102,70094,9,1338.4732501943358,0.0
6103,70094,12,1338.4732501943358,0.0
6104,70112,3,1855.8488421355642,0.005787119757290624
6105,70112,6,1855.6529030073527,0.005787119757290624
6106,70112,9,1855.456963879141,0.005787119757290624
6107,70112,12,1855.2610247509297,0.005787119757290624
6108,70113,3,1583.5093758372561,0.007332049432328786
6109,70113,6,1586.5352183097273,0.007332049432328786
6110,70113,9,1589.5610607821986,0.007332049432328786
6111,70113,12,1592.5869032546698,0.007332049432328786
6112,70114,3,1531.175902129959,0.006429227499713645
6113,70114,6,1539.2886079662806,0.006429227499713645
6114,70114,9,1547.401313802602,0.006429227499713645
6115,70114,12,1555.5140196389236,0.006429227499713645
6116,70115,3,1616.3907006873608,0.006589438099443535
6117,70115,6,1630.0002500748772,0.006589438099443535
6118,70115,9,1643.6097994623933,0.006589438099443535
6119,70115,12,1657.2193488499097,0.006589438099443535
6120,70116,3,1730.5067428528062,0.007730723420938827
6121,70116,6,1736.1357804396332,0.007730723420938827
6122,70116,9,1741.7648180264603,0.007730723420938827
6123,70116,12,1747.3938556132873,0.007730723420938827
6124,70117,3,1496.1776846940886,0.01012209696315887
6125,70117,6,1510.7236108264067,0.01012209696315887
6126,70117,9,1525.269536958725,0.01012209696315887
6127,70117,12,1539.815463091043,0.01012209696315887
6128,70118,3,1677.1008638235346,0.006530121893053488
6129,70118,6,1691.5044984355004,0.006530121893053488
6130,70118,9,1705.908133047466,0.006530121893053488
6131,70118,12,1720.3117676594318,0.006530121893053488
6132,70119,3,1620.5685709068043,0.006702470525487637
6133,70119,6,1634.671403040666,0.006702470525487637
6134,70119,9,1648.774235174528,0.006702470525487637
6135,70119,12,1662.8770673083898,0.006702470525487637
6136,70122,3,1557.1163766279537,0.006249802146868339
6137,70122,6,1578.1590227494773,0.006249802146868339
6138,70122,9,1599.2016688710012,0.006249802146868339
6139,70122,12,1620.244314992525,0.006249802146868339
6140,70123,3,1622.2583459478258,0.007702846331262326
6141,70123,6,1623.0140223000853,0.007702846331262326
6142,70123,9,1623.7696986523447,0.007702846331262326
6143,70123,12,1624.525375004604,0.007702846331262326
6144,70124,3,1978.0392156237044,0.008251885870647251
6145,70124,6,1995.0738549811886,0.008251885870647251
6146,70124,9,2012.108494338673,0.008251885870647251
6147,70124,12,2029.143133696157,0.008251885870647251
6148,70125,3,1624.1178528073572,0.003778031632819497
6149,70125,6,1631.650829617045,0.003778031632819497
6150,70125,9,1639.183806426733,0.003778031632819497
6151,70125,12,1646.716783236421,0.003778031632819497
6152,70126,3,1477.251706673578,0.0030743498776827287
6153,70126,6,1483.4391490973267,0.0030743498776827287
6154,70126,9,1489.6265915210756,0.0030743498776827287
6155,70126,12,1495.8140339448246,0.0030743498776827287
6156,70130,3,1726.3463046846505,0.011044051820570559
6157,70130,6,1734.7994121694987,0.011044051820570559
6158,70130,9,1743.2525196543468,0.011044051820570559
6159,70130,12,1751.7056271391948,0.011044051820570559
6160,70131,3,1500.623146028572,0.003353513759779583
6161,70131,6,1520.457014359626,0.003353513759779583
6162,70131,9,1540.2908826906803,0.003353513759779583
6163,70131,12,1560.1247510217347,0.003353513759779583
6164,70301,3,1352.181546191701,0.0030530000487254782
6165,70301,6,1352.9807477225236,0.0030530000487254782
6166,70301,9,1353.779949253346,0.0030530000487254782
6167,70301,12,1354.5791507841686,0.0030530000487254782
6168,70360,3,1295.3884264748376,0.0029124501164078526
6169,70360,6,1301.7767489902567,0.0029124501164078526
6170,70360,9,1308.165071505676,0.0029124501164078526
6171,70360,12,1314.553394021095,0.0029124501164078526
6172,70401,3,1049.4667104396754,0.002030148210688344
6173,70401,6,1049.6902003069354,0.002030148210688344
6174,70401,9,1049.9136901741956,0.002030148210688344
6175,70401,12,1050.1371800414556,0.002030148210688344
6176,70403,3,1336.7572211961178,0.0035754581995709337
6177,70403,6,1380.3047535379644,0.0035754581995709337
6178,70403,9,1423.8522858798108,0.0035754581995709337
6179,70403,12,1467.3998182216574,0.0035754581995709337
6180,70433,3,1540.8519309095445,0.009323517571969187
6181,70433,6,1553.349831799738,0.009323517571969187
6182,70433,9,1565.8477326899313,0.009323517571969187
6183,70433,12,1578.3456335801247,0.009323517571969187
6184,70448,3,1830.13045397623,0.00397580466654404
6185,70448,6,1853.4043515895337,0.00397580466654404
6186,70448,9,1876.6782492028372,0.00397580466654404
6187,70448,12,1899.9521468161406,0.00397580466654404
6188,70454,3,1545.8138167801087,0.0034574455007678755
6189,70454,6,1566.348608113268,0.0034574455007678755
6190,70454,9,1586.8833994464276,0.0034574455007678755
6191,70454,12,1607.418190779587,0.0034574455007678755
6192,70458,3,1503.6007281993307,0.008035945436185537
6193,70458,6,1514.3639618128732,0.008035945436185537
6194,70458,9,1525.1271954264157,0.008035945436185537
6195,70458,12,1535.8904290399582,0.008035945436185537
6196,70460,3,1622.8912743484286,0.003934945067110538
6197,70460,6,1624.8490979461874,0.003934945067110538
6198,70460,9,1626.8069215439464,0.003934945067110538
6199,70460,12,1628.7647451417051,0.003934945067110538
6200,70461,3,1701.4140580729388,0.004153084127475385
6201,70461,6,1702.5796051648847,0.004153084127475385
6202,70461,9,1703.7451522568308,0.004153084127475385
6203,70461,12,1704.9106993487767,0.004153084127475385
6204,70471,3,1400.5663350105815,0.00579867864470485
6205,70471,6,1421.4613488906639,0.00579867864470485
6206,70471,9,1442.3563627707463,0.00579867864470485
6207,70471,12,1463.251376650829,0.00579867864470485
6208,70501,3,1067.4333891494996,0.004955168152283734
6209,70501,6,1081.4109519999959,0.004955168152283734
6210,70501,9,1095.388514850492,0.004955168152283734
6211,70501,12,1109.3660777009882,0.004955168152283734
6212,70503,3,1271.8224307700057,0.007932457676912983
6213,70503,6,1285.49258355306,0.007932457676912983
6214,70503,9,1299.1627363361147,0.007932457676912983
6215,70503,12,1312.8328891191693,0.007932457676912983
6216,70506,3,1302.2703361849813,0.0061983908408676765
6217,70506,6,1313.748433467842,0.0061983908408676765
6218,70506,9,1325.226530750703,0.0061983908408676765
6219,70506,12,1336.704628033564,0.0061983908408676765
6220,70508,3,1398.896105107656,0.0065263365130668076
6221,70508,6,1411.335355611089,0.0065263365130668076
6222,70508,9,1423.7746061145217,0.0065263365130668076
6223,70508,12,1436.2138566179544,0.0065263365130668076
6224,70592,3,1889.2865744033797,0.0037603881230824296
6225,70592,6,1898.4775888732236,0.0037603881230824296
6226,70592,9,1907.6686033430672,0.0037603881230824296
6227,70592,12,1916.8596178129108,0.0037603881230824296
6228,70601,3,932.4628765595082,0.007136572302163921
6229,70601,6,932.47049413095,0.007136572302163921
6230,70601,9,932.4781117023917,0.007136572302163921
6231,70601,12,932.4857292738335,0.007136572302163921
6232,70605,3,1038.834125737455,0.01229583096163221
6233,70605,6,1037.0659680680292,0.01229583096163221
6234,70605,9,1035.2978103986036,0.01229583096163221
6235,70605,12,1033.529652729178,0.01229583096163221
6236,70607,3,1082.6801982959505,0.013452474528444421
6237,70607,6,1078.6747574387452,0.013452474528444421
6238,70607,9,1074.6693165815402,0.013452474528444421
6239,70607,12,1070.6638757243352,0.013452474528444421
6240,70663,3,1074.524164270163,0.003474333468388853
6241,70663,6,1088.6757803729813,0.003474333468388853
6242,70663,9,1102.8273964757998,0.003474333468388853
6243,70663,12,1116.979012578618,0.003474333468388853
6244,70726,3,1451.0783088038172,0.0035784218330219266
6245,70726,6,1460.8200689535759,0.0035784218330219266
6246,70726,9,1470.5618291033345,0.0035784218330219266
6247,70726,12,1480.3035892530932,0.0035784218330219266
6248,70769,3,1951.2462296448525,0.0018569128306768106
6249,70769,6,1967.1463241753718,0.0018569128306768106
6250,70769,9,1983.0464187058913,0.0018569128306768106
6251,70769,12,1998.9465132364105,0.0018569128306768106
6252,70791,3,1638.9159201262385,0.00219840292686654
6253,70791,6,1638.5659049205483,0.00219840292686654
6254,70791,9,1638.2158897148581,0.00219840292686654
6255,70791,12,1637.8658745091682,0.00219840292686654
6256,70802,3,1087.2851273629894,0.008700206757532327
6257,70802,6,1096.2163789843175,0.008700206757532327
6258,70802,9,1105.1476306056456,0.008700206757532327
6259,70802,12,1114.0788822269737,0.008700206757532327
6260,70806,3,1198.769138870152,0.006903663096631666
6261,70806,6,1205.005607958407,0.006903663096631666
6262,70806,9,1211.2420770466622,0.006903663096631666
6263,70806,12,1217.4785461349175,0.006903663096631666
6264,70808,3,1328.4260482025811,0.008946268023222044
6265,70808,6,1339.7078405475297,0.008946268023222044
6266,70808,9,1350.9896328924783,0.008946268023222044
6267,70808,12,1362.2714252374271,0.008946268023222044
6268,70809,3,1355.095624756578,0.009220846064550946
6269,70809,6,1358.809467889367,0.009220846064550946
6270,70809,9,1362.5233110221561,0.009220846064550946
6271,70809,12,1366.237154154945,0.009220846064550946
6272,70810,3,1531.039891329641,0.008523499914901513
6273,70810,6,1549.7532576550116,0.008523499914901513
6274,70810,9,1568.466623980382,0.008523499914901513
6275,70810,12,1587.1799903057527,0.008523499914901513
6276,70816,3,1136.9905296234651,0.007081488107746117
6277,70816,6,1152.5723240958173,0.007081488107746117
6278,70816,9,1168.1541185681695,0.007081488107746117
6279,70816,12,1183.7359130405218,0.007081488107746117
6280,70817,3,1476.1489498544581,0.007199066310609303
6281,70817,6,1487.5641944594972,0.007199066310609303
6282,70817,9,1498.9794390645366,0.007199066310609303
6283,70817,12,1510.3946836695757,0.007199066310609303
6284,70820,3,1310.80521838355,0.004214015031376709
6285,70820,6,1320.0799424368747,0.004214015031376709
6286,70820,9,1329.3546664901996,0.004214015031376709
6287,70820,12,1338.6293905435243,0.004214015031376709
6288,71104,3,970.0197810468883,0.005327363007747496
6289,71104,6,979.3364445547181,0.005327363007747496
6290,71104,9,988.6531080625481,0.005327363007747496
6291,71104,12,997.9697715703779,0.005327363007747496
6292,71105,3,1224.2499071456436,0.005266481589748918
6293,71105,6,1224.690338782017,0.005266481589748918
6294,71105,9,1225.1307704183903,0.005266481589748918
6295,71105,12,1225.5712020547635,0.005266481589748918
6296,71106,3,1246.037297435568,0.007965952370136373
6297,71106,6,1247.817336276194,0.007965952370136373
6298,71106,9,1249.5973751168203,0.007965952370136373
6299,71106,12,1251.3774139574464,0.007965952370136373
6300,71108,3,782.8831923087403,0.0057906097090753535
6301,71108,6,784.1669208243966,0.0057906097090753535
6302,71108,9,785.4506493400529,0.0057906097090753535
6303,71108,12,786.7343778557091,0.0057906097090753535
6304,71109,3,717.4854837494158,0.008661555155267066
6305,71109,6,731.5491248259846,0.008661555155267066
6306,71109,9,745.6127659025534,0.008661555155267066
6307,71109,12,759.6764069791222,0.008661555155267066
6308,71111,3,1429.8604037259558,0.005636469437989871
6309,71111,6,1439.5191098036796,0.005636469437989871
6310,71111,9,1449.1778158814036,0.005636469437989871
6311,71111,12,1458.8365219591276,0.005636469437989871
6312,71112,3,1338.927370369238,0.00881895722917854
6313,71112,6,1351.538151514818,0.00881895722917854
6314,71112,9,1364.148932660398,0.00881895722917854
6315,71112,12,1376.759713805978,0.00881895722917854
6316,71115,3,1606.8437326208264,0.003243895816044205
6317,71115,6,1611.5874978462195,0.003243895816044205
6318,71115,9,1616.3312630716125,0.003243895816044205
6319,71115,12,1621.0750282970057,0.003243895816044205
6320,71118,3,1435.053587615282,0.011091531095050516
6321,71118,6,1543.7615836277944,0.011091531095050516
6322,71118,9,1652.4695796403068,0.011091531095050516
6323,71118,12,1761.1775756528193,0.011091531095050516
6324,71270,3,1061.1225033552178,0.004368355319614085
6325,71270,6,1067.8677008294603,0.004368355319614085
6326,71270,9,1074.6128983037027,0.004368355319614085
6327,71270,12,1081.3580957779452,0.004368355319614085
6328,71291,3,1139.6649897350553,0.0029353405496930864
6329,71291,6,1150.6835197728535,0.0029353405496930864
6330,71291,9,1161.7020498106517,0.0029353405496930864
6331,71291,12,1172.72057984845,0.0029353405496930864
6332,71446,3,1098.8340117588657,0.00496620882024917
6333,71446,6,1113.8906128131102,0.00496620882024917
6334,71446,9,1128.947213867355,0.00496620882024917
6335,71446,12,1144.0038149215995,0.00496620882024917
6336,71913,3,1493.5203048580986,0.001965189678701762
6337,71913,6,1525.433445472886,0.001965189678701762
6338,71913,9,1557.3465860876731,0.001965189678701762
6339,71913,12,1589.2597267024605,0.001965189678701762
6340,72015,3,1225.4902178429024,0.0042432736659326386
6341,72015,6,1240.583555766592,0.0042432736659326386
6342,72015,9,1255.6768936902818,0.0042432736659326386
6343,72015,12,1270.7702316139714,0.0042432736659326386
6344,72019,3,1523.3814362247224,0.0032471551806470943
6345,72019,6,1524.5535755522835,0.0032471551806470943
6346,72019,9,1525.7257148798444,0.0032471551806470943
6347,72019,12,1526.8978542074053,0.0032471551806470943
6348,72023,3,1386.7301035803437,0.0051847299546174865
6349,72023,6,1400.2032089283907,0.0051847299546174865
6350,72023,9,1413.6763142764378,0.0051847299546174865
6351,72023,12,1427.1494196244848,0.0051847299546174865
6352,72032,3,1348.7881431054495,0.005385737855926487
6353,72032,6,1362.170482600669,0.005385737855926487
6354,72032,9,1375.5528220958886,0.005385737855926487
6355,72032,12,1388.935161591108,0.005385737855926487
6356,72034,3,1365.7465274611816,0.007028089911427756
6357,72034,6,1380.326791870604,0.007028089911427756
6358,72034,9,1394.9070562800262,0.007028089911427756
6359,72034,12,1409.4873206894483,0.007028089911427756
6360,72076,3,1107.3706986263164,0.0055168947676375564
6361,72076,6,1119.7650796883497,0.0055168947676375564
6362,72076,9,1132.159460750383,0.0055168947676375564
6363,72076,12,1144.5538418124163,0.0055168947676375564
6364,72113,3,1329.925981545888,0.004493913534357401
6365,72113,6,1335.1123038627265,0.004493913534357401
6366,72113,9,1340.2986261795654,0.004493913534357401
6367,72113,12,1345.4849484964043,0.004493913534357401
6368,72114,3,1068.6838235008331,0.005230871861071346
6369,72114,6,1077.701776129492,0.005230871861071346
6370,72114,9,1086.7197287581505,0.005230871861071346
6371,72114,12,1095.7376813868093,0.005230871861071346
6372,72116,3,1053.7000298433115,0.0032597154406369126
6373,72116,6,1058.4526560730374,0.0032597154406369126
6374,72116,9,1063.2052823027634,0.0032597154406369126
6375,72116,12,1067.9579085324895,0.0032597154406369126
6376,72118,3,1152.5822518888233,0.008277451035143338
6377,72118,6,1168.402663614377,0.008277451035143338
6378,72118,9,1184.2230753399308,0.008277451035143338
6379,72118,12,1200.0434870654844,0.008277451035143338
6380,72120,3,1333.2814635147965,0.00851153571170845
6381,72120,6,1349.6272093045188,0.00851153571170845
6382,72120,9,1365.9729550942413,0.00851153571170845
6383,72120,12,1382.3187008839639,0.00851153571170845
6384,72202,3,1096.9788681286284,0.007797562069674826
6385,72202,6,1109.3571581326235,0.007797562069674826
6386,72202,9,1121.7354481366183,0.007797562069674826
6387,72202,12,1134.1137381406131,0.007797562069674826
6388,72204,3,1085.773860436785,0.008723918810723121
6389,72204,6,1099.1709276908264,0.008723918810723121
6390,72204,9,1112.5679949448675,0.008723918810723121
6391,72204,12,1125.9650621989085,0.008723918810723121
6392,72205,3,1165.320971152458,0.007593665799974121
6393,72205,6,1179.1481406768178,0.007593665799974121
6394,72205,9,1192.9753102011773,0.007593665799974121
6395,72205,12,1206.802479725537,0.007593665799974121
6396,72206,3,950.6088301549694,0.007431943826575313
6397,72206,6,963.3310261128231,0.007431943826575313
6398,72206,9,976.0532220706767,0.007431943826575313
6399,72206,12,988.7754180285305,0.007431943826575313
6400,72207,3,1238.7478861952534,0.00312518864349381
6401,72207,6,1239.134255005426,0.00312518864349381
6402,72207,9,1239.5206238155984,0.00312518864349381
6403,72207,12,1239.9069926257707,0.00312518864349381
6404,72209,3,1046.616703855834,0.005356432171744435
6405,72209,6,1060.0335885348675,0.005356432171744435
6406,72209,9,1073.4504732139008,0.005356432171744435
6407,72209,12,1086.867357892934,0.005356432171744435
6408,72210,3,1353.6916962551963,0.0
6409,72210,6,1353.6916962551963,0.0
6410,72210,9,1353.6916962551963,0.0
6411,72210,12,1353.6916962551963,0.0
6412,72223,3,1223.9733489771352,0.0044157170927935675
6413,72223,6,1223.82293674101,0.0044157170927935675
6414,72223,9,1223.6725245048847,0.0044157170927935675
6415,72223,12,1223.5221122687594,0.0044157170927935675
6416,72227,3,1159.3202199255318,0.005939843038092005
6417,72227,6,1191.4531536264249,0.005939843038092005
6418,72227,9,1223.5860873273182,0.005939843038092005
6419,72227,12,1255.7190210282115,0.005939843038092005
6420,72401,3,1016.1796520890648,0.005584638881370453
6421,72401,6,1028.775979485628,0.005584638881370453
6422,72401,9,1041.3723068821917,0.005584638881370453
6423,72401,12,1053.968634278755,0.005584638881370453
6424,72404,3,1355.8351183330262,0.002921337027081434
6425,72404,6,1374.4928875978903,0.002921337027081434
6426,72404,9,1393.1506568627544,0.002921337027081434
6427,72404,12,1411.8084261276185,0.002921337027081434
6428,72450,3,853.4235229410663,0.0015452746453390013
6429,72450,6,853.4415698997434,0.0015452746453390013
6430,72450,9,853.4596168584205,0.0015452746453390013
6431,72450,12,853.4776638170977,0.0015452746453390013
6432,72701,3,1385.6932246687304,0.0075353198498476085
6433,72701,6,1406.0271879100862,0.0075353198498476085
6434,72701,9,1426.3611511514423,0.0075353198498476085
6435,72701,12,1446.6951143927981,0.0075353198498476085
6436,72703,3,1462.8106738187485,0.007015170323159312
6437,72703,6,1486.1081657215304,0.007015170323159312
6438,72703,9,1509.4056576243124,0.007015170323159312
6439,72703,12,1532.7031495270944,0.007015170323159312
6440,72704,3,1702.7855866516618,0.008017490873835579
6441,72704,6,1729.353582592481,0.008017490873835579
6442,72704,9,1755.9215785333,0.008017490873835579
6443,72704,12,1782.489574474119,0.008017490873835579
6444,72712,3,1661.171137770973,0.008512475958895507
6445,72712,6,1691.8299671074467,0.008512475958895507
6446,72712,9,1722.4887964439204,0.008512475958895507
6447,72712,12,1753.147625780394,0.008512475958895507
6448,72713,3,1578.9963408680082,0.005192042419485973
6449,72713,6,1581.1195538507677,0.005192042419485973
6450,72713,9,1583.2427668335272,0.005192042419485973
6451,72713,12,1585.3659798162869,0.005192042419485973
6452,72715,3,1712.5972571925854,0.0
6453,72715,6,1712.597257192586,0.0
6454,72715,9,1712.5972571925865,0.0
6455,72715,12,1712.5972571925872,0.0
6456,72719,3,1649.4412328062508,0.003554554282671792
6457,72719,6,1682.983699263072,0.003554554282671792
6458,72719,9,1716.526165719893,0.003554554282671792
6459,72719,12,1750.0686321767143,0.003554554282671792
6460,72730,3,1560.723010915686,0.002983556036263523
6461,72730,6,1573.4029994652055,0.002983556036263523
6462,72730,9,1586.082988014725,0.002983556036263523
6463,72730,12,1598.7629765642446,0.002983556036263523
6464,72756,3,1303.6967072635848,0.004510428144659335
6465,72756,6,1315.6003053830764,0.004510428144659335
6466,72756,9,1327.5039035025677,0.004510428144659335
6467,72756,12,1339.4075016220593,0.004510428144659335
6468,72758,3,1515.4344296074187,0.007538283281034198
6469,72758,6,1543.0629572239748,0.007538283281034198
6470,72758,9,1570.691484840531,0.007538283281034198
6471,72758,12,1598.3200124570872,0.007538283281034198
6472,72761,3,1428.4031632618196,0.0027563928537597316
6473,72761,6,1443.8784860176963,0.0027563928537597316
6474,72761,9,1459.3538087735728,0.0027563928537597316
6475,72761,12,1474.8291315294493,0.0027563928537597316
6476,72762,3,1658.5427729820306,0.004382749529333762
6477,72762,6,1660.3289483763758,0.004382749529333762
6478,72762,9,1662.115123770721,0.004382749529333762
6479,72762,12,1663.9012991650663,0.004382749529333762
6480,72764,3,1393.4475180777238,0.0036111794268959105
6481,72764,6,1408.226637184624,0.0036111794268959105
6482,72764,9,1423.0057562915242,0.0036111794268959105
6483,72764,12,1437.7848753984244,0.0036111794268959105
6484,72901,3,743.5904232446998,0.007126340612625898
6485,72901,6,749.2156157756724,0.007126340612625898
6486,72901,9,754.8408083066449,0.007126340612625898
6487,72901,12,760.4660008376175,0.007126340612625898
6488,72903,3,1124.5245483032795,0.0036249618849304352
6489,72903,6,1140.089308968913,0.0036249618849304352
6490,72903,9,1155.6540696345464,0.0036249618849304352
6491,72903,12,1171.21883030018,0.0036249618849304352
