,,,,,,,,
,,,,,ZipCode,Forecast_Month,Forecast_Rent,Volatility
,,,,,1002,3,2814.31,26.36
,,,,,1002,6,2821.69,26.36
,,,,,1002,9,2819.85,26.36
,,,,,1002,12,2763.39,26.36
,,,,,1103,3,1613.44,0.7
,,,,,1103,6,1613.44,0.7
,,,,,1103,9,1613.44,0.7
,,,,,1103,12,1615.98,0.7
,,,,,1201,3,1472.64,16.07
,,,,,1201,6,1495.59,16.07
,,,,,1201,9,1492.65,16.07
,,,,,1201,12,1533.67,16.07
,,,,,1420,3,1791.79,15.67
,,,,,1420,6,1830.47,15.67
,,,,,1420,9,1848.06,15.67
,,,,,1420,12,1890.16,15.67
,,,,,1440,3,1660.29,4.3
,,,,,1440,6,1660.29,4.3
,,,,,1440,9,1660.29,4.3
,,,,,1440,12,1675.86,4.3
,,,,,1453,3,1816.34,15.14
,,,,,1453,6,1829.83,15.14
,,,,,1453,9,1841.24,15.14
,,,,,1453,12,1849.51,15.14
,,,,,1545,3,2324.01,17.97
,,,,,1545,6,2342.48,17.97
,,,,,1545,9,2368.51,17.97
,,,,,1545,12,2385.65,17.97
,,,,,1581,3,2547.19,13.67
,,,,,1581,6,2571.22,13.67
,,,,,1581,9,2587.57,13.67
,,,,,1581,12,2601.49,13.67
,,,,,1602,3,2213,24.15
,,,,,1602,6,2229.21,24.15
,,,,,1602,9,2252.36,24.15
,,,,,1602,12,2293.83,24.15
,,,,,1603,3,2121.37,18.05
,,,,,1603,6,2121.37,18.05
,,,,,1603,9,2121.37,18.05
,,,,,1603,12,2186.69,18.05
,,,,,1604,3,2119.43,11.66
,,,,,1604,6,2157.24,11.66
,,,,,1604,9,2177.53,11.66
,,,,,1604,12,2193.81,11.66
,,,,,1605,3,2256.12,16.68
,,,,,1605,6,2301.78,16.68
,,,,,1605,9,2304.8,16.68
,,,,,1605,12,2331.7,16.68
,,,,,1606,3,2357.84,15.74
,,,,,1606,6,2357.82,15.74
,,,,,1606,9,2376.63,15.74
,,,,,1606,12,2413.49,15.74
,,,,,1608,3,1764.18,18.81
,,,,,1608,6,1774.87,18.81
,,,,,1608,9,1785.16,18.81
,,,,,1608,12,1794.01,18.81
,,,,,1609,3,1896.05,18.78
,,,,,1609,6,1909.16,18.78
,,,,,1609,9,1940.7,18.78
,,,,,1609,12,1992.36,18.78
,,,,,1610,3,2247.59,17.36
,,,,,1610,6,2261.32,17.36
,,,,,1610,9,2276.35,17.36
,,,,,1610,12,2303.76,17.36
,,,,,1702,3,2314.04,16.77
,,,,,1702,6,2327.24,16.77
,,,,,1702,9,2342.64,16.77
,,,,,1702,12,2362.9,16.77
,,,,,1721,3,2781.59,0
,,,,,1721,6,2781.59,0
,,,,,1721,9,2781.59,0
,,,,,1721,12,2781.59,0
,,,,,1749,3,2470.69,7.52
,,,,,1749,6,2470.69,7.52
,,,,,1749,9,2470.69,7.52
,,,,,1749,12,2497.9,7.52
,,,,,1752,3,2568.93,11.72
,,,,,1752,6,2587.94,11.72
,,,,,1752,9,2604.82,11.72
,,,,,1752,12,2619.88,11.72
,,,,,1757,3,2494.85,12.96
,,,,,1757,6,2540.16,12.96
,,,,,1757,9,2585.24,12.96
,,,,,1757,12,2584.54,12.96
,,,,,1760,3,2655.98,20.66
,,,,,1760,6,2714.29,20.66
,,,,,1760,9,2739.37,20.66
,,,,,1760,12,2773.13,20.66
,,,,,1801,3,2773.02,12.14
,,,,,1801,6,2805.44,12.14
,,,,,1801,9,2822.84,12.14
,,,,,1801,12,2835.63,12.14
,,,,,1803,3,3187.05,29.15
,,,,,1803,6,3236.38,29.15
,,,,,1803,9,3195.56,29.15
,,,,,1803,12,3244.74,29.15
,,,,,1810,3,2832.09,16.77
,,,,,1810,6,2837.98,16.77
,,,,,1810,9,2826.29,16.77
,,,,,1810,12,2853.77,16.77
,,,,,1821,3,2747.91,26.54
,,,,,1821,6,2747.9,26.54
,,,,,1821,9,2766.27,26.54
,,,,,1821,12,2729.24,26.54
,,,,,1824,3,2559.28,20.8
,,,,,1824,6,2572.5,20.8
,,,,,1824,9,2602.34,20.8
,,,,,1824,12,2631.44,20.8
,,,,,1830,3,2197.6,15.99
,,,,,1830,6,2226.21,15.99
,,,,,1830,9,2244.28,15.99
,,,,,1830,12,2269.87,15.99
,,,,,1832,3,2166.3,27.84
,,,,,1832,6,2180.47,27.84
,,,,,1832,9,2187.47,27.84
,,,,,1832,12,2216.52,27.84
,,,,,1843,3,2423.3,12.57
,,,,,1843,6,2465.41,12.57
,,,,,1843,9,2505.17,12.57
,,,,,1843,12,2546.48,12.57
,,,,,1844,3,2554.67,16.3
,,,,,1844,6,2553.7,16.3
,,,,,1844,9,2627.13,16.3
,,,,,1844,12,2648.1,16.3
,,,,,1845,3,2613.1,18.21
,,,,,1845,6,2627.5,18.21
,,,,,1845,9,2643.33,18.21
,,,,,1845,12,2671.23,18.21
,,,,,1851,3,2294.38,0
,,,,,1851,6,2294.38,0
,,,,,1851,9,2294.38,0
,,,,,1851,12,2294.38,0
,,,,,1852,3,2018.65,9.31
,,,,,1852,6,2045.92,9.31
,,,,,1852,9,2066.81,9.31
,,,,,1852,12,2080.13,9.31
,,,,,1854,3,2048.51,25.23
,,,,,1854,6,2095.95,25.23
,,,,,1854,9,2114.98,25.23
,,,,,1854,12,2153.77,25.23
,,,,,1876,3,2708.8,10.84
,,,,,1876,6,2738.18,10.84
,,,,,1876,9,2744.91,10.84
,,,,,1876,12,2756.38,10.84
,,,,,1880,3,2704.08,22.56
,,,,,1880,6,2718.11,22.56
,,,,,1880,9,2757.33,22.56
,,,,,1880,12,2784.88,22.56
,,,,,1901,3,2410.84,19.35
,,,,,1901,6,2424.39,19.35
,,,,,1901,9,2437.56,19.35
,,,,,1901,12,2440.02,19.35
,,,,,1902,3,2224.72,21.45
,,,,,1902,6,2225.61,21.45
,,,,,1902,9,2237.03,21.45
,,,,,1902,12,2263.68,21.45
,,,,,1913,3,2319.81,10.06
,,,,,1913,6,2272.03,10.06
,,,,,1913,9,2318.27,10.06
,,,,,1913,12,2248.41,10.06
,,,,,1915,3,2631.43,19.42
,,,,,1915,6,2661.74,19.42
,,,,,1915,9,2684.25,19.42
,,,,,1915,12,2689.77,19.42
,,,,,1923,3,2839.15,23.91
,,,,,1923,6,2848.74,23.91
,,,,,1923,9,2863.63,23.91
,,,,,1923,12,2849,23.91
,,,,,1950,3,2918.67,38.27
,,,,,1950,6,2871.44,38.27
,,,,,1950,9,2902.17,38.27
,,,,,1950,12,3047.33,38.27
,,,,,1960,3,2878.12,14.32
,,,,,1960,6,2885.79,14.32
,,,,,1960,9,2898.05,14.32
,,,,,1960,12,2895.55,14.32
,,,,,1970,3,2604.38,11.61
,,,,,1970,6,2622.79,11.61
,,,,,1970,9,2648.97,11.61
,,,,,1970,12,2679.45,11.61
,,,,,2019,3,2539.47,18.02
,,,,,2019,6,2618.62,18.02
,,,,,2019,9,2677.8,18.02
,,,,,2019,12,2763.01,18.02
,,,,,2021,3,2799.61,21.15
,,,,,2021,6,2825.63,21.15
,,,,,2021,9,2854.02,21.15
,,,,,2021,12,2832.85,21.15
,,,,,2026,3,2928.22,29.78
,,,,,2026,6,2942.61,29.78
,,,,,2026,9,2919.55,29.78
,,,,,2026,12,2925.52,29.78
,,,,,2038,3,2405.47,30.51
,,,,,2038,6,2424.31,30.51
,,,,,2038,9,2441.94,30.51
,,,,,2038,12,2454.81,30.51
,,,,,2048,3,2432.77,35.23
,,,,,2048,6,2452.49,35.23
,,,,,2048,9,2457.85,35.23
,,,,,2048,12,2464.26,35.23
,,,,,2062,3,2592.02,20.8
,,,,,2062,6,2643.65,20.8
,,,,,2062,9,2691.33,20.8
,,,,,2062,12,2725.05,20.8
,,,,,2072,3,2519.33,22.56
,,,,,2072,6,2556.76,22.56
,,,,,2072,9,2584.37,22.56
,,,,,2072,12,2605,22.56
,,,,,2109,3,3745.49,38.76
,,,,,2109,6,3770.4,38.76
,,,,,2109,9,3782.86,38.76
,,,,,2109,12,3804.1,38.76
,,,,,2111,3,3744.32,25.71
,,,,,2111,6,3769.51,25.71
,,,,,2111,9,3791.12,25.71
,,,,,2111,12,3807.76,25.71
,,,,,2113,3,2734.87,32.69
,,,,,2113,6,2770.93,32.69
,,,,,2113,9,2796.39,32.69
,,,,,2113,12,2816.24,32.69
,,,,,2114,3,3353.3,14.4
,,,,,2114,6,3376.2,14.4
,,,,,2114,9,3398.61,14.4
,,,,,2114,12,3433.06,14.4
,,,,,2115,3,3169.35,23.81
,,,,,2115,6,3203.59,23.81
,,,,,2115,9,3234.41,23.81
,,,,,2115,12,3249.77,23.81
,,,,,2116,3,3321.15,24.74
,,,,,2116,6,3355.66,24.74
,,,,,2116,9,3377.2,24.74
,,,,,2116,12,3394.81,24.74
,,,,,2118,3,3581.25,11.9
,,,,,2118,6,3612.55,11.9
,,,,,2118,9,3634.5,11.9
,,,,,2118,12,3655.05,11.9
,,,,,2119,3,3075.37,39.01
,,,,,2119,6,3126.68,39.01
,,,,,2119,9,3179.39,39.01
,,,,,2119,12,3237.88,39.01
,,,,,2120,3,3837.58,32.92
,,,,,2120,6,3856.79,32.92
,,,,,2120,9,3889.02,32.92
,,,,,2120,12,3935.5,32.92
,,,,,2121,3,3417.81,48.94
,,,,,2121,6,3358.11,48.94
,,,,,2121,9,3336.6,48.94
,,,,,2121,12,3483.17,48.94
,,,,,2122,3,2944.51,26.71
,,,,,2122,6,2975.98,26.71
,,,,,2122,9,3006.36,26.71
,,,,,2122,12,3024.04,26.71
,,,,,2124,3,2809.34,25.39
,,,,,2124,6,2833.87,25.39
,,,,,2124,9,2862.18,25.39
,,,,,2124,12,2914.34,25.39
,,,,,2125,3,3152.92,15.35
,,,,,2125,6,3164.52,15.35
,,,,,2125,9,3198.78,15.35
,,,,,2125,12,3208.56,15.35
,,,,,2127,3,3480.59,33.04
,,,,,2127,6,3502.76,33.04
,,,,,2127,9,3542.62,33.04
,,,,,2127,12,3599.42,33.04
,,,,,2128,3,2976.85,12.99
,,,,,2128,6,2997.62,12.99
,,,,,2128,9,3034.64,12.99
,,,,,2128,12,3063.81,12.99
,,,,,2129,3,3264.87,25.18
,,,,,2129,6,3294.8,25.18
,,,,,2129,9,3289.18,25.18
,,,,,2129,12,3322.65,25.18
,,,,,2130,3,2989.47,21.17
,,,,,2130,6,3032.68,21.17
,,,,,2130,9,3060.77,21.17
,,,,,2130,12,3096.55,21.17
,,,,,2131,3,2703.56,31.53
,,,,,2131,6,2727.51,31.53
,,,,,2131,9,2764.1,31.53
,,,,,2131,12,2808.77,31.53
,,,,,2132,3,2721.1,24.09
,,,,,2132,6,2716.67,24.09
,,,,,2132,9,2766.44,24.09
,,,,,2132,12,2782.08,24.09
,,,,,2134,3,2944.4,12.85
,,,,,2134,6,2967.88,12.85
,,,,,2134,9,2998.62,12.85
,,,,,2134,12,3020.64,12.85
,,,,,2135,3,2845.54,10.74
,,,,,2135,6,2873.27,10.74
,,,,,2135,9,2909.97,10.74
,,,,,2135,12,2939.88,10.74
,,,,,2136,3,2475.47,26.58
,,,,,2136,6,2545.81,26.58
,,,,,2136,9,2585.91,26.58
,,,,,2136,12,2622.75,26.58
,,,,,2138,3,3087.96,13.96
,,,,,2138,6,3093.81,13.96
,,,,,2138,9,3115.7,13.96
,,,,,2138,12,3139.9,13.96
,,,,,2139,3,3233.1,28.35
,,,,,2139,6,3273.25,28.35
,,,,,2139,9,3308.46,28.35
,,,,,2139,12,3346.69,28.35
,,,,,2140,3,3120.8,23.94
,,,,,2140,6,3144.85,23.94
,,,,,2140,9,3145.14,23.94
,,,,,2140,12,3189.3,23.94
,,,,,2141,3,3362.15,11.97
,,,,,2141,6,3375.59,11.97
,,,,,2141,9,3415.05,11.97
,,,,,2141,12,3447.58,11.97
,,,,,2142,3,4015.85,20.05
,,,,,2142,6,4055.16,20.05
,,,,,2142,9,4050.91,20.05
,,,,,2142,12,4021.15,20.05
,,,,,2143,3,3033.2,27.76
,,,,,2143,6,3047.67,27.76
,,,,,2143,9,3082.63,27.76
,,,,,2143,12,3113.58,27.76
,,,,,2144,3,3453.46,21.53
,,,,,2144,6,3504.85,21.53
,,,,,2144,9,3539.52,21.53
,,,,,2144,12,3571.5,21.53
,,,,,2145,3,2957.18,20.53
,,,,,2145,6,2985.37,20.53
,,,,,2145,9,3010.45,20.53
,,,,,2145,12,3038.75,20.53
,,,,,2148,3,2633.66,21.82
,,,,,2148,6,2651.87,21.82
,,,,,2148,9,2678.12,21.82
,,,,,2148,12,2705.2,21.82
,,,,,2149,3,2731.33,20.06
,,,,,2149,6,2767.52,20.06
,,,,,2149,9,2803.37,20.06
,,,,,2149,12,2815.03,20.06
,,,,,2150,3,2533.75,9.65
,,,,,2150,6,2571.47,9.65
,,,,,2150,9,2603.02,9.65
,,,,,2150,12,2637.16,9.65
,,,,,2151,3,2816.15,10.95
,,,,,2151,6,2851.87,10.95
,,,,,2151,9,2875.42,10.95
,,,,,2151,12,2905.98,10.95
,,,,,2152,3,2640.94,30.58
,,,,,2152,6,2727.78,30.58
,,,,,2152,9,2721.46,30.58
,,,,,2152,12,2759.56,30.58
,,,,,2155,3,3200.98,16.48
,,,,,2155,6,3226.1,16.48
,,,,,2155,9,3265.11,16.48
,,,,,2155,12,3308.3,16.48
,,,,,2169,3,2617.51,10.1
,,,,,2169,6,2645.97,10.1
,,,,,2169,9,2664.19,10.1
,,,,,2169,12,2698.56,10.1
,,,,,2170,3,2235.7,7.46
,,,,,2170,6,2247.12,7.46
,,,,,2170,9,2256.44,7.46
,,,,,2170,12,2267.1,7.46
,,,,,2171,3,2734.93,17.85
,,,,,2171,6,2758.71,17.85
,,,,,2171,9,2778.42,17.85
,,,,,2171,12,2793.85,17.85
,,,,,2176,3,2936.69,15.02
,,,,,2176,6,2958.48,15.02
,,,,,2176,9,2981.55,15.02
,,,,,2176,12,2992.07,15.02
,,,,,2180,3,3248.5,45.62
,,,,,2180,6,3304.5,45.62
,,,,,2180,9,3309.46,45.62
,,,,,2180,12,3363.7,45.62
,,,,,2184,3,2825.1,19.78
,,,,,2184,6,2825.56,19.78
,,,,,2184,9,2850.76,19.78
,,,,,2184,12,2878.92,19.78
,,,,,2188,3,2385.6,20.72
,,,,,2188,6,2367.26,20.72
,,,,,2188,9,2402.85,20.72
,,,,,2188,12,2444.18,20.72
,,,,,2189,3,2609.72,24.43
,,,,,2189,6,2569.2,24.43
,,,,,2189,9,2626.06,24.43
,,,,,2189,12,2675.54,24.43
,,,,,2190,3,2603.43,17.01
,,,,,2190,6,2635,17.01
,,,,,2190,9,2661.65,17.01
,,,,,2190,12,2679.56,17.01
,,,,,2210,3,4072.74,22.37
,,,,,2210,6,4072.87,22.37
,,,,,2210,9,4085.69,22.37
,,,,,2210,12,4094.58,22.37
,,,,,2215,3,2866.6,12.25
,,,,,2215,6,2881.94,12.25
,,,,,2215,9,2924.2,12.25
,,,,,2215,12,2947.76,12.25
,,,,,2324,3,2210.04,20.12
,,,,,2324,6,2245.44,20.12
,,,,,2324,9,2240.84,20.12
,,,,,2324,12,2275,20.12
,,,,,2360,3,2734.97,19.75
,,,,,2360,6,2760.28,19.75
,,,,,2360,9,2778.92,19.75
,,,,,2360,12,2795.74,19.75
,,,,,2364,3,3036.95,10.56
,,,,,2364,6,3130.26,10.56
,,,,,2364,9,3213.16,10.56
,,,,,2364,12,3339.88,10.56
,,,,,2368,3,2472.7,12.75
,,,,,2368,6,2486.6,12.75
,,,,,2368,9,2521.09,12.75
,,,,,2368,12,2536.89,12.75
,,,,,2445,3,3479.75,38.03
,,,,,2445,6,3530.87,38.03
,,,,,2445,9,3567.72,38.03
,,,,,2445,12,3586.79,38.03
,,,,,2446,3,3467.63,13.8
,,,,,2446,6,3494.59,13.8
,,,,,2446,9,3531.29,13.8
,,,,,2446,12,3551.57,13.8
,,,,,2451,3,3493.9,31.6
,,,,,2451,6,3513.49,31.6
,,,,,2451,9,3529.49,31.6
,,,,,2451,12,3506.35,31.6
,,,,,2453,3,2838.33,12.77
,,,,,2453,6,2857.38,12.77
,,,,,2453,9,2884.25,12.77
,,,,,2453,12,2901.37,12.77
,,,,,2458,3,2926.91,21.18
,,,,,2458,6,2975.8,21.18
,,,,,2458,9,3017.52,21.18
,,,,,2458,12,3055.17,21.18
,,,,,2460,3,2993.67,28.2
,,,,,2460,6,2997.12,28.2
,,,,,2460,9,3094.23,28.2
,,,,,2460,12,3124.51,28.2
,,,,,2467,3,3480.56,31.6
,,,,,2467,6,3505.75,31.6
,,,,,2467,9,3512.25,31.6
,,,,,2467,12,3524.48,31.6
,,,,,2472,3,2975.43,21.51
,,,,,2472,6,3001.81,21.51
,,,,,2472,9,3027.35,21.51
,,,,,2472,12,3054.93,21.51
,,,,,2474,3,2647.46,22.17
,,,,,2474,6,2651.88,22.17
,,,,,2474,9,2661.82,22.17
,,,,,2474,12,2711.76,22.17
,,,,,2478,3,2882.95,23.17
,,,,,2478,6,2919.04,23.17
,,,,,2478,9,2963.64,23.17
,,,,,2478,12,2980.81,23.17
,,,,,2494,3,3021.29,30.8
,,,,,2494,6,3064.57,30.8
,,,,,2494,9,3075.77,30.8
,,,,,2494,12,3096.42,30.8
,,,,,2601,3,2806.92,0
,,,,,2601,6,2806.92,0
,,,,,2601,9,2806.92,0
,,,,,2601,12,2806.92,0
,,,,,2703,3,2251.57,18.45
,,,,,2703,6,2310.71,18.45
,,,,,2703,9,2327.91,18.45
,,,,,2703,12,2375.15,18.45
,,,,,2720,3,1823.26,13.15
,,,,,2720,6,1828.65,13.15
,,,,,2720,9,1833.33,13.15
,,,,,2720,12,1844.4,13.15
,,,,,2721,3,1662.03,28.73
,,,,,2721,6,1646.56,28.73
,,,,,2721,9,1725.54,28.73
,,,,,2721,12,1794.36,28.73
,,,,,2740,3,1692.34,22.23
,,,,,2740,6,1751.86,22.23
,,,,,2740,9,1750.02,22.23
,,,,,2740,12,1774.38,22.23
,,,,,2760,3,2229.82,31.46
,,,,,2760,6,2250.47,31.46
,,,,,2760,9,2282.08,31.46
,,,,,2760,12,2291.56,31.46
,,,,,2780,3,1919.78,32.82
,,,,,2780,6,1943.77,32.82
,,,,,2780,9,2003.11,32.82
,,,,,2780,12,2035.36,32.82
,,,,,2809,3,2645.46,20.78
,,,,,2809,6,2784.15,20.78
,,,,,2809,9,2778.75,20.78
,,,,,2809,12,2814.61,20.78
,,,,,2840,3,2655.27,41.29
,,,,,2840,6,2705.24,41.29
,,,,,2840,9,2740.45,41.29
,,,,,2840,12,2770.62,41.29
,,,,,2842,3,2748.31,41.81
,,,,,2842,6,2800.43,41.81
,,,,,2842,9,2811.15,41.81
,,,,,2842,12,2945.8,41.81
,,,,,2860,3,1627.27,12.15
,,,,,2860,6,1658.38,12.15
,,,,,2860,9,1688.85,12.15
,,,,,2860,12,1712.67,12.15
,,,,,2861,3,1789.78,20.37
,,,,,2861,6,1740.1,20.37
,,,,,2861,9,1836.12,20.37
,,,,,2861,12,1869.49,20.37
,,,,,2864,3,2254.88,22.5
,,,,,2864,6,2330.85,22.5
,,,,,2864,9,2389.8,22.5
,,,,,2864,12,2458.6,22.5
,,,,,2879,3,2461.48,28.97
,,,,,2879,6,2454.56,28.97
,,,,,2879,9,2482.12,28.97
,,,,,2879,12,2466.67,28.97
,,,,,2886,3,2204.38,18.11
,,,,,2886,6,2230.58,18.11
,,,,,2886,9,2258.3,18.11
,,,,,2886,12,2279.2,18.11
,,,,,2891,3,2078.5,26.76
,,,,,2891,6,2073.26,26.76
,,,,,2891,9,2144.96,26.76
,,,,,2891,12,2167.43,26.76
,,,,,2893,3,1825.95,8.27
,,,,,2893,6,1894.18,8.27
,,,,,2893,9,1923.19,8.27
,,,,,2893,12,1965.11,8.27
,,,,,2895,3,1585.17,9.83
,,,,,2895,6,1599.03,9.83
,,,,,2895,9,1612.98,9.83
,,,,,2895,12,1644.91,9.83
,,,,,2903,3,2363.87,16.48
,,,,,2903,6,2387.54,16.48
,,,,,2903,9,2439,16.48
,,,,,2903,12,2476.03,16.48
,,,,,2904,3,1799.88,11.44
,,,,,2904,6,1825.81,11.44
,,,,,2904,9,1850.37,11.44
,,,,,2904,12,1868.71,11.44
,,,,,2905,3,1903.54,30.12
,,,,,2905,6,1921.18,30.12
,,,,,2905,9,1968.69,30.12
,,,,,2905,12,2016.3,30.12
,,,,,2906,3,2428.13,17.15
,,,,,2906,6,2445.83,17.15
,,,,,2906,9,2473.85,17.15
,,,,,2906,12,2518.32,17.15
,,,,,2907,3,1696.99,19.86
,,,,,2907,6,1703.51,19.86
,,,,,2907,9,1734.9,19.86
,,,,,2907,12,1703.19,19.86
,,,,,2908,3,2200.59,11.76
,,,,,2908,6,2214.45,11.76
,,,,,2908,9,2244.65,11.76
,,,,,2908,12,2263.3,11.76
,,,,,2909,3,1975.73,6.01
,,,,,2909,6,1998.41,6.01
,,,,,2909,9,2028.15,6.01
,,,,,2909,12,2062.1,6.01
,,,,,2915,3,2111.12,28.79
,,,,,2915,6,2122.84,28.79
,,,,,2915,9,2131.6,28.79
,,,,,2915,12,2131.11,28.79
,,,,,3038,3,2109.4,24.18
,,,,,3038,6,2146.43,24.18
,,,,,3038,9,2144.94,24.18
,,,,,3038,12,2144.35,24.18
,,,,,3054,3,2478.72,20.44
,,,,,3054,6,2482.66,20.44
,,,,,3054,9,2519.29,20.44
,,,,,3054,12,2521.77,20.44
,,,,,3060,3,2062.24,14.11
,,,,,3060,6,2084.39,14.11
,,,,,3060,9,2074.45,14.11
,,,,,3060,12,2067.12,14.11
,,,,,3062,3,2515.33,23.55
,,,,,3062,6,2520.74,23.55
,,,,,3062,9,2564.24,23.55
,,,,,3062,12,2635.33,23.55
,,,,,3063,3,2124.74,0
,,,,,3063,6,2124.74,0
,,,,,3063,9,2124.74,0
,,,,,3063,12,2124.74,0
,,,,,3079,3,2734.56,13.2
,,,,,3079,6,2741.5,13.2
,,,,,3079,9,2756.54,13.2
,,,,,3079,12,2780.9,13.2
,,,,,3101,3,2125.38,16.94
,,,,,3101,6,2111.41,16.94
,,,,,3101,9,2159.72,16.94
,,,,,3101,12,2093.65,16.94
,,,,,3102,3,2049.48,10.65
,,,,,3102,6,2076.84,10.65
,,,,,3102,9,2101.82,10.65
,,,,,3102,12,2122.2,10.65
,,,,,3103,3,1821.46,14.47
,,,,,3103,6,1854,14.47
,,,,,3103,9,1867.55,14.47
,,,,,3103,12,1880.57,14.47
,,,,,3104,3,1885.63,18.56
,,,,,3104,6,1910.91,18.56
,,,,,3104,9,1910.83,18.56
,,,,,3104,12,1933.1,18.56
,,,,,3301,3,2011.48,17.91
,,,,,3301,6,2040.52,17.91
,,,,,3301,9,2054.99,17.91
,,,,,3301,12,2089.28,17.91
,,,,,3431,3,1652.86,17.52
,,,,,3431,6,1647.22,17.52
,,,,,3431,9,1660.76,17.52
,,,,,3431,12,1684.14,17.52
,,,,,3801,3,2778.07,21.09
,,,,,3801,6,2833.66,21.09
,,,,,3801,9,2885.29,21.09
,,,,,3801,12,2933.64,21.09
,,,,,3820,3,2190.65,16.37
,,,,,3820,6,2214.85,16.37
,,,,,3820,9,2249.31,16.37
,,,,,3820,12,2273.28,16.37
,,,,,3867,3,1792.87,21.68
,,,,,3867,6,1843.26,21.68
,,,,,3867,9,1843.87,21.68
,,,,,3867,12,1879.2,21.68
,,,,,4005,3,1663.62,27.78
,,,,,4005,6,1711.89,27.78
,,,,,4005,9,1731.17,27.78
,,,,,4005,12,1743.03,27.78
,,,,,4074,3,2473.93,29.83
,,,,,4074,6,2474.28,29.83
,,,,,4074,9,2474.29,29.83
,,,,,4074,12,2466.1,29.83
,,,,,4092,3,2132.99,13.3
,,,,,4092,6,2156.8,13.3
,,,,,4092,9,2202.5,13.3
,,,,,4092,12,2209.13,13.3
,,,,,4101,3,2407.97,10.54
,,,,,4101,6,2439.63,10.54
,,,,,4101,9,2467.94,10.54
,,,,,4101,12,2487.64,10.54
,,,,,4102,3,2271.16,14.62
,,,,,4102,6,2279.1,14.62
,,,,,4102,9,2293.26,14.62
,,,,,4102,12,2315.71,14.62
,,,,,4103,3,2452.93,26.48
,,,,,4103,6,2496.64,26.48
,,,,,4103,9,2489.14,26.48
,,,,,4103,12,2507.72,26.48
,,,,,4106,3,2428.49,17.66
,,,,,4106,6,2457.91,17.66
,,,,,4106,9,2493.66,17.66
,,,,,4106,12,2471.11,17.66
,,,,,4240,3,1481.91,9.91
,,,,,4240,6,1515.05,9.91
,,,,,4240,9,1585.01,9.91
,,,,,4240,12,1600.02,9.91
,,,,,4330,3,1431.26,17.11
,,,,,4330,6,1428.63,17.11
,,,,,4330,9,1441.2,17.11
,,,,,4330,12,1450.68,17.11
,,,,,4401,3,1467.71,11.74
,,,,,4401,6,1487.16,11.74
,,,,,4401,9,1495.61,11.74
,,,,,4401,12,1501.95,11.74
,,,,,4901,3,1278.55,19.68
,,,,,4901,6,1253.6,19.68
,,,,,4901,9,1277.5,19.68
,,,,,4901,12,1273.62,19.68
,,,,,5401,3,2664.74,9.49
,,,,,5401,6,2703.34,9.49
,,,,,5401,9,2723.26,9.49
,,,,,5401,12,2733.04,9.49
,,,,,5403,3,2699.68,51.91
,,,,,5403,6,2807.7,51.91
,,,,,5403,9,2899.72,51.91
,,,,,5403,12,2842.07,51.91
,,,,,6002,3,2457.33,21.16
,,,,,6002,6,2508.25,21.16
,,,,,6002,9,2527.87,21.16
,,,,,6002,12,2552.43,21.16
,,,,,6010,3,1530.02,8.28
,,,,,6010,6,1536.97,8.28
,,,,,6010,9,1545.47,8.28
,,,,,6010,12,1550.89,8.28
,,,,,6032,3,2629.53,25.13
,,,,,6032,6,2661.1,25.13
,,,,,6032,9,2730.89,25.13
,,,,,6032,12,2736.91,25.13
,,,,,6033,3,2440.52,27.25
,,,,,6033,6,2465.38,27.25
,,,,,6033,9,2493.9,27.25
,,,,,6033,12,2533.92,27.25
,,,,,6040,3,1715.67,12.8
,,,,,6040,6,1716.76,12.8
,,,,,6040,9,1755.02,12.8
,,,,,6040,12,1803.82,12.8
,,,,,6042,3,2152.23,13.19
,,,,,6042,6,2171.37,13.19
,,,,,6042,9,2229.4,13.19
,,,,,6042,12,2267.39,13.19
,,,,,6051,3,1399.45,9.28
,,,,,6051,6,1410.84,9.28
,,,,,6051,9,1427.69,9.28
,,,,,6051,12,1436.55,9.28
,,,,,6053,3,1437.49,12.56
,,,,,6053,6,1459.98,12.56
,,,,,6053,9,1480.29,12.56
,,,,,6053,12,1495.8,12.56
,,,,,6067,3,1740.02,9.97
,,,,,6067,6,1759.62,9.97
,,,,,6067,9,1762.18,9.97
,,,,,6067,12,1765.43,9.97
,,,,,6074,3,2301.33,25.23
,,,,,6074,6,2450.32,25.23
,,,,,6074,9,2463.1,25.23
,,,,,6074,12,2539.34,25.23
,,,,,6082,3,1915.62,25.34
,,,,,6082,6,1929.83,25.34
,,,,,6082,9,1998.28,25.34
,,,,,6082,12,2031.13,25.34
,,,,,6105,3,1515.12,33.25
,,,,,6105,6,1538.2,33.25
,,,,,6105,9,1639.64,33.25
,,,,,6105,12,1607.03,33.25
,,,,,6106,3,1669.07,10.35
,,,,,6106,6,1720.12,10.35
,,,,,6106,9,1731.1,10.35
,,,,,6106,12,1760.36,10.35
,,,,,6114,3,1270.49,21.76
,,,,,6114,6,1368.72,21.76
,,,,,6114,9,1358.26,21.76
,,,,,6114,12,1419.15,21.76
,,,,,6119,3,1983.99,16.92
,,,,,6119,6,2009.09,16.92
,,,,,6119,9,2032.82,16.92
,,,,,6119,12,2060.46,16.92
,,,,,6320,3,1617.15,18.4
,,,,,6320,6,1655.29,18.4
,,,,,6320,9,1675.99,18.4
,,,,,6320,12,1692.9,18.4
,,,,,6340,3,1964.81,23.37
,,,,,6340,6,1974.72,23.37
,,,,,6340,9,2004.05,23.37
,,,,,6340,12,2063.83,23.37
,,,,,6360,3,1655.72,34.83
,,,,,6360,6,1650.8,34.83
,,,,,6360,9,1661.66,34.83
,,,,,6360,12,1691.01,34.83
,,,,,6401,3,1740.08,22.71
,,,,,6401,6,1752.14,22.71
,,,,,6401,9,1847.78,22.71
,,,,,6401,12,1820.3,22.71
,,,,,6405,3,2326.07,31.11
,,,,,6405,6,2315.17,31.11
,,,,,6405,9,2298.01,31.11
,,,,,6405,12,2375.18,31.11
,,,,,6450,3,1697.81,32.1
,,,,,6450,6,1739.9,32.1
,,,,,6450,9,1809.5,32.1
,,,,,6450,12,1845.55,32.1
,,,,,6457,3,1969.52,11.35
,,,,,6457,6,1983.93,11.35
,,,,,6457,9,2004.28,11.35
,,,,,6457,12,2021.99,11.35
,,,,,6460,3,2660.32,32.48
,,,,,6460,6,2702.28,32.48
,,,,,6460,9,2727.23,32.48
,,,,,6460,12,2754.36,32.48
,,,,,6484,3,2112.39,24.53
,,,,,6484,6,2099.54,24.53
,,,,,6484,9,2117.6,24.53
,,,,,6484,12,2109.73,24.53
,,,,,6510,3,2597.14,17.11
,,,,,6510,6,2632.71,17.11
,,,,,6510,9,2669.02,17.11
,,,,,6510,12,2688.3,17.11
,,,,,6511,3,1975.4,11.32
,,,,,6511,6,2018.36,11.32
,,,,,6511,9,2059.55,11.32
,,,,,6511,12,2088.86,11.32
,,,,,6512,3,1728.16,9.72
,,,,,6512,6,1747.75,9.72
,,,,,6512,9,1787.64,9.72
,,,,,6512,12,1806.32,9.72
,,,,,6513,3,1646.86,18.55
,,,,,6513,6,1642.86,18.55
,,,,,6513,9,1658.89,18.55
,,,,,6513,12,1665.58,18.55
,,,,,6514,3,2153.45,26.09
,,,,,6514,6,2220.13,26.09
,,,,,6514,9,2244.2,26.09
,,,,,6514,12,2293.39,26.09
,,,,,6515,3,1843.56,28.05
,,,,,6515,6,1851.52,28.05
,,,,,6515,9,1894.63,28.05
,,,,,6515,12,1920.92,28.05
,,,,,6516,3,1901.78,17.11
,,,,,6516,6,1933.38,17.11
,,,,,6516,9,1965.42,17.11
,,,,,6516,12,1983.23,17.11
,,,,,6518,3,2965.03,40.24
,,,,,6518,6,2955.07,40.24
,,,,,6518,9,2946.33,40.24
,,,,,6518,12,2975.69,40.24
,,,,,6519,3,1769.25,20.56
,,,,,6519,6,1785.09,20.56
,,,,,6519,9,1835.78,20.56
,,,,,6519,12,1861.3,20.56
,,,,,6604,3,1815.86,16.96
,,,,,6604,6,1853.6,16.96
,,,,,6604,9,1874.36,16.96
,,,,,6604,12,1875.37,16.96
,,,,,6605,3,2082.82,23.12
,,,,,6605,6,2120.53,23.12
,,,,,6605,9,2151.19,23.12
,,,,,6605,12,2188.24,23.12
,,,,,6606,3,2448.14,14.45
,,,,,6606,6,2481.92,14.45
,,,,,6606,9,2512.02,14.45
,,,,,6606,12,2564.88,14.45
,,,,,6611,3,2738.3,16.03
,,,,,6611,6,2737.03,16.03
,,,,,6611,9,2753.38,16.03
,,,,,6611,12,2748.49,16.03
,,,,,6704,3,1316.91,14.88
,,,,,6704,6,1317.06,14.88
,,,,,6704,9,1317.06,14.88
,,,,,6704,12,1386.2,14.88
,,,,,6705,3,1397.01,13.07
,,,,,6705,6,1403.91,13.07
,,,,,6705,9,1437.58,13.07
,,,,,6705,12,1440.03,13.07
,,,,,6708,3,1538.36,18.57
,,,,,6708,6,1577.26,18.57
,,,,,6708,9,1601.73,18.57
,,,,,6708,12,1644.07,18.57
,,,,,6710,3,1401.08,0
,,,,,6710,6,1401.08,0
,,,,,6710,9,1401.08,0
,,,,,6710,12,1401.08,0
,,,,,6770,3,1749.65,23.91
,,,,,6770,6,1711.94,23.91
,,,,,6770,9,1811.88,23.91
,,,,,6770,12,1816.9,23.91
,,,,,6776,3,2110.73,0
,,,,,6776,6,2110.73,0
,,,,,6776,9,2110.73,0
,,,,,6776,12,2110.73,0
,,,,,6790,3,1335.46,11.58
,,,,,6790,6,1349.68,11.58
,,,,,6790,9,1367.11,11.58
,,,,,6790,12,1384.34,11.58
,,,,,6810,3,2393.34,10.88
,,,,,6810,6,2423.67,10.88
,,,,,6810,9,2460.53,10.88
,,,,,6810,12,2482.7,10.88
,,,,,6811,3,2501.56,30.59
,,,,,6811,6,2454.18,30.59
,,,,,6811,9,2493.77,30.59
,,,,,6811,12,2532.15,30.59
,,,,,6824,3,3906.78,90.78
,,,,,6824,6,4041.66,90.78
,,,,,6824,9,4030.3,90.78
,,,,,6824,12,4164.95,90.78
,,,,,6830,3,4240.14,44.97
,,,,,6830,6,4302.44,44.97
,,,,,6830,9,4312.37,44.97
,,,,,6830,12,4378.23,44.97
,,,,,6850,3,2766.23,27.54
,,,,,6850,6,2805.71,27.54
,,,,,6850,9,2821.29,27.54
,,,,,6850,12,2821.56,27.54
,,,,,6851,3,2600.13,21.89
,,,,,6851,6,2630.05,21.89
,,,,,6851,9,2662.33,21.89
,,,,,6851,12,2685.69,21.89
,,,,,6854,3,2712.88,27.69
,,,,,6854,6,2717.17,27.69
,,,,,6854,9,2733.42,27.69
,,,,,6854,12,2778.66,27.69
,,,,,6855,3,2754.79,25.9
,,,,,6855,6,2781.39,25.9
,,,,,6855,9,2904,25.9
,,,,,6855,12,2940.38,25.9
,,,,,6880,3,4993.25,110.9
,,,,,6880,6,4998.68,110.9
,,,,,6880,9,5041.73,110.9
,,,,,6880,12,4965.96,110.9
,,,,,6901,3,3088.32,9.21
,,,,,6901,6,3090.02,9.21
,,,,,6901,9,3113.57,9.21
,,,,,6901,12,3117.07,9.21
,,,,,6902,3,2859.12,8.34
,,,,,6902,6,2891.49,8.34
,,,,,6902,9,2908.81,8.34
,,,,,6902,12,2926.7,8.34
,,,,,6905,3,2524.62,30.99
,,,,,6905,6,2580.66,30.99
,,,,,6905,9,2604.95,30.99
,,,,,6905,12,2639.83,30.99
,,,,,7002,3,2385.2,9.89
,,,,,7002,6,2403.31,9.89
,,,,,7002,9,2437.09,9.89
,,,,,7002,12,2464.16,9.89
,,,,,7003,3,2409.34,18.18
,,,,,7003,6,2429.29,18.18
,,,,,7003,9,2460.08,18.18
,,,,,7003,12,2483.29,18.18
,,,,,7008,3,2336.7,17.53
,,,,,7008,6,2334.41,17.53
,,,,,7008,9,2344.86,17.53
,,,,,7008,12,2400.98,17.53
,,,,,7010,3,3025.14,31.41
,,,,,7010,6,3032.28,31.41
,,,,,7010,9,3043.71,31.41
,,,,,7010,12,3072.48,31.41
,,,,,7016,3,2754.74,25.03
,,,,,7016,6,2820.31,25.03
,,,,,7016,9,2853.95,25.03
,,,,,7016,12,2848.42,25.03
,,,,,7017,3,1803.93,15.22
,,,,,7017,6,1820.31,15.22
,,,,,7017,9,1850.66,15.22
,,,,,7017,12,1870.49,15.22
,,,,,7018,3,1979.57,20.89
,,,,,7018,6,2009.88,20.89
,,,,,7018,9,2031.3,20.89
,,,,,7018,12,2063.29,20.89
,,,,,7020,3,3625.2,30.86
,,,,,7020,6,3656.53,30.86
,,,,,7020,9,3700.12,30.86
,,,,,7020,12,3746.15,30.86
,,,,,7024,3,3293.7,24.25
,,,,,7024,6,3337.69,24.25
,,,,,7024,9,3380.21,24.25
,,,,,7024,12,3405.02,24.25
,,,,,7026,3,2163.62,24.88
,,,,,7026,6,2153.48,24.88
,,,,,7026,9,2179.12,24.88
,,,,,7026,12,2195.64,24.88
,,,,,7029,3,2583.18,7.53
,,,,,7029,6,2605.53,7.53
,,,,,7029,9,2619.83,7.53
,,,,,7029,12,2629.89,7.53
,,,,,7030,3,3735.21,10.53
,,,,,7030,6,3752.31,10.53
,,,,,7030,9,3780.51,10.53
,,,,,7030,12,3812.14,10.53
,,,,,7032,3,2304.18,31.7
,,,,,7032,6,2316.68,31.7
,,,,,7032,9,2392.57,31.7
,,,,,7032,12,2403.57,31.7
,,,,,7036,3,2350.03,10.87
,,,,,7036,6,2373.54,10.87
,,,,,7036,9,2381.14,10.87
,,,,,7036,12,2395.88,10.87
,,,,,7039,3,3966.31,35.78
,,,,,7039,6,4122.25,35.78
,,,,,7039,9,4092.06,35.78
,,,,,7039,12,4044.69,35.78
,,,,,7040,3,2595.37,9.22
,,,,,7040,6,2595.37,9.22
,,,,,7040,9,2595.37,9.22
,,,,,7040,12,2620.64,9.22
,,,,,7042,3,2675.68,26.12
,,,,,7042,6,2696.8,26.12
,,,,,7042,9,2727.83,26.12
,,,,,7042,12,2761.67,26.12
,,,,,7047,3,2753.33,35.5
,,,,,7047,6,2764.73,35.5
,,,,,7047,9,2824.34,35.5
,,,,,7047,12,2863.6,35.5
,,,,,7050,3,1971.73,11.94
,,,,,7050,6,1990.79,11.94
,,,,,7050,9,2008.49,11.94
,,,,,7050,12,2035.25,11.94
,,,,,7052,3,2624.22,26.41
,,,,,7052,6,2651.75,26.41
,,,,,7052,9,2699.25,26.41
,,,,,7052,12,2748.45,26.41
,,,,,7054,3,2708.51,15.56
,,,,,7054,6,2713.46,15.56
,,,,,7054,9,2738.28,15.56
,,,,,7054,12,2748.61,15.56
,,,,,7055,3,2382.68,42.55
,,,,,7055,6,2347.69,42.55
,,,,,7055,9,2458.84,42.55
,,,,,7055,12,2553.37,42.55
,,,,,7065,3,2506.6,18.83
,,,,,7065,6,2544.45,18.83
,,,,,7065,9,2574.38,18.83
,,,,,7065,12,2584.08,18.83
,,,,,7070,3,2180.18,13.15
,,,,,7070,6,2158.38,13.15
,,,,,7070,9,2184.32,13.15
,,,,,7070,12,2183.77,13.15
,,,,,7073,3,2762.32,18.82
,,,,,7073,6,2786.45,18.82
,,,,,7073,9,2814.13,18.82
,,,,,7073,12,2809.63,18.82
,,,,,7079,3,3132.56,31.16
,,,,,7079,6,3125.44,31.16
,,,,,7079,9,3134.81,31.16
,,,,,7079,12,3138.05,31.16
,,,,,7080,3,2635.17,26.75
,,,,,7080,6,2636.05,26.75
,,,,,7080,9,2642.41,26.75
,,,,,7080,12,2656.45,26.75
,,,,,7081,3,2771.19,16.83
,,,,,7081,6,2789.85,16.83
,,,,,7081,9,2789.7,16.83
,,,,,7081,12,2775.19,16.83
,,,,,7083,3,2372.91,20.57
,,,,,7083,6,2401.59,20.57
,,,,,7083,9,2447.71,20.57
,,,,,7083,12,2492.19,20.57
,,,,,7086,3,3431.7,20.26
,,,,,7086,6,3449.61,20.26
,,,,,7086,9,3487.98,20.26
,,,,,7086,12,3525.45,20.26
,,,,,7087,3,2492.42,20.08
,,,,,7087,6,2515.4,20.08
,,,,,7087,9,2534.37,20.08
,,,,,7087,12,2556.88,20.08
,,,,,7093,3,2674.88,19.48
,,,,,7093,6,2723.31,19.48
,,,,,7093,9,2759.87,19.48
,,,,,7093,12,2776.57,19.48
,,,,,7094,3,2894.15,26.57
,,,,,7094,6,2929.03,26.57
,,,,,7094,9,2962.47,26.57
,,,,,7094,12,2983.75,26.57
,,,,,7095,3,2257.39,14.05
,,,,,7095,6,2267.78,14.05
,,,,,7095,9,2308.81,14.05
,,,,,7095,12,2334.79,14.05
,,,,,7102,3,2488.14,16.81
,,,,,7102,6,2504.8,16.81
,,,,,7102,9,2537.14,16.81
,,,,,7102,12,2516.18,16.81
,,,,,7103,3,2179.22,16.23
,,,,,7103,6,2238,16.23
,,,,,7103,9,2310.4,16.23
,,,,,7103,12,2372.87,16.23
,,,,,7104,3,2026.94,19.28
,,,,,7104,6,2058.05,19.28
,,,,,7104,9,2084.52,19.28
,,,,,7104,12,2094.63,19.28
,,,,,7105,3,2407.6,16.6
,,,,,7105,6,2407.45,16.6
,,,,,7105,9,2484.98,16.6
,,,,,7105,12,2446.98,16.6
,,,,,7106,3,1881.82,24.26
,,,,,7106,6,1921.7,24.26
,,,,,7106,9,1940.56,24.26
,,,,,7106,12,1967.86,24.26
,,,,,7107,3,1972.7,35.3
,,,,,7107,6,1974.58,35.3
,,,,,7107,9,1996.95,35.3
,,,,,7107,12,2008.61,35.3
,,,,,7108,3,2117.25,25.41
,,,,,7108,6,2156.27,25.41
,,,,,7108,9,2187.97,25.41
,,,,,7108,12,2215.6,25.41
,,,,,7109,3,2178.85,12.34
,,,,,7109,6,2218.9,12.34
,,,,,7109,9,2259.92,12.34
,,,,,7109,12,2297.81,12.34
,,,,,7110,3,2385.78,40.97
,,,,,7110,6,2450.39,40.97
,,,,,7110,9,2447.06,40.97
,,,,,7110,12,2475.57,40.97
,,,,,7111,3,1873.18,21.42
,,,,,7111,6,1915.7,21.42
,,,,,7111,9,1968.3,21.42
,,,,,7111,12,1994.26,21.42
,,,,,7112,3,2031.8,23.65
,,,,,7112,6,2071.3,23.65
,,,,,7112,9,2082.58,23.65
,,,,,7112,12,2098.4,23.65
,,,,,7201,3,2438.25,41.03
,,,,,7201,6,2543.04,41.03
,,,,,7201,9,2680.5,41.03
,,,,,7201,12,2614.72,41.03
,,,,,7202,3,2130.14,17.86
,,,,,7202,6,2130.14,17.86
,,,,,7202,9,2130.14,17.86
,,,,,7202,12,2194.74,17.86
,,,,,7203,3,2626.48,17.69
,,,,,7203,6,2639.18,17.69
,,,,,7203,9,2651.09,17.69
,,,,,7203,12,2665.76,17.69
,,,,,7206,3,2068.87,24.96
,,,,,7206,6,2060.51,24.96
,,,,,7206,9,2095.09,24.96
,,,,,7206,12,2144.21,24.96
,,,,,7302,3,3758.85,8.47
,,,,,7302,6,3801.74,8.47
,,,,,7302,9,3838.87,8.47
,,,,,7302,12,3870.43,8.47
,,,,,7304,3,2390.85,14.28
,,,,,7304,6,2409.9,14.28
,,,,,7304,9,2439.34,14.28
,,,,,7304,12,2465.57,14.28
,,,,,7305,3,2282.9,12.96
,,,,,7305,6,2305.46,12.96
,,,,,7305,9,2336.45,12.96
,,,,,7305,12,2357.65,12.96
,,,,,7306,3,2558.83,14.1
,,,,,7306,6,2577,14.1
,,,,,7306,9,2595.1,14.1
,,,,,7306,12,2618.71,14.1
,,,,,7307,3,2488,13.3
,,,,,7307,6,2519.28,13.3
,,,,,7307,9,2546.66,13.3
,,,,,7307,12,2577.15,13.3
,,,,,7310,3,4062.22,21.52
,,,,,7310,6,4104.63,21.52
,,,,,7310,9,4144.65,21.52
,,,,,7310,12,4146.31,21.52
,,,,,7424,3,2539.01,38.42
,,,,,7424,6,2615.49,38.42
,,,,,7424,9,2605.78,38.42
,,,,,7424,12,2705.86,38.42
,,,,,7470,3,2586.17,29.08
,,,,,7470,6,2588.58,29.08
,,,,,7470,9,2588.27,29.08
,,,,,7470,12,2597.35,29.08
,,,,,7501,3,1749.92,20.85
,,,,,7501,6,1756.12,20.85
,,,,,7501,9,1798.12,20.85
,,,,,7501,12,1816.69,20.85
,,,,,7601,3,2678.6,17.88
,,,,,7601,6,2698.72,17.88
,,,,,7601,9,2720.89,17.88
,,,,,7601,12,2740.66,17.88
,,,,,7631,3,2869.75,26.86
,,,,,7631,6,2870.31,26.86
,,,,,7631,9,2861.66,26.86
,,,,,7631,12,2887.27,26.86
,,,,,7644,3,2304.45,33.09
,,,,,7644,6,2323.35,33.09
,,,,,7644,9,2357.74,33.09
,,,,,7644,12,2393.8,33.09
,,,,,7650,3,3097.55,48.74
,,,,,7650,6,3315.18,48.74
,,,,,7650,9,3251.58,48.74
,,,,,7650,12,3293.48,48.74
,,,,,7666,3,2859.31,0
,,,,,7666,6,2859.31,0
,,,,,7666,9,2859.31,0
,,,,,7666,12,2859.31,0
,,,,,7701,3,3089.31,32.28
,,,,,7701,6,3079.83,32.28
,,,,,7701,9,3112.36,32.28
,,,,,7701,12,3111.92,32.28
,,,,,7712,3,2576.45,22.18
,,,,,7712,6,2632.57,22.18
,,,,,7712,9,2598.65,22.18
,,,,,7712,12,2625.47,22.18
,,,,,7719,3,2611.73,47.06
,,,,,7719,6,2560.43,47.06
,,,,,7719,9,2509.55,47.06
,,,,,7719,12,2596.34,47.06
,,,,,7724,3,2382.71,0
,,,,,7724,6,2382.71,0
,,,,,7724,9,2382.71,0
,,,,,7724,12,2382.71,0
,,,,,7726,3,2388.58,16.95
,,,,,7726,6,2398.11,16.95
,,,,,7726,9,2391.13,16.95
,,,,,7726,12,2427.16,16.95
,,,,,7728,3,2711.03,16.94
,,,,,7728,6,2729.69,16.94
,,,,,7728,9,2745.31,16.94
,,,,,7728,12,2761.77,16.94
,,,,,7731,3,3172.58,25.93
,,,,,7731,6,3166.47,25.93
,,,,,7731,9,3311.26,25.93
,,,,,7731,12,3328.14,25.93
,,,,,7734,3,2195.77,0
,,,,,7734,6,2195.77,0
,,,,,7734,9,2195.77,0
,,,,,7734,12,2195.77,0
,,,,,7740,3,2826.95,25.34
,,,,,7740,6,2875.08,25.34
,,,,,7740,9,2876.71,25.34
,,,,,7740,12,2900.73,25.34
,,,,,7747,3,2322.21,23.46
,,,,,7747,6,2350.88,23.46
,,,,,7747,9,2379.71,23.46
,,,,,7747,12,2409.34,23.46
,,,,,7753,3,2781.71,20.21
,,,,,7753,6,2805.18,20.21
,,,,,7753,9,2832.59,20.21
,,,,,7753,12,2825.96,20.21
,,,,,7756,3,2089.36,27.34
,,,,,7756,6,2213.56,27.34
,,,,,7756,9,2289.97,27.34
,,,,,7756,12,2354.71,27.34
,,,,,7762,3,3216.99,122.87
,,,,,7762,6,3639.92,122.87
,,,,,7762,9,3695.79,122.87
,,,,,7762,12,4083.43,122.87
,,,,,7828,3,1932.83,0
,,,,,7828,6,1932.83,0
,,,,,7828,9,1932.83,0
,,,,,7828,12,1932.83,0
,,,,,7901,3,2835.89,31.09
,,,,,7901,6,2855.23,31.09
,,,,,7901,9,2871.13,31.09
,,,,,7901,12,2893.89,31.09
,,,,,7928,3,3125.42,20.2
,,,,,7928,6,3140.19,20.2
,,,,,7928,9,3114.97,20.2
,,,,,7928,12,3275.24,20.2
,,,,,7940,3,3201.84,53.03
,,,,,7940,6,3235.54,53.03
,,,,,7940,9,3287.02,53.03
,,,,,7940,12,3315.09,53.03
,,,,,7950,3,3777.78,32.64
,,,,,7950,6,3793.32,32.64
,,,,,7950,9,3805.98,32.64
,,,,,7950,12,3809.01,32.64
,,,,,7960,3,3043.15,14.05
,,,,,7960,6,3067.73,14.05
,,,,,7960,9,3083.27,14.05
,,,,,7960,12,3094.77,14.05
,,,,,8002,3,2126.88,15.25
,,,,,8002,6,2130.68,15.25
,,,,,8002,9,2143.52,15.25
,,,,,8002,12,2156.15,15.25
,,,,,8012,3,1924.68,0
,,,,,8012,6,1924.68,0
,,,,,8012,9,1924.68,0
,,,,,8012,12,1924.68,0
,,,,,8021,3,1854.53,25.49
,,,,,8021,6,1872.82,25.49
,,,,,8021,9,1880.07,25.49
,,,,,8021,12,1894.32,25.49
,,,,,8028,3,2787.1,36.32
,,,,,8028,6,2795.18,36.32
,,,,,8028,9,2825.18,36.32
,,,,,8028,12,2850.78,36.32
,,,,,8033,3,2290.26,18.58
,,,,,8033,6,2321.8,18.58
,,,,,8033,9,2314.76,18.58
,,,,,8033,12,2339.38,18.58
,,,,,8034,3,2517.4,0
,,,,,8034,6,2517.4,0
,,,,,8034,9,2517.4,0
,,,,,8034,12,2517.4,0
,,,,,8053,3,2344.61,9.46
,,,,,8053,6,2361.61,9.46
,,,,,8053,9,2385.97,9.46
,,,,,8053,12,2399.97,9.46
,,,,,8054,3,2224.23,7.26
,,,,,8054,6,2250.1,7.26
,,,,,8054,9,2281.9,7.26
,,,,,8054,12,2305.18,7.26
,,,,,8060,3,2117.17,8.73
,,,,,8060,6,2134.49,8.73
,,,,,8060,9,2162.45,8.73
,,,,,8060,12,2171.53,8.73
,,,,,8081,3,2308.28,24.44
,,,,,8081,6,2410.01,24.44
,,,,,8081,9,2452.86,24.44
,,,,,8081,12,2464.73,24.44
,,,,,8107,3,1485.56,22.55
,,,,,8107,6,1510.61,22.55
,,,,,8107,9,1514.9,22.55
,,,,,8107,12,1524.33,22.55
,,,,,8108,3,2332.69,20.04
,,,,,8108,6,2425.99,20.04
,,,,,8108,9,2484.23,20.04
,,,,,8108,12,2477.91,20.04
,,,,,8205,3,1927.12,12.98
,,,,,8205,6,1935.52,12.98
,,,,,8205,9,1980.71,12.98
,,,,,8205,12,1990.12,12.98
,,,,,8401,3,1568.5,37.69
,,,,,8401,6,1624.05,37.69
,,,,,8401,9,1543.79,37.69
,,,,,8401,12,1680.3,37.69
,,,,,8402,3,1442.95,11.45
,,,,,8402,6,1499.83,11.45
,,,,,8402,9,1560.96,11.45
,,,,,8402,12,1621.8,11.45
,,,,,8406,3,1518.55,58.23
,,,,,8406,6,1518.49,58.23
,,,,,8406,9,1746.19,58.23
,,,,,8406,12,1762.1,58.23
,,,,,8527,3,3101,22.37
,,,,,8527,6,3124.77,22.37
,,,,,8527,9,3100.85,22.37
,,,,,8527,12,3191.73,22.37
,,,,,8536,3,2239.04,11.32
,,,,,8536,6,2268.67,11.32
,,,,,8536,9,2294.4,11.32
,,,,,8536,12,2308.47,11.32
,,,,,8540,3,3254.09,27.3
,,,,,8540,6,3287.93,27.3
,,,,,8540,9,3327.58,27.3
,,,,,8540,12,3364.13,27.3
,,,,,8611,3,1583.1,18.88
,,,,,8611,6,1622.29,18.88
,,,,,8611,9,1656.73,18.88
,,,,,8611,12,1671.71,18.88
,,,,,8618,3,2010.4,14.02
,,,,,8618,6,2092.86,14.02
,,,,,8618,9,2096.99,14.02
,,,,,8618,12,2149.69,14.02
,,,,,8648,3,2577.75,23.63
,,,,,8648,6,2590.87,23.63
,,,,,8648,9,2601.22,23.63
,,,,,8648,12,2601.36,23.63
,,,,,8724,3,2460.85,0
,,,,,8724,6,2460.85,0
,,,,,8724,9,2460.85,0
,,,,,8724,12,2460.85,0
,,,,,8742,3,2698.81,47.47
,,,,,8742,6,2798.63,47.47
,,,,,8742,9,2870,47.47
,,,,,8742,12,2996.28,47.47
,,,,,8753,3,2997.86,28.06
,,,,,8753,6,3020.53,28.06
,,,,,8753,9,3041.17,28.06
,,,,,8753,12,3054.42,28.06
,,,,,8807,3,2707.93,18.91
,,,,,8807,6,2708.79,18.91
,,,,,8807,9,2738.17,18.91
,,,,,8807,12,2785.6,18.91
,,,,,8816,3,2779.42,19.81
,,,,,8816,6,2823.18,19.81
,,,,,8816,9,2847.76,19.81
,,,,,8816,12,2877.93,19.81
,,,,,8817,3,2540.01,21.29
,,,,,8817,6,2556.27,21.29
,,,,,8817,9,2581.23,21.29
,,,,,8817,12,2619.6,21.29
,,,,,8820,3,3128,14.14
,,,,,8820,6,3151.15,14.14
,,,,,8820,9,3211.11,14.14
,,,,,8820,12,3230.15,14.14
,,,,,8830,3,2392.77,25.16
,,,,,8830,6,2437.64,25.16
,,,,,8830,9,2456.56,25.16
,,,,,8830,12,2480.58,25.16
,,,,,8837,3,2387.48,0
,,,,,8837,6,2387.48,0
,,,,,8837,9,2387.48,0
,,,,,8837,12,2387.48,0
,,,,,8840,3,2488.31,17.46
,,,,,8840,6,2516.26,17.46
,,,,,8840,9,2529.95,17.46
,,,,,8840,12,2556.02,17.46
,,,,,8854,3,2685.36,13.98
,,,,,8854,6,2702.98,13.98
,,,,,8854,9,2718.86,13.98
,,,,,8854,12,2747.89,13.98
,,,,,8857,3,2851.33,13.01
,,,,,8857,6,2918.74,13.01
,,,,,8857,9,2913.52,13.01
,,,,,8857,12,2932.18,13.01
,,,,,8859,3,2739.74,3.83
,,,,,8859,6,2739.74,3.83
,,,,,8859,9,2739.74,3.83
,,,,,8859,12,2725.89,3.83
,,,,,8861,3,2436.72,47.24
,,,,,8861,6,2424.38,47.24
,,,,,8861,9,2466.08,47.24
,,,,,8861,12,2537.44,47.24
,,,,,8865,3,1665.63,20.23
,,,,,8865,6,1689.14,20.23
,,,,,8865,9,1704.71,20.23
,,,,,8865,12,1723.2,20.23
,,,,,8873,3,2581.56,10.36
,,,,,8873,6,2602.17,10.36
,,,,,8873,9,2622.68,10.36
,,,,,8873,12,2634.24,10.36
,,,,,8876,3,2386.29,19.79
,,,,,8876,6,2420.27,19.79
,,,,,8876,9,2467.54,19.79
,,,,,8876,12,2465.86,19.79
,,,,,8879,3,2339.42,25.67
,,,,,8879,6,2366.09,25.67
,,,,,8879,9,2363.74,25.67
,,,,,8879,12,2405.52,25.67
,,,,,8901,3,2652.97,20.03
,,,,,8901,6,2688.73,20.03
,,,,,8901,9,2686.96,20.03
,,,,,8901,12,2687.66,20.03
,,,,,8902,3,2612.51,13.41
,,,,,8902,6,2629.18,13.41
,,,,,8902,9,2656.72,13.41
,,,,,8902,12,2680.11,13.41
,,,,,8904,3,2262.29,21.07
,,,,,8904,6,2277.96,21.07
,,,,,8904,9,2334.04,21.07
,,,,,8904,12,2321.77,21.07
,,,,,10001,3,5346.4,18.07
,,,,,10001,6,5406.06,18.07
,,,,,10001,9,5477.65,18.07
,,,,,10001,12,5513.91,18.07
,,,,,10002,3,4091.67,19.45
,,,,,10002,6,4111.05,19.45
,,,,,10002,9,4149.52,19.45
,,,,,10002,12,4180.58,19.45
,,,,,10003,3,4676.89,22.67
,,,,,10003,6,4676.04,22.67
,,,,,10003,9,4731.88,22.67
,,,,,10003,12,4762.9,22.67
,,,,,10004,3,4958.47,44.17
,,,,,10004,6,4974.41,44.17
,,,,,10004,9,5013.01,44.17
,,,,,10004,12,5055.79,44.17
,,,,,10005,3,4429.89,26.83
,,,,,10005,6,4473.8,26.83
,,,,,10005,9,4477.98,26.83
,,,,,10005,12,4518.08,26.83
,,,,,10006,3,4325.27,24.04
,,,,,10006,6,4369.93,24.04
,,,,,10006,9,4354.58,24.04
,,,,,10006,12,4397.04,24.04
,,,,,10007,3,7394.37,43.17
,,,,,10007,6,7427.93,43.17
,,,,,10007,9,7442.27,43.17
,,,,,10007,12,7497.03,43.17
,,,,,10009,3,4276.44,11.24
,,,,,10009,6,4305.73,11.24
,,,,,10009,9,4340.88,11.24
,,,,,10009,12,4370.79,11.24
,,,,,10010,3,4738.39,22.6
,,,,,10010,6,4751.02,22.6
,,,,,10010,9,4773.41,22.6
,,,,,10010,12,4805.08,22.6
,,,,,10011,3,5015.54,19.32
,,,,,10011,6,5046.71,19.32
,,,,,10011,9,5096.04,19.32
,,,,,10011,12,5134.47,19.32
,,,,,10012,3,4466.21,20.24
,,,,,10012,6,4495.99,20.24
,,,,,10012,9,4553.88,20.24
,,,,,10012,12,4582.91,20.24
,,,,,10013,3,5067.58,19.55
,,,,,10013,6,5101.51,19.55
,,,,,10013,9,5146.47,19.55
,,,,,10013,12,5177.64,19.55
,,,,,10014,3,5089.37,23.36
,,,,,10014,6,5150.57,23.36
,,,,,10014,9,5216.43,23.36
,,,,,10014,12,5265.86,23.36
,,,,,10016,3,4579.71,14.75
,,,,,10016,6,4622.72,14.75
,,,,,10016,9,4669.36,14.75
,,,,,10016,12,4705.77,14.75
,,,,,10017,3,4368.37,11.55
,,,,,10017,6,4394.95,11.55
,,,,,10017,9,4409.43,11.55
,,,,,10017,12,4447.05,11.55
,,,,,10018,3,4835.03,31.04
,,,,,10018,6,4881.14,31.04
,,,,,10018,9,4905.48,31.04
,,,,,10018,12,4938.73,31.04
,,,,,10019,3,4378.97,11.63
,,,,,10019,6,4427.47,11.63
,,,,,10019,9,4468.14,11.63
,,,,,10019,12,4496.85,11.63
,,,,,10021,3,3868.85,22.47
,,,,,10021,6,3897.99,22.47
,,,,,10021,9,3938.81,22.47
,,,,,10021,12,3972.29,22.47
,,,,,10022,3,4378.91,18.81
,,,,,10022,6,4348.87,18.81
,,,,,10022,9,4376.58,18.81
,,,,,10022,12,4391.89,18.81
,,,,,10023,3,4677.17,24.1
,,,,,10023,6,4703.36,24.1
,,,,,10023,9,4740.82,24.1
,,,,,10023,12,4784.3,24.1
,,,,,10024,3,4055.23,14.99
,,,,,10024,6,4071.26,14.99
,,,,,10024,9,4108.1,14.99
,,,,,10024,12,4142.68,14.99
,,,,,10025,3,4294.86,21.48
,,,,,10025,6,4320.13,21.48
,,,,,10025,9,4356.58,21.48
,,,,,10025,12,4377.5,21.48
,,,,,10026,3,3450.74,43.95
,,,,,10026,6,3464.31,43.95
,,,,,10026,9,3467.09,43.95
,,,,,10026,12,3488.45,43.95
,,,,,10027,3,3397.89,26.47
,,,,,10027,6,3437.96,26.47
,,,,,10027,9,3439.96,26.47
,,,,,10027,12,3455,26.47
,,,,,10028,3,3477.19,15.72
,,,,,10028,6,3515.91,15.72
,,,,,10028,9,3564.48,15.72
,,,,,10028,12,3589.67,15.72
,,,,,10029,3,3156.49,12.71
,,,,,10029,6,3176.21,12.71
,,,,,10029,9,3202.49,12.71
,,,,,10029,12,3223.33,12.71
,,,,,10030,3,2727.76,25.7
,,,,,10030,6,2717.39,25.7
,,,,,10030,9,2768.92,25.7
,,,,,10030,12,2771.01,25.7
,,,,,10031,3,2974.64,18.5
,,,,,10031,6,2995.47,18.5
,,,,,10031,9,3016.92,18.5
,,,,,10031,12,3041.21,18.5
,,,,,10032,3,2728.91,15.55
,,,,,10032,6,2736.21,15.55
,,,,,10032,9,2754.19,15.55
,,,,,10032,12,2782.52,15.55
,,,,,10033,3,2753.91,26.48
,,,,,10033,6,2808.81,26.48
,,,,,10033,9,2819.31,26.48
,,,,,10033,12,2826.7,26.48
,,,,,10034,3,2300.98,23
,,,,,10034,6,2285.97,23
,,,,,10034,9,2296.88,23
,,,,,10034,12,2332.05,23
,,,,,10035,3,3116.37,25.39
,,,,,10035,6,3154.91,25.39
,,,,,10035,9,3183.18,25.39
,,,,,10035,12,3194.03,25.39
,,,,,10036,3,4295.33,7.56
,,,,,10036,6,4313.38,7.56
,,,,,10036,9,4330.38,7.56
,,,,,10036,12,4360.94,7.56
,,,,,10037,3,2554.79,17.5
,,,,,10037,6,2552.66,17.5
,,,,,10037,9,2568.75,17.5
,,,,,10037,12,2594.55,17.5
,,,,,10038,3,4757.92,12.7
,,,,,10038,6,4785.11,12.7
,,,,,10038,9,4796.41,12.7
,,,,,10038,12,4836.26,12.7
,,,,,10039,3,2819.48,37.36
,,,,,10039,6,2845.94,37.36
,,,,,10039,9,2854.33,37.36
,,,,,10039,12,2864.83,37.36
,,,,,10040,3,2626.34,23.78
,,,,,10040,6,2638.35,23.78
,,,,,10040,9,2668.86,23.78
,,,,,10040,12,2681.29,23.78
,,,,,10044,3,4544.83,49.71
,,,,,10044,6,4661.78,49.71
,,,,,10044,9,4762.97,49.71
,,,,,10044,12,4637.6,49.71
,,,,,10065,3,4084.3,21.97
,,,,,10065,6,4130.24,21.97
,,,,,10065,9,4187.76,21.97
,,,,,10065,12,4208.46,21.97
,,,,,10069,3,6023.25,60.39
,,,,,10069,6,6008.49,60.39
,,,,,10069,9,6074.59,60.39
,,,,,10069,12,6115.28,60.39
,,,,,10075,3,3226.9,11.74
,,,,,10075,6,3260.81,11.74
,,,,,10075,9,3300.54,11.74
,,,,,10075,12,3326.4,11.74
,,,,,10128,3,3650.53,11.35
,,,,,10128,6,3695.45,11.35
,,,,,10128,9,3740.49,11.35
,,,,,10128,12,3767.24,11.35
,,,,,10280,3,5177.59,63.36
,,,,,10280,6,5177.99,63.36
,,,,,10280,9,5166.95,63.36
,,,,,10280,12,5215.54,63.36
,,,,,10282,3,6954.62,64.15
,,,,,10282,6,7059.28,64.15
,,,,,10282,9,7096.35,64.15
,,,,,10282,12,7147.47,64.15
,,,,,10301,3,2367.57,29.55
,,,,,10301,6,2408.08,29.55
,,,,,10301,9,2419.54,29.55
,,,,,10301,12,2442.68,29.55
,,,,,10304,3,2207.12,26.26
,,,,,10304,6,2210.44,26.26
,,,,,10304,9,2225.85,26.26
,,,,,10304,12,2247.7,26.26
,,,,,10305,3,2238.28,56.76
,,,,,10305,6,2224.12,56.76
,,,,,10305,9,2199.63,56.76
,,,,,10305,12,2292.29,56.76
,,,,,10306,3,2071.92,0
,,,,,10306,6,2071.92,0
,,,,,10306,9,2071.92,0
,,,,,10306,12,2071.92,0
,,,,,10312,3,2202.08,50.94
,,,,,10312,6,2239.76,50.94
,,,,,10312,9,2292.84,50.94
,,,,,10312,12,2372.88,50.94
,,,,,10314,3,2290.46,45.94
,,,,,10314,6,2358.7,45.94
,,,,,10314,9,2412.4,45.94
,,,,,10314,12,2445.14,45.94
,,,,,10451,3,2970.03,29.65
,,,,,10451,6,2954.23,29.65
,,,,,10451,9,3000.62,29.65
,,,,,10451,12,3004.9,29.65
,,,,,10454,3,2992.33,32.98
,,,,,10454,6,3014.86,32.98
,,,,,10454,9,3054.86,32.98
,,,,,10454,12,3070.93,32.98
,,,,,10457,3,2768.43,57.07
,,,,,10457,6,2789.37,57.07
,,,,,10457,9,2818.28,57.07
,,,,,10457,12,2842.19,57.07
,,,,,10458,3,2281.2,60.15
,,,,,10458,6,2278.65,60.15
,,,,,10458,9,2361.62,60.15
,,,,,10458,12,2416.45,60.15
,,,,,10461,3,2476.44,37.62
,,,,,10461,6,2426.79,37.62
,,,,,10461,9,2486.08,37.62
,,,,,10461,12,2497.4,37.62
,,,,,10462,3,2593.77,52.54
,,,,,10462,6,2669.09,52.54
,,,,,10462,9,2683.87,52.54
,,,,,10462,12,2736.26,52.54
,,,,,10463,3,2803.88,25.97
,,,,,10463,6,2820.97,25.97
,,,,,10463,9,2853.89,25.97
,,,,,10463,12,2871.2,25.97
,,,,,10465,3,2617.17,37.8
,,,,,10465,6,2675.83,37.8
,,,,,10465,9,2663.71,37.8
,,,,,10465,12,2666,37.8
,,,,,10467,3,2074.27,34.14
,,,,,10467,6,2100.99,34.14
,,,,,10467,9,2144.62,34.14
,,,,,10467,12,2185.21,34.14
,,,,,10468,3,2044.24,26.95
,,,,,10468,6,2054.14,26.95
,,,,,10468,9,2104.92,26.95
,,,,,10468,12,2114.93,26.95
,,,,,10469,3,2815.19,54.4
,,,,,10469,6,2877.49,54.4
,,,,,10469,9,2930.03,54.4
,,,,,10469,12,2949.18,54.4
,,,,,10522,3,3300.56,60.95
,,,,,10522,6,3185.15,60.95
,,,,,10522,9,3227.88,60.95
,,,,,10522,12,3296.37,60.95
,,,,,10543,3,3458.11,19.58
,,,,,10543,6,3473.2,19.58
,,,,,10543,9,3496.47,19.58
,,,,,10543,12,3552.12,19.58
,,,,,10562,3,3218.22,43.09
,,,,,10562,6,3207.11,43.09
,,,,,10562,9,3226.19,43.09
,,,,,10562,12,3206.58,43.09
,,,,,10566,3,2947.05,22.99
,,,,,10566,6,2947.05,22.99
,,,,,10566,9,2947.05,22.99
,,,,,10566,12,3030.25,22.99
,,,,,10573,3,2739.75,28.48
,,,,,10573,6,2739.81,28.48
,,,,,10573,9,2739.81,28.48
,,,,,10573,12,2877.01,28.48
,,,,,10591,3,3317.01,37.18
,,,,,10591,6,3368.41,37.18
,,,,,10591,9,3407.82,37.18
,,,,,10591,12,3438.47,37.18
,,,,,10601,3,3116.41,12.51
,,,,,10601,6,3128.19,12.51
,,,,,10601,9,3149.69,12.51
,,,,,10601,12,3153.97,12.51
,,,,,10604,3,3661.07,32.48
,,,,,10604,6,3704.45,32.48
,,,,,10604,9,3753.04,32.48
,,,,,10604,12,3730.68,32.48
,,,,,10606,3,2874.67,20.62
,,,,,10606,6,2890.12,20.62
,,,,,10606,9,2915.18,20.62
,,,,,10606,12,2946.17,20.62
,,,,,10701,3,2408.74,22.24
,,,,,10701,6,2466.17,22.24
,,,,,10701,9,2480.51,22.24
,,,,,10701,12,2476.84,22.24
,,,,,10703,3,2681.28,28.84
,,,,,10703,6,2680.32,28.84
,,,,,10703,9,2751.32,28.84
,,,,,10703,12,2866.55,28.84
,,,,,10704,3,2386.57,53.18
,,,,,10704,6,2438.76,53.18
,,,,,10704,9,2378.11,53.18
,,,,,10704,12,2430.85,53.18
,,,,,10705,3,2401.24,37.38
,,,,,10705,6,2323.75,37.38
,,,,,10705,9,2484.9,37.38
,,,,,10705,12,2516.69,37.38
,,,,,10707,3,3410.27,0
,,,,,10707,6,3410.27,0
,,,,,10707,9,3410.27,0
,,,,,10707,12,3410.27,0
,,,,,10708,3,3323.95,35.34
,,,,,10708,6,3324.37,35.34
,,,,,10708,9,3324.38,35.34
,,,,,10708,12,3504.42,35.34
,,,,,10801,3,2789.98,27.63
,,,,,10801,6,2818,27.63
,,,,,10801,9,2828.34,27.63
,,,,,10801,12,2842.82,27.63
,,,,,10940,3,2199.71,21.68
,,,,,10940,6,2219.27,21.68
,,,,,10940,9,2187.92,21.68
,,,,,10940,12,2185.48,21.68
,,,,,10950,3,3115.18,0
,,,,,10950,6,3115.18,0
,,,,,10950,9,3115.18,0
,,,,,10950,12,3115.18,0
,,,,,10954,3,3188.06,42.39
,,,,,10954,6,3276.57,42.39
,,,,,10954,9,3337.92,42.39
,,,,,10954,12,3279.16,42.39
,,,,,10960,3,2321.48,20.71
,,,,,10960,6,2363.1,20.71
,,,,,10960,9,2408.95,20.71
,,,,,10960,12,2438.42,20.71
,,,,,11101,3,4295.57,17.02
,,,,,11101,6,4316.44,17.02
,,,,,11101,9,4350.86,17.02
,,,,,11101,12,4391.26,17.02
,,,,,11102,3,2950.38,13.93
,,,,,11102,6,2946.12,13.93
,,,,,11102,9,2971.43,13.93
,,,,,11102,12,2992.73,13.93
,,,,,11103,3,2663.84,24.63
,,,,,11103,6,2716.21,24.63
,,,,,11103,9,2731.86,24.63
,,,,,11103,12,2748.61,24.63
,,,,,11104,3,2671.62,21.49
,,,,,11104,6,2707.4,21.49
,,,,,11104,9,2730.47,21.49
,,,,,11104,12,2760.7,21.49
,,,,,11105,3,2778.04,17.03
,,,,,11105,6,2801.17,17.03
,,,,,11105,9,2820.48,17.03
,,,,,11105,12,2835.14,17.03
,,,,,11106,3,2936.64,11.52
,,,,,11106,6,2945.27,11.52
,,,,,11106,9,2971.3,11.52
,,,,,11106,12,2996.68,11.52
,,,,,11109,3,4642.21,17.05
,,,,,11109,6,4661.57,17.05
,,,,,11109,9,4697.55,17.05
,,,,,11109,12,4741.99,17.05
,,,,,11201,3,4484.94,12.17
,,,,,11201,6,4530.94,12.17
,,,,,11201,9,4573.64,12.17
,,,,,11201,12,4611.59,12.17
,,,,,11203,3,2694.3,22.59
,,,,,11203,6,2708.75,22.59
,,,,,11203,9,2726.25,22.59
,,,,,11203,12,2737.65,22.59
,,,,,11204,3,2076.08,41.85
,,,,,11204,6,2040.39,41.85
,,,,,11204,9,2091.49,41.85
,,,,,11204,12,2122.41,41.85
,,,,,11205,3,3716.59,27.07
,,,,,11205,6,3776.63,27.07
,,,,,11205,9,3809.76,27.07
,,,,,11205,12,3828.67,27.07
,,,,,11206,3,3685.81,18.19
,,,,,11206,6,3720.87,18.19
,,,,,11206,9,3763.04,18.19
,,,,,11206,12,3800.56,18.19
,,,,,11207,3,3121.7,16.43
,,,,,11207,6,3147.36,16.43
,,,,,11207,9,3193.78,16.43
,,,,,11207,12,3232.44,16.43
,,,,,11208,3,2862.79,35.2
,,,,,11208,6,2911.01,35.2
,,,,,11208,9,2949.5,35.2
,,,,,11208,12,2917.62,35.2
,,,,,11209,3,2405.91,23.72
,,,,,11209,6,2401.01,23.72
,,,,,11209,9,2420.17,23.72
,,,,,11209,12,2430.6,23.72
,,,,,11210,3,2826.47,17.93
,,,,,11210,6,2862.42,17.93
,,,,,11210,9,2865.9,17.93
,,,,,11210,12,2878.24,17.93
,,,,,11211,3,4608.31,17.55
,,,,,11211,6,4650.67,17.55
,,,,,11211,9,4715.7,17.55
,,,,,11211,12,4760.77,17.55
,,,,,11212,3,2658.66,50.06
,,,,,11212,6,2672.49,50.06
,,,,,11212,9,2711.41,50.06
,,,,,11212,12,2741.5,50.06
,,,,,11213,3,2821.6,14.5
,,,,,11213,6,2839.43,14.5
,,,,,11213,9,2872.21,14.5
,,,,,11213,12,2896.99,14.5
,,,,,11214,3,2456.28,17.2
,,,,,11214,6,2494.96,17.2
,,,,,11214,9,2522.62,17.2
,,,,,11214,12,2536.04,17.2
,,,,,11215,3,3904.16,40.26
,,,,,11215,6,3936.72,40.26
,,,,,11215,9,3924.32,40.26
,,,,,11215,12,4003.84,40.26
,,,,,11216,3,3383.16,17.65
,,,,,11216,6,3417.92,17.65
,,,,,11216,9,3472.72,17.65
,,,,,11216,12,3491.97,17.65
,,,,,11217,3,4142.78,24.18
,,,,,11217,6,4194.68,24.18
,,,,,11217,9,4244.32,24.18
,,,,,11217,12,4264.45,24.18
,,,,,11218,3,2947.63,26.99
,,,,,11218,6,2990.02,26.99
,,,,,11218,9,3005.84,26.99
,,,,,11218,12,3033.55,26.99
,,,,,11220,3,2723.61,20.44
,,,,,11220,6,2745.04,20.44
,,,,,11220,9,2765.94,20.44
,,,,,11220,12,2791.08,20.44
,,,,,11221,3,3368.86,16.99
,,,,,11221,6,3393.21,16.99
,,,,,11221,9,3431.5,16.99
,,,,,11221,12,3464.94,16.99
,,,,,11222,3,4287.44,15.4
,,,,,11222,6,4330.13,15.4
,,,,,11222,9,4374.58,15.4
,,,,,11222,12,4422.12,15.4
,,,,,11223,3,2439.37,27.13
,,,,,11223,6,2464.12,27.13
,,,,,11223,9,2493.44,27.13
,,,,,11223,12,2522.88,27.13
,,,,,11224,3,2836.82,4.43
,,,,,11224,6,2847.59,4.43
,,,,,11224,9,2838.56,4.43
,,,,,11224,12,2852.93,4.43
,,,,,11225,3,3040.11,31.06
,,,,,11225,6,3113.63,31.06
,,,,,11225,9,3141.24,31.06
,,,,,11225,12,3169.56,31.06
,,,,,11226,3,2962.9,13.7
,,,,,11226,6,2992.01,13.7
,,,,,11226,9,3002.66,13.7
,,,,,11226,12,3028.84,13.7
,,,,,11228,3,2500.57,64.52
,,,,,11228,6,2517.74,64.52
,,,,,11228,9,2540.55,64.52
,,,,,11228,12,2582.45,64.52
,,,,,11229,3,2383.08,44.81
,,,,,11229,6,2385.5,44.81
,,,,,11229,9,2412.6,44.81
,,,,,11229,12,2452.7,44.81
,,,,,11230,3,2525.11,15.15
,,,,,11230,6,2547.5,15.15
,,,,,11230,9,2558.56,15.15
,,,,,11230,12,2610.87,15.15
,,,,,11231,3,4019.13,44.3
,,,,,11231,6,4062.98,44.3
,,,,,11231,9,4149.1,44.3
,,,,,11231,12,4180.25,44.3
,,,,,11232,3,3239.71,30.3
,,,,,11232,6,3273.61,30.3
,,,,,11232,9,3291.09,30.3
,,,,,11232,12,3275.26,30.3
,,,,,11233,3,3036.5,17.04
,,,,,11233,6,3066.34,17.04
,,,,,11233,9,3096.33,17.04
,,,,,11233,12,3123.88,17.04
,,,,,11235,3,2632.43,23.67
,,,,,11235,6,2637.77,23.67
,,,,,11235,9,2662.36,23.67
,,,,,11235,12,2690.93,23.67
,,,,,11237,3,3360.25,14.96
,,,,,11237,6,3372.33,14.96
,,,,,11237,9,3390.9,14.96
,,,,,11237,12,3426.24,14.96
,,,,,11238,3,3865.53,11.89
,,,,,11238,6,3900.31,11.89
,,,,,11238,9,3941.32,11.89
,,,,,11238,12,3980.87,11.89
,,,,,11249,3,5378.07,33.83
,,,,,11249,6,5442.93,33.83
,,,,,11249,9,5497.66,33.83
,,,,,11249,12,5526.28,33.83
,,,,,11354,3,2695.76,16.55
,,,,,11354,6,2719.94,16.55
,,,,,11354,9,2751.09,16.55
,,,,,11354,12,2782.24,16.55
,,,,,11355,3,2258.52,27.02
,,,,,11355,6,2244.72,27.02
,,,,,11355,9,2268.87,27.02
,,,,,11355,12,2299.65,27.02
,,,,,11356,3,2445.53,12.24
,,,,,11356,6,2445.53,12.24
,,,,,11356,9,2445.53,12.24
,,,,,11356,12,2401.25,12.24
,,,,,11357,3,2904.92,69.93
,,,,,11357,6,2974.19,69.93
,,,,,11357,9,3003.69,69.93
,,,,,11357,12,3015.91,69.93
,,,,,11358,3,2244.97,38.77
,,,,,11358,6,2277.51,38.77
,,,,,11358,9,2276.22,38.77
,,,,,11358,12,2330.26,38.77
,,,,,11361,3,2941.49,41.68
,,,,,11361,6,2974.36,41.68
,,,,,11361,9,3038.79,41.68
,,,,,11361,12,3076.62,41.68
,,,,,11364,3,2876.08,43.04
,,,,,11364,6,2921.6,43.04
,,,,,11364,9,2916.8,43.04
,,,,,11364,12,3068.14,43.04
,,,,,11365,3,2368.06,47.75
,,,,,11365,6,2409.7,47.75
,,,,,11365,9,2477.06,47.75
,,,,,11365,12,2445.66,47.75
,,,,,11370,3,2605.94,33.9
,,,,,11370,6,2605.93,33.9
,,,,,11370,9,2639.87,33.9
,,,,,11370,12,2721.21,33.9
,,,,,11372,3,2488.05,31.02
,,,,,11372,6,2488.31,31.02
,,,,,11372,9,2508.39,31.02
,,,,,11372,12,2516.75,31.02
,,,,,11373,3,2573.61,23.96
,,,,,11373,6,2589.1,23.96
,,,,,11373,9,2623.92,23.96
,,,,,11373,12,2651.58,23.96
,,,,,11374,3,2797.15,14.77
,,,,,11374,6,2806.4,14.77
,,,,,11374,9,2834.03,14.77
,,,,,11374,12,2868.58,14.77
,,,,,11375,3,3165.48,25.66
,,,,,11375,6,3183.23,25.66
,,,,,11375,9,3223.42,25.66
,,,,,11375,12,3265.01,25.66
,,,,,11377,3,2583.34,26.17
,,,,,11377,6,2602.69,26.17
,,,,,11377,9,2632.52,26.17
,,,,,11377,12,2656.8,26.17
,,,,,11378,3,2521.99,34.5
,,,,,11378,6,2528.67,34.5
,,,,,11378,9,2532.3,34.5
,,,,,11378,12,2555.65,34.5
,,,,,11379,3,2626.78,47.86
,,,,,11379,6,2649.2,47.86
,,,,,11379,9,2719.14,47.86
,,,,,11379,12,2784.92,47.86
,,,,,11385,3,3127.12,12.1
,,,,,11385,6,3130.72,12.1
,,,,,11385,9,3140.72,12.1
,,,,,11385,12,3178.24,12.1
,,,,,11415,3,2611.69,27.41
,,,,,11415,6,2606.67,27.41
,,,,,11415,9,2669.91,27.41
,,,,,11415,12,2684.17,27.41
,,,,,11418,3,2140.53,18.26
,,,,,11418,6,2225.97,18.26
,,,,,11418,9,2310.63,18.26
,,,,,11418,12,2497.85,18.26
,,,,,11432,3,2361.83,22.11
,,,,,11432,6,2382.17,22.11
,,,,,11432,9,2373.24,22.11
,,,,,11432,12,2395.16,22.11
,,,,,11435,3,2372.17,31.28
,,,,,11435,6,2392.54,31.28
,,,,,11435,9,2419.61,31.28
,,,,,11435,12,2433.68,31.28
,,,,,11501,3,4022.94,40.01
,,,,,11501,6,4019.67,40.01
,,,,,11501,9,4047.32,40.01
,,,,,11501,12,4077.67,40.01
,,,,,11542,3,3605.37,45.37
,,,,,11542,6,3638.75,45.37
,,,,,11542,9,3721.8,45.37
,,,,,11542,12,3764.55,45.37
,,,,,11561,3,3136.11,22.55
,,,,,11561,6,3160.32,22.55
,,,,,11561,9,3210.25,22.55
,,,,,11561,12,3245.98,22.55
,,,,,11706,3,2841.6,0
,,,,,11706,6,2841.6,0
,,,,,11706,9,2841.6,0
,,,,,11706,12,2841.6,0
,,,,,11727,3,3150.42,19.45
,,,,,11727,6,3150.17,19.45
,,,,,11727,9,3133.86,19.45
,,,,,11727,12,3138.29,19.45
,,,,,11743,3,3218.32,36.82
,,,,,11743,6,3319.15,36.82
,,,,,11743,9,3332.92,36.82
,,,,,11743,12,3378.29,36.82
,,,,,11772,3,2695.45,25
,,,,,11772,6,2694.78,25
,,,,,11772,9,2771.79,25
,,,,,11772,12,2720.54,25
,,,,,11777,3,3201.87,31.71
,,,,,11777,6,3308.59,31.71
,,,,,11777,9,3421.21,31.71
,,,,,11777,12,3457.79,31.71
,,,,,11779,3,2752.52,22.25
,,,,,11779,6,2751.89,22.25
,,,,,11779,9,2765.25,22.25
,,,,,11779,12,2768.79,22.25
,,,,,11801,3,3556.38,72.84
,,,,,11801,6,3593.9,72.84
,,,,,11801,9,3555.28,72.84
,,,,,11801,12,3722.72,72.84
,,,,,11937,3,35087.88,757.11
,,,,,11937,6,35038.97,757.11
,,,,,11937,9,35698.47,757.11
,,,,,11937,12,35747.85,757.11
,,,,,11946,3,3938.21,78.72
,,,,,11946,6,3937.26,78.72
,,,,,11946,9,4039.8,78.72
,,,,,11946,12,4185.86,78.72
,,,,,11963,3,39679,564.84
,,,,,11963,6,40087.49,564.84
,,,,,11963,9,39962.99,564.84
,,,,,11963,12,40037.96,564.84
,,,,,11968,3,39495.25,836.75
,,,,,11968,6,39002.49,836.75
,,,,,11968,9,40366.61,836.75
,,,,,11968,12,41503.25,836.75
,,,,,11976,3,80404.46,562.12
,,,,,11976,6,80404.48,562.12
,,,,,11976,9,80404.48,562.12
,,,,,11976,12,81303.27,562.12
,,,,,11980,3,3249.19,28.33
,,,,,11980,6,3256.02,28.33
,,,,,11980,9,3281.18,28.33
,,,,,11980,12,3273.27,28.33
,,,,,12020,3,1888.47,20.2
,,,,,12020,6,1929.21,20.2
,,,,,12020,9,1902.75,20.2
,,,,,12020,12,1884.08,20.2
,,,,,12047,3,1613.7,16.51
,,,,,12047,6,1614.94,16.51
,,,,,12047,9,1643.39,16.51
,,,,,12047,12,1645.4,16.51
,,,,,12065,3,1632.39,8.54
,,,,,12065,6,1664.11,8.54
,,,,,12065,9,1689.13,8.54
,,,,,12065,12,1700.17,8.54
,,,,,12144,3,2001.18,16.71
,,,,,12144,6,2027.02,16.71
,,,,,12144,9,2047.81,16.71
,,,,,12144,12,2093.6,16.71
,,,,,12180,3,1414.54,10.12
,,,,,12180,6,1424.03,10.12
,,,,,12180,9,1438.62,10.12
,,,,,12180,12,1446.16,10.12
,,,,,12189,3,1366.1,12.29
,,,,,12189,6,1369.61,12.29
,,,,,12189,9,1401.27,12.29
,,,,,12189,12,1389.55,12.29
,,,,,12202,3,1245.04,14.72
,,,,,12202,6,1259.35,14.72
,,,,,12202,9,1295.83,14.72
,,,,,12202,12,1290.23,14.72
,,,,,12203,3,1478.81,11.66
,,,,,12203,6,1493.97,11.66
,,,,,12203,9,1501.9,11.66
,,,,,12203,12,1510.59,11.66
,,,,,12206,3,1703.92,28.91
,,,,,12206,6,1700.1,28.91
,,,,,12206,9,1711.43,28.91
,,,,,12206,12,1702.34,28.91
,,,,,12208,3,1531.26,8.14
,,,,,12208,6,1551.79,8.14
,,,,,12208,9,1567.62,8.14
,,,,,12208,12,1586.12,8.14
,,,,,12210,3,1355.67,17.9
,,,,,12210,6,1376.25,17.9
,,,,,12210,9,1383.61,17.9
,,,,,12210,12,1404.79,17.9
,,,,,12401,3,1867.22,49.55
,,,,,12401,6,1896.54,49.55
,,,,,12401,9,1901.78,49.55
,,,,,12401,12,1890.04,49.55
,,,,,12508,3,2661.08,36.38
,,,,,12508,6,2656.94,36.38
,,,,,12508,9,2682.11,36.38
,,,,,12508,12,2699.62,36.38
,,,,,12550,3,1871.74,18.11
,,,,,12550,6,1903.45,18.11
,,,,,12550,9,1932.61,18.11
,,,,,12550,12,1963.97,18.11
,,,,,12590,3,2165.01,23.15
,,,,,12590,6,2203.22,23.15
,,,,,12590,9,2220.31,23.15
,,,,,12590,12,2255.75,23.15
,,,,,12601,3,1805.84,10.04
,,,,,12601,6,1824.43,10.04
,,,,,12601,9,1835.24,10.04
,,,,,12601,12,1854.71,10.04
,,,,,12603,3,2295,45.06
,,,,,12603,6,2436.57,45.06
,,,,,12603,9,2389.17,45.06
,,,,,12603,12,2424.22,45.06
,,,,,12866,3,1863.97,15.42
,,,,,12866,6,1883.36,15.42
,,,,,12866,9,1905.55,15.42
,,,,,12866,12,1918.42,15.42
,,,,,13021,3,1262.81,4.13
,,,,,13021,6,1262.81,4.13
,,,,,13021,9,1262.81,4.13
,,,,,13021,12,1277.74,4.13
,,,,,13126,3,1236.98,28.9
,,,,,13126,6,1243.86,28.9
,,,,,13126,9,1245.88,28.9
,,,,,13126,12,1283.13,28.9
,,,,,13203,3,1259.69,9.39
,,,,,13203,6,1296.54,9.39
,,,,,13203,9,1340.64,9.39
,,,,,13203,12,1393.07,9.39
,,,,,13204,3,1451.27,17.19
,,,,,13204,6,1442.74,17.19
,,,,,13204,9,1534.88,17.19
,,,,,13204,12,1550.77,17.19
,,,,,13206,3,1489.8,15.17
,,,,,13206,6,1512.34,15.17
,,,,,13206,9,1553.39,15.17
,,,,,13206,12,1571.88,15.17
,,,,,13210,3,1490.27,24.29
,,,,,13210,6,1512.09,24.29
,,,,,13210,9,1510.76,24.29
,,,,,13210,12,1501.76,24.29
,,,,,13601,3,1380.78,7.73
,,,,,13601,6,1399.43,7.73
,,,,,13601,9,1394.91,7.73
,,,,,13601,12,1406.97,7.73
,,,,,13760,3,1152.5,11.89
,,,,,13760,6,1171.6,11.89
,,,,,13760,9,1209.17,11.89
,,,,,13760,12,1262.54,11.89
,,,,,13905,3,2136.96,37.32
,,,,,13905,6,2131.1,37.32
,,,,,13905,9,2216.94,37.32
,,,,,13905,12,2290.47,37.32
,,,,,14075,3,1527.76,20.26
,,,,,14075,6,1551.15,20.26
,,,,,14075,9,1587.11,20.26
,,,,,14075,12,1568.17,20.26
,,,,,14094,3,992.55,13.69
,,,,,14094,6,978.05,13.69
,,,,,14094,9,1010.13,13.69
,,,,,14094,12,1008.8,13.69
,,,,,14150,3,1252.72,12.53
,,,,,14150,6,1254.17,12.53
,,,,,14150,9,1266.28,12.53
,,,,,14150,12,1261.12,12.53
,,,,,14201,3,1248.5,9.61
,,,,,14201,6,1259.28,9.61
,,,,,14201,9,1270.48,9.61
,,,,,14201,12,1280.87,9.61
,,,,,14207,3,1140.36,18.2
,,,,,14207,6,1135.48,18.2
,,,,,14207,9,1155.9,18.2
,,,,,14207,12,1148.21,18.2
,,,,,14209,3,1512.43,11.86
,,,,,14209,6,1504.05,11.86
,,,,,14209,9,1515.73,11.86
,,,,,14209,12,1522.64,11.86
,,,,,14210,3,1275.17,10.29
,,,,,14210,6,1300.21,10.29
,,,,,14210,9,1356.24,10.29
,,,,,14210,12,1437.87,10.29
,,,,,14213,3,1263.13,16.6
,,,,,14213,6,1260.22,16.6
,,,,,14213,9,1284.2,16.6
,,,,,14213,12,1291.38,16.6
,,,,,14214,3,1459.71,15.02
,,,,,14214,6,1510.92,15.02
,,,,,14214,9,1546.17,15.02
,,,,,14214,12,1569.69,15.02
,,,,,14215,3,1147.79,16.63
,,,,,14215,6,1163.36,16.63
,,,,,14215,9,1168.01,16.63
,,,,,14215,12,1178.53,16.63
,,,,,14216,3,1444.72,4.72
,,,,,14216,6,1450.57,4.72
,,,,,14216,9,1462.05,4.72
,,,,,14216,12,1473.31,4.72
,,,,,14217,3,1282.31,18.78
,,,,,14217,6,1267.3,18.78
,,,,,14217,9,1313.97,18.78
,,,,,14217,12,1324.84,18.78
,,,,,14220,3,1246.53,12.77
,,,,,14220,6,1237.21,12.77
,,,,,14220,9,1252.21,12.77
,,,,,14220,12,1304.1,12.77
,,,,,14221,3,1934,20.13
,,,,,14221,6,1930.83,20.13
,,,,,14221,9,1952.56,20.13
,,,,,14221,12,1987.54,20.13
,,,,,14222,3,1369.64,10.13
,,,,,14222,6,1376.23,10.13
,,,,,14222,9,1391.64,10.13
,,,,,14222,12,1404.65,10.13
,,,,,14226,3,1723.01,15.32
,,,,,14226,6,1721.55,15.32
,,,,,14226,9,1760.63,15.32
,,,,,14226,12,1816.86,15.32
,,,,,14227,3,1304.32,10.07
,,,,,14227,6,1323.18,10.07
,,,,,14227,9,1306.9,10.07
,,,,,14227,12,1309.03,10.07
,,,,,14228,3,1648.6,9.7
,,,,,14228,6,1656.58,9.7
,,,,,14228,9,1657.59,9.7
,,,,,14228,12,1687.67,9.7
,,,,,14301,3,1054.79,15.4
,,,,,14301,6,1072.15,15.4
,,,,,14301,9,1110.8,15.4
,,,,,14301,12,1077.1,15.4
,,,,,14450,3,1740.68,19.34
,,,,,14450,6,1755.51,19.34
,,,,,14450,9,1745.46,19.34
,,,,,14450,12,1796.98,19.34
,,,,,14580,3,1825.96,10.69
,,,,,14580,6,1861.83,10.69
,,,,,14580,9,1881.1,10.69
,,,,,14580,12,1881.45,10.69
,,,,,14606,3,1168.16,14.15
,,,,,14606,6,1184.55,14.15
,,,,,14606,9,1197.78,14.15
,,,,,14606,12,1226.26,14.15
,,,,,14607,3,1204.42,5.47
,,,,,14607,6,1214.71,5.47
,,,,,14607,9,1225.92,5.47
,,,,,14607,12,1236.76,5.47
,,,,,14608,3,1072.8,0
,,,,,14608,6,1072.8,0
,,,,,14608,9,1072.8,0
,,,,,14608,12,1072.8,0
,,,,,14609,3,1315.99,10.74
,,,,,14609,6,1345.29,10.74
,,,,,14609,9,1376.42,10.74
,,,,,14609,12,1392.21,10.74
,,,,,14611,3,1246.95,15.33
,,,,,14611,6,1247.28,15.33
,,,,,14611,9,1278.06,15.33
,,,,,14611,12,1334.94,15.33
,,,,,14612,3,1251.56,8.14
,,,,,14612,6,1280.65,8.14
,,,,,14612,9,1321.18,8.14
,,,,,14612,12,1387.66,8.14
,,,,,14613,3,1130.38,11.02
,,,,,14613,6,1150.6,11.02
,,,,,14613,9,1170.86,11.02
,,,,,14613,12,1205.14,11.02
,,,,,14620,3,1448.51,13.33
,,,,,14620,6,1473.84,13.33
,,,,,14620,9,1496.03,13.33
,,,,,14620,12,1516.77,13.33
,,,,,14621,3,1161.66,14.05
,,,,,14621,6,1151.9,14.05
,,,,,14621,9,1187.43,14.05
,,,,,14621,12,1212.09,14.05
,,,,,14626,3,1520.09,15.18
,,,,,14626,6,1565.53,15.18
,,,,,14626,9,1581.92,15.18
,,,,,14626,12,1612.05,15.18
,,,,,14850,3,2239.54,15.88
,,,,,14850,6,2243.35,15.88
,,,,,14850,9,2243.5,15.88
,,,,,14850,12,2248.21,15.88
,,,,,15001,3,1236.74,7.07
,,,,,15001,6,1248.63,7.07
,,,,,15001,9,1266.39,7.07
,,,,,15001,12,1281.68,7.07
,,,,,15010,3,957.29,6.33
,,,,,15010,6,959.82,6.33
,,,,,15010,9,957.58,6.33
,,,,,15010,12,962.78,6.33
,,,,,15025,3,1232.48,24.59
,,,,,15025,6,1294.25,24.59
,,,,,15025,9,1347.74,24.59
,,,,,15025,12,1353.39,24.59
,,,,,15090,3,2088.02,14.15
,,,,,15090,6,2100.14,14.15
,,,,,15090,9,2104.51,14.15
,,,,,15090,12,2089.21,14.15
,,,,,15102,3,1535.79,13.45
,,,,,15102,6,1578.86,13.45
,,,,,15102,9,1541.36,13.45
,,,,,15102,12,1587.08,13.45
,,,,,15106,3,1098.06,8.18
,,,,,15106,6,1115.18,8.18
,,,,,15106,9,1125.3,8.18
,,,,,15106,12,1131.32,8.18
,,,,,15108,3,1455.95,6.13
,,,,,15108,6,1465.87,6.13
,,,,,15108,9,1476.17,6.13
,,,,,15108,12,1483.26,6.13
,,,,,15120,3,1283.09,11.77
,,,,,15120,6,1292.67,11.77
,,,,,15120,9,1293.55,11.77
,,,,,15120,12,1305.81,11.77
,,,,,15129,3,1353.73,13.23
,,,,,15129,6,1315.71,13.23
,,,,,15129,9,1344.44,13.23
,,,,,15129,12,1372.34,13.23
,,,,,15136,3,995.77,12.38
,,,,,15136,6,1031.19,12.38
,,,,,15136,9,1027.26,12.38
,,,,,15136,12,1058.78,12.38
,,,,,15146,3,1291.32,15.83
,,,,,15146,6,1316.45,15.83
,,,,,15146,9,1315.85,15.83
,,,,,15146,12,1329.61,15.83
,,,,,15201,3,1848.14,10.88
,,,,,15201,6,1851.89,10.88
,,,,,15201,9,1871.05,10.88
,,,,,15201,12,1886.7,10.88
,,,,,15202,3,1104.85,5.31
,,,,,15202,6,1111.16,5.31
,,,,,15202,9,1117.82,5.31
,,,,,15202,12,1126.43,5.31
,,,,,15203,3,1624.2,10.93
,,,,,15203,6,1629.24,10.93
,,,,,15203,9,1638.47,10.93
,,,,,15203,12,1646.18,10.93
,,,,,15205,3,1415.5,14.22
,,,,,15205,6,1425.91,14.22
,,,,,15205,9,1435.87,14.22
,,,,,15205,12,1440.61,14.22
,,,,,15206,3,1581.46,4.82
,,,,,15206,6,1591.71,4.82
,,,,,15206,9,1605.71,4.82
,,,,,15206,12,1614.38,4.82
,,,,,15210,3,1255.18,11.7
,,,,,15210,6,1268.48,11.7
,,,,,15210,9,1278.84,11.7
,,,,,15210,12,1292.04,11.7
,,,,,15211,3,1421.81,12.05
,,,,,15211,6,1432.74,12.05
,,,,,15211,9,1442.89,12.05
,,,,,15211,12,1456.96,12.05
,,,,,15212,3,1408.84,11.07
,,,,,15212,6,1436.78,11.07
,,,,,15212,9,1425.02,11.07
,,,,,15212,12,1438.91,11.07
,,,,,15213,3,2009.02,20.52
,,,,,15213,6,2032.45,20.52
,,,,,15213,9,2054.29,20.52
,,,,,15213,12,2056.83,20.52
,,,,,15214,3,1275.25,21.48
,,,,,15214,6,1303.03,21.48
,,,,,15214,9,1276.55,21.48
,,,,,15214,12,1299.31,21.48
,,,,,15215,3,1328.93,19.51
,,,,,15215,6,1372.95,19.51
,,,,,15215,9,1438.67,19.51
,,,,,15215,12,1467.61,19.51
,,,,,15216,3,1272.68,6.36
,,,,,15216,6,1285.34,6.36
,,,,,15216,9,1296.89,6.36
,,,,,15216,12,1308.27,6.36
,,,,,15217,3,1655.63,4.64
,,,,,15217,6,1671.14,4.64
,,,,,15217,9,1688.57,4.64
,,,,,15217,12,1704.19,4.64
,,,,,15218,3,1310.69,11.89
,,,,,15218,6,1333.72,11.89
,,,,,15218,9,1336.6,11.89
,,,,,15218,12,1327.75,11.89
,,,,,15219,3,1721.55,21.14
,,,,,15219,6,1723.08,21.14
,,,,,15219,9,1741.21,21.14
,,,,,15219,12,1743.99,21.14
,,,,,15220,3,1280.41,5.44
,,,,,15220,6,1291.16,5.44
,,,,,15220,9,1302.32,5.44
,,,,,15220,12,1313.92,5.44
,,,,,15221,3,1129.16,11.23
,,,,,15221,6,1136.76,11.23
,,,,,15221,9,1146.77,11.23
,,,,,15221,12,1156.58,11.23
,,,,,15222,3,2200,16.91
,,,,,15222,6,2212.67,16.91
,,,,,15222,9,2221.82,16.91
,,,,,15222,12,2229.13,16.91
,,,,,15224,3,1764.03,15.9
,,,,,15224,6,1777.42,15.9
,,,,,15224,9,1789.13,15.9
,,,,,15224,12,1800.05,15.9
,,,,,15226,3,1335.79,12.54
,,,,,15226,6,1353.73,12.54
,,,,,15226,9,1369.17,12.54
,,,,,15226,12,1374.54,12.54
,,,,,15227,3,1178.58,10
,,,,,15227,6,1163.4,10
,,,,,15227,9,1190.49,10
,,,,,15227,12,1199.86,10
,,,,,15228,3,1312.92,16.67
,,,,,15228,6,1334.76,16.67
,,,,,15228,9,1334.07,16.67
,,,,,15228,12,1351.77,16.67
,,,,,15229,3,1310.49,4.51
,,,,,15229,6,1335.21,4.51
,,,,,15229,9,1377.4,4.51
,,,,,15229,12,1423.95,4.51
,,,,,15232,3,1614.15,8.79
,,,,,15232,6,1629.76,8.79
,,,,,15232,9,1637.4,8.79
,,,,,15232,12,1642.87,8.79
,,,,,15235,3,1414.97,11.22
,,,,,15235,6,1434.75,11.22
,,,,,15235,9,1452.81,11.22
,,,,,15235,12,1464.15,11.22
,,,,,15236,3,1288.77,18.94
,,,,,15236,6,1265.34,18.94
,,,,,15236,9,1250.9,18.94
,,,,,15236,12,1250.7,18.94
,,,,,15237,3,1750.37,11.45
,,,,,15237,6,1767.29,11.45
,,,,,15237,9,1786.03,11.45
,,,,,15237,12,1779.34,11.45
,,,,,15241,3,2013.69,10.64
,,,,,15241,6,2013.69,10.64
,,,,,15241,9,2013.69,10.64
,,,,,15241,12,2052.19,10.64
,,,,,15301,3,891.87,15.75
,,,,,15301,6,902.02,15.75
,,,,,15301,9,912.93,15.75
,,,,,15301,12,932.37,15.75
,,,,,15317,3,1558.49,12.26
,,,,,15317,6,1567.26,12.26
,,,,,15317,9,1578.69,12.26
,,,,,15317,12,1583.94,12.26
,,,,,15601,3,1033.18,9.27
,,,,,15601,6,1040.83,9.27
,,,,,15601,9,1039.87,9.27
,,,,,15601,12,1051,9.27
,,,,,16066,3,1847.57,11.91
,,,,,16066,6,1864.71,11.91
,,,,,16066,9,1889.7,11.91
,,,,,16066,12,1905.7,11.91
,,,,,16101,3,825.53,14.73
,,,,,16101,6,794.3,14.73
,,,,,16101,9,854.54,14.73
,,,,,16101,12,852.75,14.73
,,,,,16502,3,863.8,10.57
,,,,,16502,6,853.54,10.57
,,,,,16502,9,867.21,10.57
,,,,,16502,12,853.71,10.57
,,,,,16801,3,1903.19,16.1
,,,,,16801,6,1928.26,16.1
,,,,,16801,9,1935.58,16.1
,,,,,16801,12,1956.74,16.1
,,,,,17011,3,1512.66,15.54
,,,,,17011,6,1519.61,15.54
,,,,,17011,9,1538.21,15.54
,,,,,17011,12,1547.35,15.54
,,,,,17013,3,1257.17,8.56
,,,,,17013,6,1275.02,8.56
,,,,,17013,9,1301.37,8.56
,,,,,17013,12,1308.34,8.56
,,,,,17022,3,1176.72,10.56
,,,,,17022,6,1203.74,10.56
,,,,,17022,9,1204.78,10.56
,,,,,17022,12,1234.61,10.56
,,,,,17025,3,1572.08,19.89
,,,,,17025,6,1598.22,19.89
,,,,,17025,9,1663.95,19.89
,,,,,17025,12,1616.86,19.89
,,,,,17042,3,1339.48,15.06
,,,,,17042,6,1340.82,15.06
,,,,,17042,9,1330.24,15.06
,,,,,17042,12,1402.67,15.06
,,,,,17046,3,1056.54,13.76
,,,,,17046,6,1056.53,13.76
,,,,,17046,9,1045.35,13.76
,,,,,17046,12,1094.47,13.76
,,,,,17050,3,1999.52,9.45
,,,,,17050,6,2019.94,9.45
,,,,,17050,9,2038.17,9.45
,,,,,17050,12,2048,9.45
,,,,,17055,3,1650.45,15.42
,,,,,17055,6,1672.74,15.42
,,,,,17055,9,1689.53,15.42
,,,,,17055,12,1702.11,15.42
,,,,,17057,3,1374.08,0
,,,,,17057,6,1374.08,0
,,,,,17057,9,1374.08,0
,,,,,17057,12,1374.08,0
,,,,,17101,3,1289.31,10.57
,,,,,17101,6,1296.75,10.57
,,,,,17101,9,1299.9,10.57
,,,,,17101,12,1296.84,10.57
,,,,,17102,3,1160.93,5.39
,,,,,17102,6,1169.57,5.39
,,,,,17102,9,1186.27,5.39
,,,,,17102,12,1197.15,5.39
,,,,,17103,3,1112.54,13.01
,,,,,17103,6,1106.01,13.01
,,,,,17103,9,1148.41,13.01
,,,,,17103,12,1130.33,13.01
,,,,,17104,3,1140.51,14.65
,,,,,17104,6,1178.35,14.65
,,,,,17104,9,1186.8,14.65
,,,,,17104,12,1183.25,14.65
,,,,,17109,3,1283.62,8.86
,,,,,17109,6,1294.81,8.86
,,,,,17109,9,1271.91,8.86
,,,,,17109,12,1272.19,8.86
,,,,,17110,3,1399.55,16.82
,,,,,17110,6,1467.41,16.82
,,,,,17110,9,1461.45,16.82
,,,,,17110,12,1466.31,16.82
,,,,,17111,3,1589.74,17.74
,,,,,17111,6,1587.48,17.74
,,,,,17111,9,1589.41,17.74
,,,,,17111,12,1623.75,17.74
,,,,,17112,3,1577.16,10.93
,,,,,17112,6,1597.25,10.93
,,,,,17112,9,1590.13,10.93
,,,,,17112,12,1599.72,10.93
,,,,,17201,3,1142.87,5.48
,,,,,17201,6,1145.89,5.48
,,,,,17201,9,1164.2,5.48
,,,,,17201,12,1190.66,5.48
,,,,,17331,3,1277.76,7.54
,,,,,17331,6,1290.83,7.54
,,,,,17331,9,1291.11,7.54
,,,,,17331,12,1290.67,7.54
,,,,,17401,3,1176.68,9.23
,,,,,17401,6,1185.57,9.23
,,,,,17401,9,1180.69,9.23
,,,,,17401,12,1200.44,9.23
,,,,,17403,3,1305.88,13.37
,,,,,17403,6,1306.2,13.37
,,,,,17403,9,1339.2,13.37
,,,,,17403,12,1345.59,13.37
,,,,,17404,3,1224.25,14.92
,,,,,17404,6,1206.25,14.92
,,,,,17404,9,1225.53,14.92
,,,,,17404,12,1259.12,14.92
,,,,,17408,3,1551.21,20.12
,,,,,17408,6,1561.11,20.12
,,,,,17408,9,1558.97,20.12
,,,,,17408,12,1566.71,20.12
,,,,,17512,3,1250.4,16.51
,,,,,17512,6,1254,16.51
,,,,,17512,9,1295.95,16.51
,,,,,17512,12,1342.22,16.51
,,,,,17522,3,1211.73,15.83
,,,,,17522,6,1227.44,15.83
,,,,,17522,9,1245.54,15.83
,,,,,17522,12,1248.19,15.83
,,,,,17543,3,1402.88,14.53
,,,,,17543,6,1457.7,14.53
,,,,,17543,9,1452.57,14.53
,,,,,17543,12,1463.26,14.53
,,,,,17601,3,1962.82,17.63
,,,,,17601,6,1930.17,17.63
,,,,,17601,9,1948.94,17.63
,,,,,17601,12,1980.88,17.63
,,,,,17602,3,1400.9,8.72
,,,,,17602,6,1412.13,8.72
,,,,,17602,9,1423.09,8.72
,,,,,17602,12,1431.8,8.72
,,,,,17603,3,1443.56,9.27
,,,,,17603,6,1460.03,9.27
,,,,,17603,9,1477.16,9.27
,,,,,17603,12,1493.47,9.27
,,,,,17701,3,987.12,11.82
,,,,,17701,6,996.57,11.82
,,,,,17701,9,1000.85,11.82
,,,,,17701,12,1015.74,11.82
,,,,,17745,3,826.03,14.43
,,,,,17745,6,829.98,14.43
,,,,,17745,9,847.96,14.43
,,,,,17745,12,868.1,14.43
,,,,,17815,3,1153.89,6.73
,,,,,17815,6,1205.16,6.73
,,,,,17815,9,1249.7,6.73
,,,,,17815,12,1282.54,6.73
,,,,,17901,3,1294.24,16.96
,,,,,17901,6,1387.15,16.96
,,,,,17901,9,1526.15,16.96
,,,,,17901,12,1715.93,16.96
,,,,,18015,3,1530.69,10.16
,,,,,18015,6,1554.07,10.16
,,,,,18015,9,1555.37,10.16
,,,,,18015,12,1571.64,10.16
,,,,,18017,3,1901.97,7.43
,,,,,18017,6,1904.06,7.43
,,,,,18017,9,1932.97,7.43
,,,,,18017,12,1939.04,7.43
,,,,,18018,3,1696.99,10.54
,,,,,18018,6,1707.6,10.54
,,,,,18018,9,1712.09,10.54
,,,,,18018,12,1719.86,10.54
,,,,,18031,3,2133.78,13.07
,,,,,18031,6,2189.46,13.07
,,,,,18031,9,2211.61,13.07
,,,,,18031,12,2240.14,13.07
,,,,,18042,3,1652.62,12.89
,,,,,18042,6,1664.61,12.89
,,,,,18042,9,1673.24,12.89
,,,,,18042,12,1686.8,12.89
,,,,,18062,3,2316.69,30.48
,,,,,18062,6,2359.15,30.48
,,,,,18062,9,2353.07,30.48
,,,,,18062,12,2362.07,30.48
,,,,,18067,3,1651.4,4.65
,,,,,18067,6,1651.4,4.65
,,,,,18067,9,1651.4,4.65
,,,,,18067,12,1668.22,4.65
,,,,,18101,3,1611.86,10.07
,,,,,18101,6,1617.58,10.07
,,,,,18101,9,1623.46,10.07
,,,,,18101,12,1619.46,10.07
,,,,,18102,3,1441.03,5.68
,,,,,18102,6,1452.17,5.68
,,,,,18102,9,1459.05,5.68
,,,,,18102,12,1478.27,5.68
,,,,,18103,3,1617.38,9.51
,,,,,18103,6,1620.62,9.51
,,,,,18103,9,1625.26,9.51
,,,,,18103,12,1633.64,9.51
,,,,,18104,3,2262.23,9.72
,,,,,18104,6,2309.09,9.72
,,,,,18104,9,2345.73,9.72
,,,,,18104,12,2370.67,9.72
,,,,,18109,3,1655.4,10.08
,,,,,18109,6,1641.06,10.08
,,,,,18109,9,1663.12,10.08
,,,,,18109,12,1690.68,10.08
,,,,,18301,3,1840.65,3.52
,,,,,18301,6,1840.65,3.52
,,,,,18301,9,1840.65,3.52
,,,,,18301,12,1853.39,3.52
,,,,,18360,3,1675.47,13.52
,,,,,18360,6,1699.11,13.52
,,,,,18360,9,1696.92,13.52
,,,,,18360,12,1716.02,13.52
,,,,,18505,3,1166.96,9.61
,,,,,18505,6,1169.51,9.61
,,,,,18505,9,1184.48,9.61
,,,,,18505,12,1212.97,9.61
,,,,,18510,3,1151.19,0
,,,,,18510,6,1151.19,0
,,,,,18510,9,1151.19,0
,,,,,18510,12,1151.19,0
,,,,,18702,3,1194.62,5.18
,,,,,18702,6,1210.4,5.18
,,,,,18702,9,1201.35,5.18
,,,,,18702,12,1232.9,5.18
,,,,,18704,3,1408.54,13.96
,,,,,18704,6,1398.1,13.96
,,,,,18704,9,1407.64,13.96
,,,,,18704,12,1407.75,13.96
,,,,,18901,3,2383.33,36.36
,,,,,18901,6,2363.69,36.36
,,,,,18901,9,2360.17,36.36
,,,,,18901,12,2383.64,36.36
,,,,,18938,3,2799.6,0
,,,,,18938,6,2799.6,0
,,,,,18938,9,2799.6,0
,,,,,18938,12,2799.6,0
,,,,,18940,3,2524.95,23.18
,,,,,18940,6,2527.52,23.18
,,,,,18940,9,2559.83,23.18
,,,,,18940,12,2601.98,23.18
,,,,,18951,3,1644.62,17.69
,,,,,18951,6,1674.47,17.69
,,,,,18951,9,1669.27,17.69
,,,,,18951,12,1694.77,17.69
,,,,,19002,3,2132.03,0
,,,,,19002,6,2132.03,0
,,,,,19002,9,2132.03,0
,,,,,19002,12,2132.03,0
,,,,,19003,3,2051.51,17.22
,,,,,19003,6,2065.05,17.22
,,,,,19003,9,2072.17,17.22
,,,,,19003,12,2089.97,17.22
,,,,,19004,3,2201.93,25.3
,,,,,19004,6,2211.77,25.3
,,,,,19004,9,2216.82,25.3
,,,,,19004,12,2243.18,25.3
,,,,,19010,3,2193.45,25.74
,,,,,19010,6,2265.32,25.74
,,,,,19010,9,2269.96,25.74
,,,,,19010,12,2284.29,25.74
,,,,,19013,3,1320.33,7.18
,,,,,19013,6,1335.09,7.18
,,,,,19013,9,1344.14,7.18
,,,,,19013,12,1367.41,7.18
,,,,,19020,3,1761.23,14.51
,,,,,19020,6,1781.12,14.51
,,,,,19020,9,1786.64,14.51
,,,,,19020,12,1809.08,14.51
,,,,,19025,3,2841.56,22.98
,,,,,19025,6,2841.56,22.98
,,,,,19025,9,2841.56,22.98
,,,,,19025,12,2924.7,22.98
,,,,,19026,3,1614.62,24.98
,,,,,19026,6,1645.71,24.98
,,,,,19026,9,1662.88,24.98
,,,,,19026,12,1669.52,24.98
,,,,,19047,3,2526.17,10.36
,,,,,19047,6,2526.17,10.36
,,,,,19047,9,2504.92,10.36
,,,,,19047,12,2530.75,10.36
,,,,,19050,3,1437.11,6.2
,,,,,19050,6,1437.11,6.2
,,,,,19050,9,1437.11,6.2
,,,,,19050,12,1459.55,6.2
,,,,,19061,3,1703.34,17.06
,,,,,19061,6,1679.62,17.06
,,,,,19061,9,1747.78,17.06
,,,,,19061,12,1733.38,17.06
,,,,,19063,3,1894.42,14.57
,,,,,19063,6,1936.9,14.57
,,,,,19063,9,1959.25,14.57
,,,,,19063,12,2005.26,14.57
,,,,,19067,3,2566.6,16.65
,,,,,19067,6,2593.18,16.65
,,,,,19067,9,2634.34,16.65
,,,,,19067,12,2608.78,16.65
,,,,,19073,3,2728.51,26.4
,,,,,19073,6,2767.45,26.4
,,,,,19073,9,2787.43,26.4
,,,,,19073,12,2865.52,26.4
,,,,,19082,3,1341.98,8.69
,,,,,19082,6,1347.89,8.69
,,,,,19082,9,1360.82,8.69
,,,,,19082,12,1373.12,8.69
,,,,,19087,3,2187.45,12.47
,,,,,19087,6,2212.71,12.47
,,,,,19087,9,2237.8,12.47
,,,,,19087,12,2244.56,12.47
,,,,,19090,3,1818.81,15.14
,,,,,19090,6,1851.26,15.14
,,,,,19090,9,1860.76,15.14
,,,,,19090,12,1886.46,15.14
,,,,,19095,3,2016.14,20.87
,,,,,19095,6,2067.86,20.87
,,,,,19095,9,2092.46,20.87
,,,,,19095,12,2102.07,20.87
,,,,,19096,3,2211.45,35.46
,,,,,19096,6,2203.54,35.46
,,,,,19096,9,2236.54,35.46
,,,,,19096,12,2241.36,35.46
,,,,,19102,3,2185.66,9.6
,,,,,19102,6,2189.83,9.6
,,,,,19102,9,2203.88,9.6
,,,,,19102,12,2222,9.6
,,,,,19103,3,2096.65,6.88
,,,,,19103,6,2102.73,6.88
,,,,,19103,9,2113.26,6.88
,,,,,19103,12,2129,6.88
,,,,,19104,3,1590.64,6.45
,,,,,19104,6,1608.53,6.45
,,,,,19104,9,1619.23,6.45
,,,,,19104,12,1631.01,6.45
,,,,,19106,3,2149.66,8.28
,,,,,19106,6,2162.87,8.28
,,,,,19106,9,2172.5,8.28
,,,,,19106,12,2178.48,8.28
,,,,,19107,3,1912.77,7.19
,,,,,19107,6,1920.13,7.19
,,,,,19107,9,1933.84,7.19
,,,,,19107,12,1938.25,7.19
,,,,,19111,3,1408.35,9.69
,,,,,19111,6,1431.39,9.69
,,,,,19111,9,1455.19,9.69
,,,,,19111,12,1473.52,9.69
,,,,,19114,3,1497.4,11.48
,,,,,19114,6,1499.24,11.48
,,,,,19114,9,1498.72,11.48
,,,,,19114,12,1503.15,11.48
,,,,,19118,3,1776.67,17.59
,,,,,19118,6,1789.06,17.59
,,,,,19118,9,1780.61,17.59
,,,,,19118,12,1789.65,17.59
,,,,,19119,3,1402.67,8.84
,,,,,19119,6,1421.91,8.84
,,,,,19119,9,1424.11,8.84
,,,,,19119,12,1427.03,8.84
,,,,,19120,3,1360.41,16
,,,,,19120,6,1360.03,16
,,,,,19120,9,1375.32,16
,,,,,19120,12,1387.21,16
,,,,,19121,3,1603.18,9.16
,,,,,19121,6,1616.98,9.16
,,,,,19121,9,1621.95,9.16
,,,,,19121,12,1628.47,9.16
,,,,,19122,3,1911.52,6.92
,,,,,19122,6,1914.91,6.92
,,,,,19122,9,1924.72,6.92
,,,,,19122,12,1934.89,6.92
,,,,,19123,3,2053.28,6.38
,,,,,19123,6,2059.08,6.38
,,,,,19123,9,2076.64,6.38
,,,,,19123,12,2086.56,6.38
,,,,,19124,3,1134.4,5.26
,,,,,19124,6,1146.59,5.26
,,,,,19124,9,1159.75,5.26
,,,,,19124,12,1170.13,5.26
,,,,,19125,3,1802.21,9.6
,,,,,19125,6,1812.83,9.6
,,,,,19125,9,1827.61,9.6
,,,,,19125,12,1843.43,9.6
,,,,,19126,3,1261.27,0
,,,,,19126,6,1261.27,0
,,,,,19126,9,1261.27,0
,,,,,19126,12,1261.27,0
,,,,,19127,3,2178.91,8.5
,,,,,19127,6,2188.63,8.5
,,,,,19127,9,2214.07,8.5
,,,,,19127,12,2227.82,8.5
,,,,,19128,3,1744.94,7.58
,,,,,19128,6,1756.33,7.58
,,,,,19128,9,1770.05,7.58
,,,,,19128,12,1785.86,7.58
,,,,,19129,3,1765.56,11.32
,,,,,19129,6,1779.93,11.32
,,,,,19129,9,1790.5,11.32
,,,,,19129,12,1804.28,11.32
,,,,,19130,3,1921.35,6.51
,,,,,19130,6,1941.73,6.51
,,,,,19130,9,1956.45,6.51
,,,,,19130,12,1958.39,6.51
,,,,,19131,3,1584.26,8.9
,,,,,19131,6,1598.41,8.9
,,,,,19131,9,1610.69,8.9
,,,,,19131,12,1633.34,8.9
,,,,,19132,3,1373.42,11.63
,,,,,19132,6,1372.02,11.63
,,,,,19132,9,1379.82,11.63
,,,,,19132,12,1393.99,11.63
,,,,,19133,3,1510.01,18.71
,,,,,19133,6,1506.26,18.71
,,,,,19133,9,1523.26,18.71
,,,,,19133,12,1537.18,18.71
,,,,,19134,3,1314.44,3.61
,,,,,19134,6,1328.99,3.61
,,,,,19134,9,1341.89,3.61
,,,,,19134,12,1357.1,3.61
,,,,,19135,3,1355.4,7.65
,,,,,19135,6,1372.03,7.65
,,,,,19135,9,1380.5,7.65
,,,,,19135,12,1393.24,7.65
,,,,,19136,3,1321.31,12.27
,,,,,19136,6,1329.67,12.27
,,,,,19136,9,1348.28,12.27
,,,,,19136,12,1359.78,12.27
,,,,,19138,3,1485.56,31.6
,,,,,19138,6,1515.38,31.6
,,,,,19138,9,1544.51,31.6
,,,,,19138,12,1561.63,31.6
,,,,,19139,3,1363.5,5.68
,,,,,19139,6,1381.97,5.68
,,,,,19139,9,1386.12,5.68
,,,,,19139,12,1402.17,5.68
,,,,,19140,3,1329.74,7
,,,,,19140,6,1357.28,7
,,,,,19140,9,1362.9,7
,,,,,19140,12,1379.74,7
,,,,,19141,3,1199.45,11.16
,,,,,19141,6,1198.52,11.16
,,,,,19141,9,1217,11.16
,,,,,19141,12,1240.15,11.16
,,,,,19142,3,1365.62,17.43
,,,,,19142,6,1379.23,17.43
,,,,,19142,9,1391.16,17.43
,,,,,19142,12,1421.88,17.43
,,,,,19143,3,1381.31,8.88
,,,,,19143,6,1394.29,8.88
,,,,,19143,9,1403.52,8.88
,,,,,19143,12,1413.15,8.88
,,,,,19144,3,1407.31,9.26
,,,,,19144,6,1410.65,9.26
,,,,,19144,9,1427.29,9.26
,,,,,19144,12,1441.83,9.26
,,,,,19145,3,1609.13,6.79
,,,,,19145,6,1625,6.79
,,,,,19145,9,1638.15,6.79
,,,,,19145,12,1655.18,6.79
,,,,,19146,3,1855.04,8.99
,,,,,19146,6,1875.77,8.99
,,,,,19146,9,1890,8.99
,,,,,19146,12,1903.44,8.99
,,,,,19147,3,1828.73,9.79
,,,,,19147,6,1831.9,9.79
,,,,,19147,9,1848.99,9.79
,,,,,19147,12,1866.47,9.79
,,,,,19148,3,1583.15,6.83
,,,,,19148,6,1591.26,6.83
,,,,,19148,9,1606.73,6.83
,,,,,19148,12,1618.72,6.83
,,,,,19149,3,1526.83,11.11
,,,,,19149,6,1552.2,11.11
,,,,,19149,9,1555.05,11.11
,,,,,19149,12,1577.91,11.11
,,,,,19151,3,1291.95,14.31
,,,,,19151,6,1301.54,14.31
,,,,,19151,9,1309.05,14.31
,,,,,19151,12,1325.9,14.31
,,,,,19152,3,1520.65,14.81
,,,,,19152,6,1566.95,14.81
,,,,,19152,9,1582.5,14.81
,,,,,19152,12,1617.44,14.81
,,,,,19154,3,1769.37,17.35
,,,,,19154,6,1780.03,17.35
,,,,,19154,9,1768.54,17.35
,,,,,19154,12,1779.27,17.35
,,,,,19320,3,1646.39,24.96
,,,,,19320,6,1649.87,24.96
,,,,,19320,9,1665.27,24.96
,,,,,19320,12,1692.66,24.96
,,,,,19335,3,2049.27,11.6
,,,,,19335,6,2054.31,11.6
,,,,,19335,9,2073.76,11.6
,,,,,19335,12,2093.43,11.6
,,,,,19341,3,2274.52,10.3
,,,,,19341,6,2283.66,10.3
,,,,,19341,9,2293.04,10.3
,,,,,19341,12,2309.57,10.3
,,,,,19355,3,2243.17,12.66
,,,,,19355,6,2271.06,12.66
,,,,,19355,9,2280.86,12.66
,,,,,19355,12,2297.33,12.66
,,,,,19380,3,1937.68,7.81
,,,,,19380,6,1958.76,7.81
,,,,,19380,9,1978.99,7.81
,,,,,19380,12,1998.83,7.81
,,,,,19382,3,2215.47,14
,,,,,19382,6,2234.33,14
,,,,,19382,9,2252.74,14
,,,,,19382,12,2278.72,14
,,,,,19401,3,1612.23,6.18
,,,,,19401,6,1627.19,6.18
,,,,,19401,9,1644.03,6.18
,,,,,19401,12,1665.91,6.18
,,,,,19403,3,1870.49,18.2
,,,,,19403,6,1885.16,18.2
,,,,,19403,9,1860.97,18.2
,,,,,19403,12,1884.27,18.2
,,,,,19405,3,1704.32,17.44
,,,,,19405,6,1704.32,17.44
,,,,,19405,9,1704.32,17.44
,,,,,19405,12,1794.19,17.44
,,,,,19406,3,2107.62,7.34
,,,,,19406,6,2124.84,7.34
,,,,,19406,9,2136.16,7.34
,,,,,19406,12,2139.19,7.34
,,,,,19422,3,2495.82,25.37
,,,,,19422,6,2551.67,25.37
,,,,,19422,9,2565.18,25.37
,,,,,19422,12,2563.5,25.37
,,,,,19426,3,2437.74,23.72
,,,,,19426,6,2437.97,23.72
,,,,,19426,9,2479.41,23.72
,,,,,19426,12,2515.41,23.72
,,,,,19428,3,2332.48,16.65
,,,,,19428,6,2350.18,16.65
,,,,,19428,9,2368.31,16.65
,,,,,19428,12,2387.33,16.65
,,,,,19440,3,1468.77,19.29
,,,,,19440,6,1512.86,19.29
,,,,,19440,9,1555.46,19.29
,,,,,19440,12,1541.46,19.29
,,,,,19446,3,2053.22,14.13
,,,,,19446,6,2086.61,14.13
,,,,,19446,9,2105.79,14.13
,,,,,19446,12,2129.15,14.13
,,,,,19454,3,1757.66,9.45
,,,,,19454,6,1776.85,9.45
,,,,,19454,9,1794.8,9.45
,,,,,19454,12,1826.02,9.45
,,,,,19460,3,2008.96,7.64
,,,,,19460,6,2028.42,7.64
,,,,,19460,9,2047.63,7.64
,,,,,19460,12,2062.14,7.64
,,,,,19462,3,2185.37,17.13
,,,,,19462,6,2194.14,17.13
,,,,,19462,9,2208.4,17.13
,,,,,19462,12,2210.95,17.13
,,,,,19464,3,1674.47,16.82
,,,,,19464,6,1703.61,16.82
,,,,,19464,9,1723.51,16.82
,,,,,19464,12,1742.32,16.82
,,,,,19468,3,1967.26,16.99
,,,,,19468,6,2071.32,16.99
,,,,,19468,9,2055.44,16.99
,,,,,19468,12,2067.57,16.99
,,,,,19601,3,1153.54,9.02
,,,,,19601,6,1174.67,9.02
,,,,,19601,9,1183.4,9.02
,,,,,19601,12,1189.61,9.02
,,,,,19602,3,1127.35,7.17
,,,,,19602,6,1117.8,7.17
,,,,,19602,9,1128.25,7.17
,,,,,19602,12,1129.46,7.17
,,,,,19604,3,1240.76,4.06
,,,,,19604,6,1292.02,4.06
,,,,,19604,9,1340.34,4.06
,,,,,19604,12,1401.14,4.06
,,,,,19701,3,2304.29,16.61
,,,,,19701,6,2325.36,16.61
,,,,,19701,9,2343.06,16.61
,,,,,19701,12,2348.74,16.61
,,,,,19702,3,2014.85,12.53
,,,,,19702,6,2058.7,12.53
,,,,,19702,9,2156.71,12.53
,,,,,19702,12,2253.33,12.53
,,,,,19703,3,1554.59,8.82
,,,,,19703,6,1554.23,8.82
,,,,,19703,9,1529.83,8.82
,,,,,19703,12,1566.98,8.82
,,,,,19709,3,2544.57,19.55
,,,,,19709,6,2580.35,19.55
,,,,,19709,9,2569.78,19.55
,,,,,19709,12,2600.83,19.55
,,,,,19711,3,2298.72,12.38
,,,,,19711,6,2326.69,12.38
,,,,,19711,9,2376.11,12.38
,,,,,19711,12,2391.2,12.38
,,,,,19720,3,1632.63,14.85
,,,,,19720,6,1662.01,14.85
,,,,,19720,9,1668.76,14.85
,,,,,19720,12,1691.94,14.85
,,,,,19801,3,1764.61,14.46
,,,,,19801,6,1788.1,14.46
,,,,,19801,9,1798.82,14.46
,,,,,19801,12,1813.04,14.46
,,,,,19805,3,1495.32,12.26
,,,,,19805,6,1491.67,12.26
,,,,,19805,9,1498.86,12.26
,,,,,19805,12,1518.66,12.26
,,,,,19806,3,1810.88,15.76
,,,,,19806,6,1840.08,15.76
,,,,,19806,9,1836.86,15.76
,,,,,19806,12,1850.57,15.76
,,,,,19808,3,1859.07,10.24
,,,,,19808,6,1847.74,10.24
,,,,,19808,9,1892.01,10.24
,,,,,19808,12,1896.66,10.24
,,,,,19809,3,1534.75,5.78
,,,,,19809,6,1561.45,5.78
,,,,,19809,9,1577.75,5.78
,,,,,19809,12,1559.01,5.78
,,,,,19810,3,1916.72,30.02
,,,,,19810,6,1953.22,30.02
,,,,,19810,9,2000.21,30.02
,,,,,19810,12,1995.54,30.02
,,,,,19901,3,1628.2,10.75
,,,,,19901,6,1606.25,10.75
,,,,,19901,9,1648.09,10.75
,,,,,19901,12,1637.17,10.75
,,,,,19904,3,1610.74,11.94
,,,,,19904,6,1599.72,11.94
,,,,,19904,9,1631.78,11.94
,,,,,19904,12,1626.43,11.94
,,,,,19958,3,2123.22,20.36
,,,,,19958,6,2137.28,20.36
,,,,,19958,9,2117.94,20.36
,,,,,19958,12,2122.09,20.36
,,,,,20001,3,2721.7,6.54
,,,,,20001,6,2744.04,6.54
,,,,,20001,9,2747.87,6.54
,,,,,20001,12,2764.56,6.54
,,,,,20002,3,2470.42,4.58
,,,,,20002,6,2488.98,4.58
,,,,,20002,9,2509.17,4.58
,,,,,20002,12,2527.65,4.58
,,,,,20003,3,2643.16,9.95
,,,,,20003,6,2648.94,9.95
,,,,,20003,9,2659.75,9.95
,,,,,20003,12,2657.86,9.95
,,,,,20004,3,2583.83,62.87
,,,,,20004,6,2603.02,62.87
,,,,,20004,9,2573.52,62.87
,,,,,20004,12,2499.35,62.87
,,,,,20005,3,2546.62,7.49
,,,,,20005,6,2552.62,7.49
,,,,,20005,9,2560.94,7.49
,,,,,20005,12,2569.28,7.49
,,,,,20006,3,1887.14,14.84
,,,,,20006,6,1890.75,14.84
,,,,,20006,9,1894.99,14.84
,,,,,20006,12,1902.6,14.84
,,,,,20007,3,2620.47,12.08
,,,,,20007,6,2654.07,12.08
,,,,,20007,9,2693.92,12.08
,,,,,20007,12,2720.7,12.08
,,,,,20008,3,2215.63,14.72
,,,,,20008,6,2219.54,14.72
,,,,,20008,9,2225.19,14.72
,,,,,20008,12,2238.03,14.72
,,,,,20009,3,2599.24,5.12
,,,,,20009,6,2614.9,5.12
,,,,,20009,9,2613.78,5.12
,,,,,20009,12,2617.03,5.12
,,,,,20010,3,2274.54,20.16
,,,,,20010,6,2294.69,20.16
,,,,,20010,9,2308.3,20.16
,,,,,20010,12,2308.48,20.16
,,,,,20011,3,2311.39,15.76
,,,,,20011,6,2339.86,15.76
,,,,,20011,9,2345.75,15.76
,,,,,20011,12,2365.85,15.76
,,,,,20012,3,2103.63,17.51
,,,,,20012,6,2093.88,17.51
,,,,,20012,9,2132.59,17.51
,,,,,20012,12,2148.33,17.51
,,,,,20015,3,2077.79,27.94
,,,,,20015,6,2125.26,27.94
,,,,,20015,9,2153.96,27.94
,,,,,20015,12,2158.38,27.94
,,,,,20016,3,2877.58,14.8
,,,,,20016,6,2893.58,14.8
,,,,,20016,9,2919.95,14.8
,,,,,20016,12,2934.68,14.8
,,,,,20017,3,2204.43,9.77
,,,,,20017,6,2193.2,9.77
,,,,,20017,9,2218.25,9.77
,,,,,20017,12,2245.34,9.77
,,,,,20018,3,2183.55,13.94
,,,,,20018,6,2170.14,13.94
,,,,,20018,9,2190.75,13.94
,,,,,20018,12,2188.03,13.94
,,,,,20019,3,1995.9,20.35
,,,,,20019,6,1971.95,20.35
,,,,,20019,9,1994.65,20.35
,,,,,20019,12,2010.91,20.35
,,,,,20020,3,2054.42,12.69
,,,,,20020,6,2062.81,12.69
,,,,,20020,9,2075.96,12.69
,,,,,20020,12,2095.51,12.69
,,,,,20024,3,2480.45,8.99
,,,,,20024,6,2483.57,8.99
,,,,,20024,9,2481.18,8.99
,,,,,20024,12,2497.83,8.99
,,,,,20032,3,1448.9,23.14
,,,,,20032,6,1441.68,23.14
,,,,,20032,9,1447.97,23.14
,,,,,20032,12,1505.83,23.14
,,,,,20036,3,2304.71,7.76
,,,,,20036,6,2328.4,7.76
,,,,,20036,9,2336.58,7.76
,,,,,20036,12,2342.13,7.76
,,,,,20037,3,2765.64,10.19
,,,,,20037,6,2772.5,10.19
,,,,,20037,9,2777.13,10.19
,,,,,20037,12,2780.05,10.19
,,,,,20105,3,3129.7,37.89
,,,,,20105,6,3288.68,37.89
,,,,,20105,9,3310.16,37.89
,,,,,20105,12,3392.34,37.89
,,,,,20109,3,2041.36,10.86
,,,,,20109,6,2049.75,10.86
,,,,,20109,9,2070.15,10.86
,,,,,20109,12,2088.15,10.86
,,,,,20110,3,2139.46,24.48
,,,,,20110,6,2122.64,24.48
,,,,,20110,9,2151.31,24.48
,,,,,20110,12,2166.37,24.48
,,,,,20111,3,2146.26,24.98
,,,,,20111,6,2164.9,24.98
,,,,,20111,9,2167.36,24.98
,,,,,20111,12,2200.73,24.98
,,,,,20120,3,2410.52,7.48
,,,,,20120,6,2420.01,7.48
,,,,,20120,9,2445.99,7.48
,,,,,20120,12,2454.46,7.48
,,,,,20121,3,2577.72,11.9
,,,,,20121,6,2608.21,11.9
,,,,,20121,9,2633.41,11.9
,,,,,20121,12,2651.91,11.9
,,,,,20136,3,2320.06,0
,,,,,20136,6,2320.06,0
,,,,,20136,9,2320.06,0
,,,,,20136,12,2320.06,0
,,,,,20147,3,2664.02,12.42
,,,,,20147,6,2680.45,12.42
,,,,,20147,9,2703.75,12.42
,,,,,20147,12,2724.1,12.42
,,,,,20148,3,2960.99,6.3
,,,,,20148,6,2982.11,6.3
,,,,,20148,9,3012.28,6.3
,,,,,20148,12,3039.71,6.3
,,,,,20152,3,3077.84,36.93
,,,,,20152,6,3091.21,36.93
,,,,,20152,9,3119.66,36.93
,,,,,20152,12,3167.27,36.93
,,,,,20155,3,2894.01,39.95
,,,,,20155,6,2895.28,39.95
,,,,,20155,9,2971.78,39.95
,,,,,20155,12,3011.6,39.95
,,,,,20164,3,2570.81,26.28
,,,,,20164,6,2592.52,26.28
,,,,,20164,9,2638.92,26.28
,,,,,20164,12,2644.87,26.28
,,,,,20165,3,2557.61,9.66
,,,,,20165,6,2570.86,9.66
,,,,,20165,9,2580.98,9.66
,,,,,20165,12,2608.29,9.66
,,,,,20166,3,2726.65,28.58
,,,,,20166,6,2748.05,28.58
,,,,,20166,9,2763.06,28.58
,,,,,20166,12,2797.8,28.58
,,,,,20170,3,2486.73,13.66
,,,,,20170,6,2523.97,13.66
,,,,,20170,9,2570.12,13.66
,,,,,20170,12,2604.58,13.66
,,,,,20171,3,2319.38,6.62
,,,,,20171,6,2333.93,6.62
,,,,,20171,9,2349.4,6.62
,,,,,20171,12,2371.28,6.62
,,,,,20175,3,2279.3,15.81
,,,,,20175,6,2303.08,15.81
,,,,,20175,9,2324.73,15.81
,,,,,20175,12,2346.3,15.81
,,,,,20176,3,2461.25,28.99
,,,,,20176,6,2502.93,28.99
,,,,,20176,9,2520.51,28.99
,,,,,20176,12,2550.11,28.99
,,,,,20190,3,2568.87,10.2
,,,,,20190,6,2585.66,10.2
,,,,,20190,9,2603.8,10.2
,,,,,20190,12,2611.94,10.2
,,,,,20191,3,2365.85,14.04
,,,,,20191,6,2388.02,14.04
,,,,,20191,9,2402.31,14.04
,,,,,20191,12,2419.76,14.04
,,,,,20194,3,2561.29,24.32
,,,,,20194,6,2632.92,24.32
,,,,,20194,9,2676.74,24.32
,,,,,20194,12,2706.88,24.32
,,,,,20601,3,2322.55,18.46
,,,,,20601,6,2338.16,18.46
,,,,,20601,9,2348.47,18.46
,,,,,20601,12,2394.63,18.46
,,,,,20603,3,2317.36,17.31
,,,,,20603,6,2345.83,17.31
,,,,,20603,9,2368.87,17.31
,,,,,20603,12,2392.41,17.31
,,,,,20653,3,1701.5,8.76
,,,,,20653,6,1704.66,8.76
,,,,,20653,9,1726.21,8.76
,,,,,20653,12,1729.18,8.76
,,,,,20705,3,1659.38,18.61
,,,,,20705,6,1642.07,18.61
,,,,,20705,9,1659.43,18.61
,,,,,20705,12,1655.28,18.61
,,,,,20706,3,1958.85,30.92
,,,,,20706,6,1848.3,30.92
,,,,,20706,9,1841.26,30.92
,,,,,20706,12,1903.36,30.92
,,,,,20707,3,1893.9,13.82
,,,,,20707,6,1907.9,13.82
,,,,,20707,9,1920.49,13.82
,,,,,20707,12,1938.15,13.82
,,,,,20708,3,1723.59,8.86
,,,,,20708,6,1722.56,8.86
,,,,,20708,9,1723.72,8.86
,,,,,20708,12,1722.4,8.86
,,,,,20715,3,2322.03,17.35
,,,,,20715,6,2336.41,17.35
,,,,,20715,9,2309.37,17.35
,,,,,20715,12,2308.63,17.35
,,,,,20716,3,2363.86,16.23
,,,,,20716,6,2384.31,16.23
,,,,,20716,9,2402.66,16.23
,,,,,20716,12,2403.88,16.23
,,,,,20721,3,2486.55,29.38
,,,,,20721,6,2542.48,29.38
,,,,,20721,9,2591.9,29.38
,,,,,20721,12,2591.8,29.38
,,,,,20723,3,2262.93,17.68
,,,,,20723,6,2279.09,17.68
,,,,,20723,9,2317.68,17.68
,,,,,20723,12,2324.14,17.68
,,,,,20724,3,2281.79,10.3
,,,,,20724,6,2293.41,10.3
,,,,,20724,9,2323.4,10.3
,,,,,20724,12,2337.01,10.3
,,,,,20737,3,2100.16,19.94
,,,,,20737,6,2124.2,19.94
,,,,,20737,9,2169.19,19.94
,,,,,20737,12,2167.02,19.94
,,,,,20740,3,2064.9,10.66
,,,,,20740,6,2068.66,10.66
,,,,,20740,9,2081.04,10.66
,,,,,20740,12,2094.93,10.66
,,,,,20743,3,1884.73,18.46
,,,,,20743,6,1894.86,18.46
,,,,,20743,9,1923.13,18.46
,,,,,20743,12,1939.35,18.46
,,,,,20744,3,1823.11,11.39
,,,,,20744,6,1828.65,11.39
,,,,,20744,9,1830.82,11.39
,,,,,20744,12,1829.4,11.39
,,,,,20745,3,2238.72,14.34
,,,,,20745,6,2255.13,14.34
,,,,,20745,9,2281.94,14.34
,,,,,20745,12,2311.92,14.34
,,,,,20746,3,1942.47,9.62
,,,,,20746,6,1956.04,9.62
,,,,,20746,9,1958.63,9.62
,,,,,20746,12,1972.75,9.62
,,,,,20747,3,1608.89,4.85
,,,,,20747,6,1620.45,4.85
,,,,,20747,9,1605.45,4.85
,,,,,20747,12,1592.25,4.85
,,,,,20748,3,1514.52,17.85
,,,,,20748,6,1563.44,17.85
,,,,,20748,9,1599.26,17.85
,,,,,20748,12,1607.7,17.85
,,,,,20770,3,2110.47,16.4
,,,,,20770,6,2127.81,16.4
,,,,,20770,9,2142.89,16.4
,,,,,20770,12,2148.76,16.4
,,,,,20772,3,2683.18,32.83
,,,,,20772,6,2739.39,32.83
,,,,,20772,9,2731.65,32.83
,,,,,20772,12,2770.17,32.83
,,,,,20774,3,2130.27,18.96
,,,,,20774,6,2165.13,18.96
,,,,,20774,9,2196.13,18.96
,,,,,20774,12,2207.9,18.96
,,,,,20782,3,1874.93,8.36
,,,,,20782,6,1886.41,8.36
,,,,,20782,9,1899.76,8.36
,,,,,20782,12,1905.49,8.36
,,,,,20783,3,1811.47,30.33
,,,,,20783,6,1891.85,30.33
,,,,,20783,9,1906.16,30.33
,,,,,20783,12,1915.06,30.33
,,,,,20784,3,1510.11,15.03
,,,,,20784,6,1510.69,15.03
,,,,,20784,9,1515.75,15.03
,,,,,20784,12,1522.94,15.03
,,,,,20785,3,2097.73,17.68
,,,,,20785,6,2104.88,17.68
,,,,,20785,9,2117.57,17.68
,,,,,20785,12,2126.61,17.68
,,,,,20814,3,2919.47,6.8
,,,,,20814,6,2937.86,6.8
,,,,,20814,9,2948.9,6.8
,,,,,20814,12,2966.87,6.8
,,,,,20815,3,2859.71,17.36
,,,,,20815,6,2880.5,17.36
,,,,,20815,9,2888.6,17.36
,,,,,20815,12,2896.19,17.36
,,,,,20816,3,3534.62,58.76
,,,,,20816,6,3795.6,58.76
,,,,,20816,9,3917.04,58.76
,,,,,20816,12,3877.88,58.76
,,,,,20817,3,3229.2,13.47
,,,,,20817,6,3250.62,13.47
,,,,,20817,9,3255.93,13.47
,,,,,20817,12,3274.83,13.47
,,,,,20850,3,2497.38,9.03
,,,,,20850,6,2509.57,9.03
,,,,,20850,9,2517.58,9.03
,,,,,20850,12,2533.93,9.03
,,,,,20851,3,2865.83,56.23
,,,,,20851,6,2886.1,56.23
,,,,,20851,9,2880.64,56.23
,,,,,20851,12,2960.06,56.23
,,,,,20852,3,2377.19,6.23
,,,,,20852,6,2400.46,6.23
,,,,,20852,9,2417.48,6.23
,,,,,20852,12,2428.83,6.23
,,,,,20854,3,4167.6,45.05
,,,,,20854,6,4185.79,45.05
,,,,,20854,9,4274.4,45.05
,,,,,20854,12,4322.96,45.05
,,,,,20855,3,2186.31,14.82
,,,,,20855,6,2210.62,14.82
,,,,,20855,9,2238.76,14.82
,,,,,20855,12,2200.21,14.82
,,,,,20874,3,2082.9,10.28
,,,,,20874,6,2110.06,10.28
,,,,,20874,9,2129.09,10.28
,,,,,20874,12,2152.73,10.28
,,,,,20876,3,2262.71,28.38
,,,,,20876,6,2274.77,28.38
,,,,,20876,9,2302.17,28.38
,,,,,20876,12,2317.95,28.38
,,,,,20877,3,2077.89,11.56
,,,,,20877,6,2091.21,11.56
,,,,,20877,9,2101.99,11.56
,,,,,20877,12,2115.74,11.56
,,,,,20878,3,2337.94,12.54
,,,,,20878,6,2350.24,12.54
,,,,,20878,9,2366.71,12.54
,,,,,20878,12,2387.99,12.54
,,,,,20886,3,2385.7,33.01
,,,,,20886,6,2370.82,33.01
,,,,,20886,9,2393.1,33.01
,,,,,20886,12,2419.15,33.01
,,,,,20901,3,2399.52,40.32
,,,,,20901,6,2295.98,40.32
,,,,,20901,9,2254.2,40.32
,,,,,20901,12,2238.28,40.32
,,,,,20902,3,2103.33,11.9
,,,,,20902,6,2121.32,11.9
,,,,,20902,9,2134.04,11.9
,,,,,20902,12,2150.53,11.9
,,,,,20903,3,1670.07,6.64
,,,,,20903,6,1657.46,6.64
,,,,,20903,9,1662.55,6.64
,,,,,20903,12,1649.93,6.64
,,,,,20904,3,2016.02,8.89
,,,,,20904,6,2023.71,8.89
,,,,,20904,9,2047.18,8.89
,,,,,20904,12,2074.82,8.89
,,,,,20906,3,1947.4,10.85
,,,,,20906,6,1964.77,10.85
,,,,,20906,9,1980.6,10.85
,,,,,20906,12,1999.97,10.85
,,,,,20910,3,2062.52,6.53
,,,,,20910,6,2075.32,6.53
,,,,,20910,9,2085.23,6.53
,,,,,20910,12,2089.93,6.53
,,,,,20912,3,1636.84,21.15
,,,,,20912,6,1643.48,21.15
,,,,,20912,9,1681.16,21.15
,,,,,20912,12,1665.67,21.15
,,,,,21001,3,1825.28,13.18
,,,,,21001,6,1841.5,13.18
,,,,,21001,9,1846.24,13.18
,,,,,21001,12,1865.23,13.18
,,,,,21009,3,1862.57,16.29
,,,,,21009,6,1867.4,16.29
,,,,,21009,9,1874,16.29
,,,,,21009,12,1881.29,16.29
,,,,,21014,3,1870.66,0
,,,,,21014,6,1870.66,0
,,,,,21014,9,1870.66,0
,,,,,21014,12,1870.66,0
,,,,,21015,3,2074.24,27.66
,,,,,21015,6,2066.13,27.66
,,,,,21015,9,2035.5,27.66
,,,,,21015,12,2099.74,27.66
,,,,,21030,3,1614.3,14.02
,,,,,21030,6,1606.52,14.02
,,,,,21030,9,1603.08,14.02
,,,,,21030,12,1616.89,14.02
,,,,,21040,3,1629.62,13.07
,,,,,21040,6,1639.21,13.07
,,,,,21040,9,1640.19,13.07
,,,,,21040,12,1649.35,13.07
,,,,,21042,3,2672.22,12.32
,,,,,21042,6,2672.22,12.32
,,,,,21042,9,2672.22,12.32
,,,,,21042,12,2716.79,12.32
,,,,,21043,3,2328.69,8.68
,,,,,21043,6,2346.79,8.68
,,,,,21043,9,2351.69,8.68
,,,,,21043,12,2366.23,8.68
,,,,,21044,3,2279.86,10.19
,,,,,21044,6,2297.68,10.19
,,,,,21044,9,2312.1,10.19
,,,,,21044,12,2331.15,10.19
,,,,,21045,3,2414.21,24.77
,,,,,21045,6,2425.3,24.77
,,,,,21045,9,2446.28,24.77
,,,,,21045,12,2464.93,24.77
,,,,,21046,3,2116.2,15.62
,,,,,21046,6,2114.82,15.62
,,,,,21046,9,2119.82,15.62
,,,,,21046,12,2134.52,15.62
,,,,,21054,3,2213.84,36.28
,,,,,21054,6,2174.93,36.28
,,,,,21054,9,2210.57,36.28
,,,,,21054,12,2138.36,36.28
,,,,,21060,3,2399.43,13.09
,,,,,21060,6,2430.97,13.09
,,,,,21060,9,2459.22,13.09
,,,,,21060,12,2473.39,13.09
,,,,,21061,3,1659.12,6.9
,,,,,21061,6,1667.13,6.9
,,,,,21061,9,1673.32,6.9
,,,,,21061,12,1673.29,6.9
,,,,,21075,3,2372.26,5.63
,,,,,21075,6,2394.27,5.63
,,,,,21075,9,2407.8,5.63
,,,,,21075,12,2418.02,5.63
,,,,,21076,3,2482.22,11.67
,,,,,21076,6,2493.41,11.67
,,,,,21076,9,2506.89,11.67
,,,,,21076,12,2521.1,11.67
,,,,,21078,3,1672.31,14.46
,,,,,21078,6,1671.74,14.46
,,,,,21078,9,1722.62,14.46
,,,,,21078,12,1731.89,14.46
,,,,,21113,3,2424.33,14.43
,,,,,21113,6,2444.07,14.43
,,,,,21113,9,2463.23,14.43
,,,,,21113,12,2483.33,14.43
,,,,,21114,3,2428.59,14.56
,,,,,21114,6,2446.93,14.56
,,,,,21114,9,2460.2,14.56
,,,,,21114,12,2493.65,14.56
,,,,,21117,3,1845.7,9.79
,,,,,21117,6,1864.52,9.79
,,,,,21117,9,1872.25,9.79
,,,,,21117,12,1886.46,9.79
,,,,,21122,3,2588.2,13.44
,,,,,21122,6,2603.25,13.44
,,,,,21122,9,2625.36,13.44
,,,,,21122,12,2633.33,13.44
,,,,,21133,3,1481.41,9.73
,,,,,21133,6,1478.59,9.73
,,,,,21133,9,1473.88,9.73
,,,,,21133,12,1469.53,9.73
,,,,,21136,3,1457.83,9.9
,,,,,21136,6,1453.89,9.9
,,,,,21136,9,1440.07,9.9
,,,,,21136,12,1444.89,9.9
,,,,,21144,3,2097.6,22.35
,,,,,21144,6,2117.71,22.35
,,,,,21144,9,2123.16,22.35
,,,,,21144,12,2128.67,22.35
,,,,,21157,3,1691.35,8.75
,,,,,21157,6,1709.7,8.75
,,,,,21157,9,1742.54,8.75
,,,,,21157,12,1757.2,8.75
,,,,,21201,3,1502.58,5.7
,,,,,21201,6,1504.28,5.7
,,,,,21201,9,1509.66,5.7
,,,,,21201,12,1516.12,5.7
,,,,,21202,3,1737.19,7.9
,,,,,21202,6,1743.08,7.9
,,,,,21202,9,1751.18,7.9
,,,,,21202,12,1761.14,7.9
,,,,,21204,3,1915.04,11.68
,,,,,21204,6,1921.16,11.68
,,,,,21204,9,1933.39,11.68
,,,,,21204,12,1939.55,11.68
,,,,,21205,3,1560.61,27.32
,,,,,21205,6,1547.76,27.32
,,,,,21205,9,1577.4,27.32
,,,,,21205,12,1617.26,27.32
,,,,,21206,3,1654.45,18.2
,,,,,21206,6,1674,18.2
,,,,,21206,9,1699.41,18.2
,,,,,21206,12,1707.48,18.2
,,,,,21207,3,1391.78,5.52
,,,,,21207,6,1396.84,5.52
,,,,,21207,9,1397.32,5.52
,,,,,21207,12,1401.15,5.52
,,,,,21208,3,2005.94,14.04
,,,,,21208,6,2020.11,14.04
,,,,,21208,9,2030.09,14.04
,,,,,21208,12,2046.37,14.04
,,,,,21209,3,1776.35,8.33
,,,,,21209,6,1791.28,8.33
,,,,,21209,9,1793.82,8.33
,,,,,21209,12,1789.47,8.33
,,,,,21210,3,2394.57,21.14
,,,,,21210,6,2404.2,21.14
,,,,,21210,9,2418.44,21.14
,,,,,21210,12,2423.44,21.14
,,,,,21211,3,2082.44,18.21
,,,,,21211,6,2093.46,18.21
,,,,,21211,9,2098.05,18.21
,,,,,21211,12,2119.69,18.21
,,,,,21212,3,1808.95,17.46
,,,,,21212,6,1819.52,17.46
,,,,,21212,9,1827.99,17.46
,,,,,21212,12,1828.82,17.46
,,,,,21213,3,1665.83,17.52
,,,,,21213,6,1675.03,17.52
,,,,,21213,9,1696.8,17.52
,,,,,21213,12,1719.88,17.52
,,,,,21214,3,1801.67,4.03
,,,,,21214,6,1846.92,4.03
,,,,,21214,9,1891.67,4.03
,,,,,21214,12,1960.23,4.03
,,,,,21215,3,1350.64,8.01
,,,,,21215,6,1365.52,8.01
,,,,,21215,9,1376.7,8.01
,,,,,21215,12,1390.23,8.01
,,,,,21216,3,1617.19,14.72
,,,,,21216,6,1635.93,14.72
,,,,,21216,9,1643.82,14.72
,,,,,21216,12,1663.1,14.72
,,,,,21217,3,1481,11.41
,,,,,21217,6,1498.16,11.41
,,,,,21217,9,1502.5,11.41
,,,,,21217,12,1512.87,11.41
,,,,,21218,3,1463.55,10.2
,,,,,21218,6,1468.73,10.2
,,,,,21218,9,1480.94,10.2
,,,,,21218,12,1504.73,10.2
,,,,,21220,3,1752.61,5.88
,,,,,21220,6,1765.38,5.88
,,,,,21220,9,1783.28,5.88
,,,,,21220,12,1794.63,5.88
,,,,,21221,3,1542.47,7.83
,,,,,21221,6,1545.27,7.83
,,,,,21221,9,1549.89,7.83
,,,,,21221,12,1549.62,7.83
,,,,,21222,3,1367.41,8.7
,,,,,21222,6,1371.81,8.7
,,,,,21222,9,1377.07,8.7
,,,,,21222,12,1389.55,8.7
,,,,,21223,3,1419.22,12.52
,,,,,21223,6,1421.53,12.52
,,,,,21223,9,1425.5,12.52
,,,,,21223,12,1445.35,12.52
,,,,,21224,3,2007.53,5.6
,,,,,21224,6,2025.71,5.6
,,,,,21224,9,2043.69,5.6
,,,,,21224,12,2051.75,5.6
,,,,,21225,3,1355.78,8.56
,,,,,21225,6,1381.1,8.56
,,,,,21225,9,1398.01,8.56
,,,,,21225,12,1418.16,8.56
,,,,,21227,3,1650.35,24.33
,,,,,21227,6,1674.36,24.33
,,,,,21227,9,1611,24.33
,,,,,21227,12,1679.86,24.33
,,,,,21228,3,1649.43,14.37
,,,,,21228,6,1661.7,14.37
,,,,,21228,9,1682.18,14.37
,,,,,21228,12,1686.85,14.37
,,,,,21229,3,1568.02,13.03
,,,,,21229,6,1568.8,13.03
,,,,,21229,9,1587,13.03
,,,,,21229,12,1587.13,13.03
,,,,,21230,3,2130.55,14.38
,,,,,21230,6,2139.83,14.38
,,,,,21230,9,2169.51,14.38
,,,,,21230,12,2156.04,14.38
,,,,,21231,3,2238.24,11.63
,,,,,21231,6,2241.83,11.63
,,,,,21231,9,2263.49,11.63
,,,,,21231,12,2285.23,11.63
,,,,,21234,3,1540.37,7.5
,,,,,21234,6,1548.44,7.5
,,,,,21234,9,1556.04,7.5
,,,,,21234,12,1564.28,7.5
,,,,,21236,3,1667.48,4.23
,,,,,21236,6,1672.62,4.23
,,,,,21236,9,1672.42,4.23
,,,,,21236,12,1678.11,4.23
,,,,,21237,3,1494.46,13.74
,,,,,21237,6,1520.94,13.74
,,,,,21237,9,1533.23,13.74
,,,,,21237,12,1532.38,13.74
,,,,,21239,3,1480.87,9.33
,,,,,21239,6,1486.17,9.33
,,,,,21239,9,1488.29,9.33
,,,,,21239,12,1492.66,9.33
,,,,,21244,3,1482.45,7.98
,,,,,21244,6,1486.11,7.98
,,,,,21244,9,1490.15,7.98
,,,,,21244,12,1496.3,7.98
,,,,,21286,3,1652.64,9.8
,,,,,21286,6,1667.01,9.8
,,,,,21286,9,1672.57,9.8
,,,,,21286,12,1677.14,9.8
,,,,,21401,3,2325.27,13.07
,,,,,21401,6,2352.99,13.07
,,,,,21401,9,2365.53,13.07
,,,,,21401,12,2383.94,13.07
,,,,,21403,3,2102.58,12.53
,,,,,21403,6,2128.43,12.53
,,,,,21403,9,2138.32,12.53
,,,,,21403,12,2147.67,12.53
,,,,,21502,3,957.81,7.77
,,,,,21502,6,976.15,7.77
,,,,,21502,9,995.67,7.77
,,,,,21502,12,1019.91,7.77
,,,,,21701,3,2115.02,12.95
,,,,,21701,6,2126.26,12.95
,,,,,21701,9,2154.33,12.95
,,,,,21701,12,2163.3,12.95
,,,,,21702,3,1934.95,9.81
,,,,,21702,6,1963.45,9.81
,,,,,21702,9,1989.79,9.81
,,,,,21702,12,2000.03,9.81
,,,,,21703,3,2336.46,12.15
,,,,,21703,6,2368.68,12.15
,,,,,21703,9,2389.56,12.15
,,,,,21703,12,2419.44,12.15
,,,,,21704,3,2648.56,38.49
,,,,,21704,6,2572.2,38.49
,,,,,21704,9,2550.89,38.49
,,,,,21704,12,2607,38.49
,,,,,21740,3,1207.57,10.18
,,,,,21740,6,1213.05,10.18
,,,,,21740,9,1221.66,10.18
,,,,,21740,12,1236.1,10.18
,,,,,21742,3,1519.51,11.56
,,,,,21742,6,1528.54,11.56
,,,,,21742,9,1560.51,11.56
,,,,,21742,12,1578.25,11.56
,,,,,21804,3,1579.69,20.53
,,,,,21804,6,1594.74,20.53
,,,,,21804,9,1617.68,20.53
,,,,,21804,12,1637.5,20.53
,,,,,21901,3,1677.77,14.61
,,,,,21901,6,1680.63,14.61
,,,,,21901,9,1685.95,14.61
,,,,,21901,12,1694.45,14.61
,,,,,21921,3,1852.91,15.01
,,,,,21921,6,1852.73,15.01
,,,,,21921,9,1878.21,15.01
,,,,,21921,12,1877.01,15.01
,,,,,22003,3,2357.98,17.54
,,,,,22003,6,2362.97,17.54
,,,,,22003,9,2379.28,17.54
,,,,,22003,12,2421.06,17.54
,,,,,22015,3,2877.34,30.78
,,,,,22015,6,2928.14,30.78
,,,,,22015,9,2939.03,30.78
,,,,,22015,12,2978.86,30.78
,,,,,22026,3,2833.2,37.04
,,,,,22026,6,2990.81,37.04
,,,,,22026,9,2935.88,37.04
,,,,,22026,12,3024,37.04
,,,,,22030,3,2444.62,6.35
,,,,,22030,6,2452.19,6.35
,,,,,22030,9,2467.64,6.35
,,,,,22030,12,2484.36,6.35
,,,,,22031,3,2482.62,7
,,,,,22031,6,2493.05,7
,,,,,22031,9,2513.47,7
,,,,,22031,12,2524.18,7
,,,,,22033,3,2434.02,8.37
,,,,,22033,6,2473.98,8.37
,,,,,22033,9,2505.89,8.37
,,,,,22033,12,2540.94,8.37
,,,,,22041,3,2254.22,15.4
,,,,,22041,6,2279.33,15.4
,,,,,22041,9,2300.39,15.4
,,,,,22041,12,2323.84,15.4
,,,,,22042,3,2681.09,13.72
,,,,,22042,6,2706.44,13.72
,,,,,22042,9,2731.89,13.72
,,,,,22042,12,2749.33,13.72
,,,,,22043,3,2421.62,14.65
,,,,,22043,6,2444.21,14.65
,,,,,22043,9,2460.42,14.65
,,,,,22043,12,2487.88,14.65
,,,,,22044,3,2232.15,18.16
,,,,,22044,6,2244.79,18.16
,,,,,22044,9,2240.1,18.16
,,,,,22044,12,2259.64,18.16
,,,,,22046,3,2833.26,18.65
,,,,,22046,6,2835.56,18.65
,,,,,22046,9,2841.69,18.65
,,,,,22046,12,2852.06,18.65
,,,,,22079,3,2388.73,17.3
,,,,,22079,6,2439.3,17.3
,,,,,22079,9,2441.04,17.3
,,,,,22079,12,2468.66,17.3
,,,,,22101,3,4314.89,43.26
,,,,,22101,6,4629.95,43.26
,,,,,22101,9,4877.96,43.26
,,,,,22101,12,5129.39,43.26
,,,,,22102,3,2619.82,5.41
,,,,,22102,6,2634.42,5.41
,,,,,22102,9,2641.03,5.41
,,,,,22102,12,2660.02,5.41
,,,,,22124,3,2749.2,0
,,,,,22124,6,2749.2,0
,,,,,22124,9,2749.2,0
,,,,,22124,12,2749.2,0
,,,,,22153,3,3055.85,0
,,,,,22153,6,3055.85,0
,,,,,22153,9,3055.85,0
,,,,,22153,12,3055.85,0
,,,,,22180,3,2818.47,37.1
,,,,,22180,6,2846.86,37.1
,,,,,22180,9,2857.35,37.1
,,,,,22180,12,2956.62,37.1
,,,,,22182,3,2700.86,28.94
,,,,,22182,6,2704.2,28.94
,,,,,22182,9,2742.35,28.94
,,,,,22182,12,2754.25,28.94
,,,,,22191,3,2186.41,6.89
,,,,,22191,6,2207.64,6.89
,,,,,22191,9,2229.67,6.89
,,,,,22191,12,2254,6.89
,,,,,22192,3,2203.4,7.62
,,,,,22192,6,2223.55,7.62
,,,,,22192,9,2237.01,7.62
,,,,,22192,12,2261.12,7.62
,,,,,22193,3,2252.85,17.96
,,,,,22193,6,2278.89,17.96
,,,,,22193,9,2289.71,17.96
,,,,,22193,12,2311.05,17.96
,,,,,22201,3,2753.58,9.8
,,,,,22201,6,2756.44,9.8
,,,,,22201,9,2784.56,9.8
,,,,,22201,12,2788,9.8
,,,,,22202,3,2680.49,9.52
,,,,,22202,6,2692.24,9.52
,,,,,22202,9,2705.78,9.52
,,,,,22202,12,2726.53,9.52
,,,,,22203,3,2942.65,8.86
,,,,,22203,6,2954.05,8.86
,,,,,22203,9,2955.4,8.86
,,,,,22203,12,2967.79,8.86
,,,,,22204,3,2231.51,9.79
,,,,,22204,6,2247.09,9.79
,,,,,22204,9,2261.94,9.79
,,,,,22204,12,2278.3,9.79
,,,,,22206,3,2326.62,8.76
,,,,,22206,6,2349.58,8.76
,,,,,22206,9,2369.59,8.76
,,,,,22206,12,2387.52,8.76
,,,,,22207,3,3182.61,22.13
,,,,,22207,6,3228.65,22.13
,,,,,22207,9,3270.13,22.13
,,,,,22207,12,3307.35,22.13
,,,,,22209,3,2909.25,7.84
,,,,,22209,6,2928.11,7.84
,,,,,22209,9,2932.49,7.84
,,,,,22209,12,2950.82,7.84
,,,,,22301,3,2808.03,14.01
,,,,,22301,6,2835.44,14.01
,,,,,22301,9,2850,14.01
,,,,,22301,12,2864.71,14.01
,,,,,22302,3,2384.95,8.43
,,,,,22302,6,2421.79,8.43
,,,,,22302,9,2454.48,8.43
,,,,,22302,12,2474.16,8.43
,,,,,22303,3,2165.12,15.24
,,,,,22303,6,2172.9,15.24
,,,,,22303,9,2173.46,15.24
,,,,,22303,12,2196.31,15.24
,,,,,22304,3,1984.98,8.59
,,,,,22304,6,1990.23,8.59
,,,,,22304,9,1994.88,8.59
,,,,,22304,12,2007.43,8.59
,,,,,22305,3,2284.18,17.81
,,,,,22305,6,2303.53,17.81
,,,,,22305,9,2317.26,17.81
,,,,,22305,12,2323.04,17.81
,,,,,22306,3,2039.23,12.76
,,,,,22306,6,2050.8,12.76
,,,,,22306,9,2060.49,12.76
,,,,,22306,12,2078.8,12.76
,,,,,22309,3,2497.63,31.53
,,,,,22309,6,2617.96,31.53
,,,,,22309,9,2584.9,31.53
,,,,,22309,12,2633.22,31.53
,,,,,22310,3,2582.01,25.82
,,,,,22310,6,2610.22,25.82
,,,,,22310,9,2621.06,25.82
,,,,,22310,12,2661.91,25.82
,,,,,22311,3,1931.2,8.67
,,,,,22311,6,1937.81,8.67
,,,,,22311,9,1957.09,8.67
,,,,,22311,12,1965.27,8.67
,,,,,22312,3,2174.42,7.07
,,,,,22312,6,2196.26,7.07
,,,,,22312,9,2211.8,7.07
,,,,,22312,12,2228.98,7.07
,,,,,22314,3,2643.66,6.89
,,,,,22314,6,2646.28,6.89
,,,,,22314,9,2660.77,6.89
,,,,,22314,12,2667.74,6.89
,,,,,22315,3,2916.61,17.35
,,,,,22315,6,2947.92,17.35
,,,,,22315,9,2961.73,17.35
,,,,,22315,12,2982.59,17.35
,,,,,22401,3,1902.62,13.74
,,,,,22401,6,1941.57,13.74
,,,,,22401,9,1946.76,13.74
,,,,,22401,12,1981.62,13.74
,,,,,22407,3,2001.85,14.46
,,,,,22407,6,2035.95,14.46
,,,,,22407,9,2069.52,14.46
,,,,,22407,12,2093.57,14.46
,,,,,22408,3,1947.78,10.16
,,,,,22408,6,1958.41,10.16
,,,,,22408,9,1965.16,10.16
,,,,,22408,12,1986.22,10.16
,,,,,22553,3,1771.77,33.19
,,,,,22553,6,1786.87,33.19
,,,,,22553,9,1776.21,33.19
,,,,,22553,12,1765.99,33.19
,,,,,22554,3,2455.22,14.67
,,,,,22554,6,2468.67,14.67
,,,,,22554,9,2476.33,14.67
,,,,,22554,12,2508.69,14.67
,,,,,22556,3,2304.4,37.66
,,,,,22556,6,2236.88,37.66
,,,,,22556,9,2347.27,37.66
,,,,,22556,12,2277.6,37.66
,,,,,22601,3,1682.92,10.03
,,,,,22601,6,1723.5,10.03
,,,,,22601,9,1738.18,10.03
,,,,,22601,12,1744.73,10.03
,,,,,22801,3,1732.82,12.2
,,,,,22801,6,1756.9,12.2
,,,,,22801,9,1785.25,12.2
,,,,,22801,12,1803.47,12.2
,,,,,22802,3,1701.98,11.21
,,,,,22802,6,1712.2,11.21
,,,,,22802,9,1735.1,11.21
,,,,,22802,12,1754.93,11.21
,,,,,22901,3,1874.9,7.41
,,,,,22901,6,1878.05,7.41
,,,,,22901,9,1890.31,7.41
,,,,,22901,12,1904.39,7.41
,,,,,22902,3,1852.96,6.7
,,,,,22902,6,1864.51,6.7
,,,,,22902,9,1878.17,6.7
,,,,,22902,12,1898.61,6.7
,,,,,22903,3,1977.16,20.12
,,,,,22903,6,1990.65,20.12
,,,,,22903,9,2011.7,20.12
,,,,,22903,12,2034.81,20.12
,,,,,22911,3,2329.73,13.97
,,,,,22911,6,2388.5,13.97
,,,,,22911,9,2427.91,13.97
,,,,,22911,12,2474.72,13.97
,,,,,22980,3,1437.43,11.08
,,,,,22980,6,1433.49,11.08
,,,,,22980,9,1471.05,11.08
,,,,,22980,12,1480.63,11.08
,,,,,23059,3,1897.31,9.32
,,,,,23059,6,1911.92,9.32
,,,,,23059,9,1916.71,9.32
,,,,,23059,12,1927.14,9.32
,,,,,23060,3,1916.29,13.03
,,,,,23060,6,1928.82,13.03
,,,,,23060,9,1943.45,13.03
,,,,,23060,12,1978.18,13.03
,,,,,23112,3,1977.24,11.4
,,,,,23112,6,2003.74,11.4
,,,,,23112,9,2026.26,11.4
,,,,,23112,12,2044.68,11.4
,,,,,23113,3,1861.3,3.36
,,,,,23113,6,1861.3,3.36
,,,,,23113,9,1861.3,3.36
,,,,,23113,12,1849.13,3.36
,,,,,23114,3,1933.35,10.19
,,,,,23114,6,1976.04,10.19
,,,,,23114,9,1992.92,10.19
,,,,,23114,12,2022.18,10.19
,,,,,23185,3,1889.71,8.68
,,,,,23185,6,1923.62,8.68
,,,,,23185,9,1946.06,8.68
,,,,,23185,12,1970.82,8.68
,,,,,23188,3,2051.16,17.29
,,,,,23188,6,2061.24,17.29
,,,,,23188,9,2091.54,17.29
,,,,,23188,12,2101.02,17.29
,,,,,23219,3,1505.45,10.15
,,,,,23219,6,1514,10.15
,,,,,23219,9,1521.58,10.15
,,,,,23219,12,1528.59,10.15
,,,,,23220,3,1612.05,11.35
,,,,,23220,6,1632.42,11.35
,,,,,23220,9,1647.93,11.35
,,,,,23220,12,1661.66,11.35
,,,,,23221,3,1867,11.71
,,,,,23221,6,1895.78,11.71
,,,,,23221,9,1915.49,11.71
,,,,,23221,12,1933.78,11.71
,,,,,23222,3,1507.91,8.51
,,,,,23222,6,1520.36,8.51
,,,,,23222,9,1535.32,8.51
,,,,,23222,12,1544.34,8.51
,,,,,23223,3,1421.87,11.55
,,,,,23223,6,1439.94,11.55
,,,,,23223,9,1450.6,11.55
,,,,,23223,12,1478.33,11.55
,,,,,23224,3,1476.39,5.78
,,,,,23224,6,1496.33,5.78
,,,,,23224,9,1510.74,5.78
,,,,,23224,12,1524.44,5.78
,,,,,23225,3,1442.84,7.76
,,,,,23225,6,1442.43,7.76
,,,,,23225,9,1455.97,7.76
,,,,,23225,12,1476.61,7.76
,,,,,23226,3,2048.05,20.06
,,,,,23226,6,2059.92,20.06
,,,,,23226,9,2043.19,20.06
,,,,,23226,12,2060.11,20.06
,,,,,23227,3,1515.38,12.94
,,,,,23227,6,1503.47,12.94
,,,,,23227,9,1519.1,12.94
,,,,,23227,12,1555.36,12.94
,,,,,23228,3,1630.72,9.07
,,,,,23228,6,1642.45,9.07
,,,,,23228,9,1649.61,9.07
,,,,,23228,12,1665.91,9.07
,,,,,23229,3,1774.7,16.41
,,,,,23229,6,1854.61,16.41
,,,,,23229,9,1927.96,16.41
,,,,,23229,12,1958.15,16.41
,,,,,23230,3,1838.53,10.42
,,,,,23230,6,1842.81,10.42
,,,,,23230,9,1861.65,10.42
,,,,,23230,12,1866.1,10.42
,,,,,23231,3,1628.88,12.43
,,,,,23231,6,1640.6,12.43
,,,,,23231,9,1642.24,12.43
,,,,,23231,12,1648.91,12.43
,,,,,23233,3,2001.69,12.19
,,,,,23233,6,2019.43,12.19
,,,,,23233,9,2035.33,12.19
,,,,,23233,12,2030.92,12.19
,,,,,23234,3,1626.86,15.54
,,,,,23234,6,1663.57,15.54
,,,,,23234,9,1694.1,15.54
,,,,,23234,12,1728.94,15.54
,,,,,23235,3,1852.48,24.61
,,,,,23235,6,1856.3,24.61
,,,,,23235,9,1840.09,24.61
,,,,,23235,12,1821.26,24.61
,,,,,23238,3,1805.28,13.05
,,,,,23238,6,1826.38,13.05
,,,,,23238,9,1838.25,13.05
,,,,,23238,12,1845.34,13.05
,,,,,23294,3,1587.36,12.07
,,,,,23294,6,1594.38,12.07
,,,,,23294,9,1607.26,12.07
,,,,,23294,12,1604.39,12.07
,,,,,23320,3,2008.17,11.45
,,,,,23320,6,2025.09,11.45
,,,,,23320,9,2038.21,11.45
,,,,,23320,12,2054.26,11.45
,,,,,23321,3,2061.16,14.4
,,,,,23321,6,2083.43,14.4
,,,,,23321,9,2091.62,14.4
,,,,,23321,12,2135.55,14.4
,,,,,23322,3,2465.17,14.86
,,,,,23322,6,2485.43,14.86
,,,,,23322,9,2509.73,14.86
,,,,,23322,12,2546.16,14.86
,,,,,23323,3,2103.76,13.98
,,,,,23323,6,2117.57,13.98
,,,,,23323,9,2138.79,13.98
,,,,,23323,12,2169.34,13.98
,,,,,23324,3,1658.85,0
,,,,,23324,6,1658.85,0
,,,,,23324,9,1658.85,0
,,,,,23324,12,1658.85,0
,,,,,23434,3,1616.93,12.83
,,,,,23434,6,1671.64,12.83
,,,,,23434,9,1711.15,12.83
,,,,,23434,12,1754.65,12.83
,,,,,23435,3,1989.42,16.49
,,,,,23435,6,2032.78,16.49
,,,,,23435,9,2029.79,16.49
,,,,,23435,12,2047.88,16.49
,,,,,23451,3,1972.7,9.1
,,,,,23451,6,1988.58,9.1
,,,,,23451,9,2006.45,9.1
,,,,,23451,12,2024.33,9.1
,,,,,23452,3,1727.15,10.8
,,,,,23452,6,1731.36,10.8
,,,,,23452,9,1742.3,10.8
,,,,,23452,12,1765.92,10.8
,,,,,23453,3,1934.95,15.28
,,,,,23453,6,1961.82,15.28
,,,,,23453,9,1977.68,15.28
,,,,,23453,12,1999.68,15.28
,,,,,23454,3,2033.85,11.42
,,,,,23454,6,2069.04,11.42
,,,,,23454,9,2093.23,11.42
,,,,,23454,12,2100.43,11.42
,,,,,23455,3,2344.4,12.42
,,,,,23455,6,2372.55,12.42
,,,,,23455,9,2389.79,12.42
,,,,,23455,12,2415.58,12.42
,,,,,23456,3,2521.8,20.08
,,,,,23456,6,2532.13,20.08
,,,,,23456,9,2558.23,20.08
,,,,,23456,12,2605.69,20.08
,,,,,23462,3,1871.17,7.25
,,,,,23462,6,1890.98,7.25
,,,,,23462,9,1908,7.25
,,,,,23462,12,1927.08,7.25
,,,,,23464,3,1950.34,12.04
,,,,,23464,6,1953.7,12.04
,,,,,23464,9,1960.44,12.04
,,,,,23464,12,1972.91,12.04
,,,,,23502,3,1515.71,21.08
,,,,,23502,6,1445.95,21.08
,,,,,23502,9,1488.06,21.08
,,,,,23502,12,1519.71,21.08
,,,,,23503,3,1611.56,19.05
,,,,,23503,6,1620.58,19.05
,,,,,23503,9,1630.29,19.05
,,,,,23503,12,1662.19,19.05
,,,,,23504,3,1546.11,13.4
,,,,,23504,6,1582.59,13.4
,,,,,23504,9,1601.06,13.4
,,,,,23504,12,1610.28,13.4
,,,,,23505,3,1370.79,10.2
,,,,,23505,6,1395.09,10.2
,,,,,23505,9,1391.85,10.2
,,,,,23505,12,1411.79,10.2
,,,,,23507,3,1566.19,10.51
,,,,,23507,6,1584.4,10.51
,,,,,23507,9,1592.71,10.51
,,,,,23507,12,1611.45,10.51
,,,,,23508,3,1607.63,13.09
,,,,,23508,6,1614.51,13.09
,,,,,23508,9,1633.26,13.09
,,,,,23508,12,1651.8,13.09
,,,,,23510,3,1677.38,9.24
,,,,,23510,6,1680.89,9.24
,,,,,23510,9,1664.22,9.24
,,,,,23510,12,1668.73,9.24
,,,,,23513,3,1503.14,16.13
,,,,,23513,6,1528.39,16.13
,,,,,23513,9,1549.42,16.13
,,,,,23513,12,1582.69,16.13
,,,,,23517,3,1538.52,4.84
,,,,,23517,6,1559.16,4.84
,,,,,23517,9,1576.28,4.84
,,,,,23517,12,1595.43,4.84
,,,,,23518,3,1830.16,21.93
,,,,,23518,6,1842.08,21.93
,,,,,23518,9,1855.58,21.93
,,,,,23518,12,1884.04,21.93
,,,,,23601,3,1341.28,10.96
,,,,,23601,6,1390.95,10.96
,,,,,23601,9,1407.01,10.96
,,,,,23601,12,1392.59,10.96
,,,,,23602,3,1521.73,8.41
,,,,,23602,6,1539.26,8.41
,,,,,23602,9,1555.74,8.41
,,,,,23602,12,1568.38,8.41
,,,,,23606,3,1660.25,10.18
,,,,,23606,6,1664.65,10.18
,,,,,23606,9,1662.41,10.18
,,,,,23606,12,1660.63,10.18
,,,,,23607,3,1415.17,17.53
,,,,,23607,6,1468.69,17.53
,,,,,23607,9,1473.53,17.53
,,,,,23607,12,1518.47,17.53
,,,,,23608,3,1570.51,11.75
,,,,,23608,6,1588.75,11.75
,,,,,23608,9,1611.45,11.75
,,,,,23608,12,1629.52,11.75
,,,,,23663,3,1647.14,28.16
,,,,,23663,6,1700,28.16
,,,,,23663,9,1624.2,28.16
,,,,,23663,12,1706.17,28.16
,,,,,23666,3,1564.23,9.62
,,,,,23666,6,1569.78,9.62
,,,,,23666,9,1589.83,9.62
,,,,,23666,12,1612.02,9.62
,,,,,23669,3,1699.08,15.61
,,,,,23669,6,1733.42,15.61
,,,,,23669,9,1734.7,15.61
,,,,,23669,12,1752.53,15.61
,,,,,23693,3,2053.37,26.19
,,,,,23693,6,2066.19,26.19
,,,,,23693,9,2031.64,26.19
,,,,,23693,12,2098.04,26.19
,,,,,23704,3,1502.87,9.27
,,,,,23704,6,1518.3,9.27
,,,,,23704,9,1541.63,9.27
,,,,,23704,12,1555.05,9.27
,,,,,23803,3,1112.74,14.27
,,,,,23803,6,1143,14.27
,,,,,23803,9,1155.12,14.27
,,,,,23803,12,1178.36,14.27
,,,,,23831,3,1772.65,8.35
,,,,,23831,6,1778.46,8.35
,,,,,23831,9,1780.65,8.35
,,,,,23831,12,1790.01,8.35
,,,,,23832,3,1815.36,24.47
,,,,,23832,6,1835.94,24.47
,,,,,23832,9,1842.95,24.47
,,,,,23832,12,1873.23,24.47
,,,,,23834,3,1787.78,16.73
,,,,,23834,6,1787.78,16.73
,,,,,23834,9,1787.78,16.73
,,,,,23834,12,1848.31,16.73
,,,,,23860,3,1232.4,16.01
,,,,,23860,6,1255.06,16.01
,,,,,23860,9,1268.95,16.01
,,,,,23860,12,1280.63,16.01
,,,,,24012,3,1261.98,11.76
,,,,,24012,6,1268.51,11.76
,,,,,24012,9,1277.07,11.76
,,,,,24012,12,1301.16,11.76
,,,,,24014,3,1317.76,30.65
,,,,,24014,6,1434.63,30.65
,,,,,24014,9,1490.28,30.65
,,,,,24014,12,1411.93,30.65
,,,,,24015,3,1346.19,12.53
,,,,,24015,6,1355.16,12.53
,,,,,24015,9,1363.57,12.53
,,,,,24015,12,1366.07,12.53
,,,,,24016,3,932.63,9.7
,,,,,24016,6,950.16,9.7
,,,,,24016,9,965.08,9.7
,,,,,24016,12,967.59,9.7
,,,,,24017,3,1477.6,18.01
,,,,,24017,6,1492.42,18.01
,,,,,24017,9,1444.55,18.01
,,,,,24017,12,1503.27,18.01
,,,,,24018,3,1559.83,13.53
,,,,,24018,6,1586.9,13.53
,,,,,24018,9,1598.88,13.53
,,,,,24018,12,1604.57,13.53
,,,,,24060,3,1436,10.41
,,,,,24060,6,1466.7,10.41
,,,,,24060,9,1484.29,10.41
,,,,,24060,12,1490.43,10.41
,,,,,24073,3,1673.98,22.94
,,,,,24073,6,1735.29,22.94
,,,,,24073,9,1697.5,22.94
,,,,,24073,12,1746.16,22.94
,,,,,24141,3,1188.02,0
,,,,,24141,6,1188.02,0
,,,,,24141,9,1188.02,0
,,,,,24141,12,1188.02,0
,,,,,24153,3,1434.73,10.48
,,,,,24153,6,1433.99,10.48
,,,,,24153,9,1479.52,10.48
,,,,,24153,12,1479.25,10.48
,,,,,24401,3,1305.89,12.69
,,,,,24401,6,1305.8,12.69
,,,,,24401,9,1310.7,12.69
,,,,,24401,12,1327.13,12.69
,,,,,24501,3,1099.34,9.67
,,,,,24501,6,1119.23,9.67
,,,,,24501,9,1116.13,9.67
,,,,,24501,12,1134.68,9.67
,,,,,24502,3,1496.05,11.8
,,,,,24502,6,1505.04,11.8
,,,,,24502,9,1521.2,11.8
,,,,,24502,12,1529.62,11.8
,,,,,24503,3,1312.22,16.45
,,,,,24503,6,1312.45,16.45
,,,,,24503,9,1390.9,16.45
,,,,,24503,12,1368.74,16.45
,,,,,24504,3,1124.37,15.68
,,,,,24504,6,1119.12,15.68
,,,,,24504,9,1091.3,15.68
,,,,,24504,12,1111.63,15.68
,,,,,25302,3,891.63,12.98
,,,,,25302,6,891.63,12.98
,,,,,25302,9,938.81,12.98
,,,,,25302,12,929.53,12.98
,,,,,25306,3,1377.58,9.62
,,,,,25306,6,1384.95,9.62
,,,,,25306,9,1435.53,9.62
,,,,,25306,12,1449.3,9.62
,,,,,25401,3,1243.22,14.32
,,,,,25401,6,1312.01,14.32
,,,,,25401,9,1322.53,14.32
,,,,,25401,12,1397.08,14.32
,,,,,25404,3,1630.4,9.75
,,,,,25404,6,1638.25,9.75
,,,,,25404,9,1631.76,9.75
,,,,,25404,12,1628.78,9.75
,,,,,25414,3,1812.22,13.29
,,,,,25414,6,1873.95,13.29
,,,,,25414,9,1875.4,13.29
,,,,,25414,12,1913.51,13.29
,,,,,25701,3,907.58,0
,,,,,25701,6,907.58,0
,,,,,25701,9,907.58,0
,,,,,25701,12,907.58,0
,,,,,26003,3,892.19,6.37
,,,,,26003,6,892.01,6.37
,,,,,26003,9,907.71,6.37
,,,,,26003,12,911.84,6.37
,,,,,26301,3,879.82,5.77
,,,,,26301,6,871.15,5.77
,,,,,26301,9,889.73,5.77
,,,,,26301,12,895.66,5.77
,,,,,26501,3,1319.4,12.22
,,,,,26501,6,1316.23,12.22
,,,,,26501,9,1334.55,12.22
,,,,,26501,12,1333.2,12.22
,,,,,26505,3,1313.28,12.23
,,,,,26505,6,1321.17,12.23
,,,,,26505,9,1320.65,12.23
,,,,,26505,12,1336.63,12.23
,,,,,26508,3,1772.8,6.82
,,,,,26508,6,1772.8,6.82
,,,,,26508,9,1772.8,6.82
,,,,,26508,12,1797.49,6.82
,,,,,26554,3,1027,9.3
,,,,,26554,6,1057.08,9.3
,,,,,26554,9,1044.64,9.3
,,,,,26554,12,1088.53,9.3
,,,,,27012,3,1937.12,15.3
,,,,,27012,6,1946.77,15.3
,,,,,27012,9,1967.05,15.3
,,,,,27012,12,1981.06,15.3
,,,,,27101,3,1550.66,10.38
,,,,,27101,6,1583.26,10.38
,,,,,27101,9,1599.65,10.38
,,,,,27101,12,1613.59,10.38
,,,,,27103,3,1651.72,9.7
,,,,,27103,6,1675.71,9.7
,,,,,27103,9,1695.99,9.7
,,,,,27103,12,1707.12,9.7
,,,,,27104,3,1525.35,11.82
,,,,,27104,6,1539.24,11.82
,,,,,27104,9,1532.94,11.82
,,,,,27104,12,1543.29,11.82
,,,,,27105,3,1281.35,6.93
,,,,,27105,6,1287.92,6.93
,,,,,27105,9,1277.4,6.93
,,,,,27105,12,1297.26,6.93
,,,,,27106,3,1291.45,9.85
,,,,,27106,6,1305.98,9.85
,,,,,27106,9,1323.78,9.85
,,,,,27106,12,1333.34,9.85
,,,,,27107,3,1422.61,7.9
,,,,,27107,6,1444.87,7.9
,,,,,27107,9,1466.46,7.9
,,,,,27107,12,1487.08,7.9
,,,,,27127,3,1721.29,13.69
,,,,,27127,6,1757.24,13.69
,,,,,27127,9,1772.38,13.69
,,,,,27127,12,1793.86,13.69
,,,,,27203,3,930.8,11.06
,,,,,27203,6,946.81,11.06
,,,,,27203,9,927.29,11.06
,,,,,27203,12,955.63,11.06
,,,,,27215,3,1391.04,6.54
,,,,,27215,6,1410.63,6.54
,,,,,27215,9,1422.47,6.54
,,,,,27215,12,1428.13,6.54
,,,,,27260,3,1147.82,7.89
,,,,,27260,6,1176.56,7.89
,,,,,27260,9,1164.23,7.89
,,,,,27260,12,1201.96,7.89
,,,,,27265,3,1646.61,9.12
,,,,,27265,6,1664.94,9.12
,,,,,27265,9,1669.09,9.12
,,,,,27265,12,1689.46,9.12
,,,,,27278,3,1612.7,14.21
,,,,,27278,6,1647.16,14.21
,,,,,27278,9,1709.37,14.21
,,,,,27278,12,1750.28,14.21
,,,,,27284,3,1780,14.48
,,,,,27284,6,1790.33,14.48
,,,,,27284,9,1808.06,14.48
,,,,,27284,12,1817.93,14.48
,,,,,27302,3,1806.83,16.78
,,,,,27302,6,1811.49,16.78
,,,,,27302,9,1813.77,16.78
,,,,,27302,12,1830.56,16.78
,,,,,27312,3,1727.12,25.23
,,,,,27312,6,1729.59,25.23
,,,,,27312,9,1751.86,25.23
,,,,,27312,12,1763.94,25.23
,,,,,27330,3,1674.57,18.72
,,,,,27330,6,1678.16,18.72
,,,,,27330,9,1709.51,18.72
,,,,,27330,12,1746.32,18.72
,,,,,27332,3,2075.07,13.4
,,,,,27332,6,2080.29,13.4
,,,,,27332,9,2111.19,13.4
,,,,,27332,12,2121.86,13.4
,,,,,27360,3,1365.95,11.94
,,,,,27360,6,1372.38,11.94
,,,,,27360,9,1379.79,11.94
,,,,,27360,12,1392.08,11.94
,,,,,27377,3,1788.18,0
,,,,,27377,6,1788.18,0
,,,,,27377,9,1788.18,0
,,,,,27377,12,1788.18,0
,,,,,27401,3,1302.42,11.5
,,,,,27401,6,1321.51,11.5
,,,,,27401,9,1345.9,11.5
,,,,,27401,12,1352.29,11.5
,,,,,27403,3,1244.24,10.4
,,,,,27403,6,1253.56,10.4
,,,,,27403,9,1262.88,10.4
,,,,,27403,12,1279.22,10.4
,,,,,27405,3,1395.77,3.89
,,,,,27405,6,1396.08,3.89
,,,,,27405,9,1409.5,3.89
,,,,,27405,12,1420.44,3.89
,,,,,27406,3,1277.48,8.81
,,,,,27406,6,1277.64,8.81
,,,,,27406,9,1303.37,8.81
,,,,,27406,12,1317.28,8.81
,,,,,27407,3,1290.17,8.56
,,,,,27407,6,1295.65,8.56
,,,,,27407,9,1303.17,8.56
,,,,,27407,12,1317.08,8.56
,,,,,27408,3,1608.67,8.13
,,,,,27408,6,1619.03,8.13
,,,,,27408,9,1632.14,8.13
,,,,,27408,12,1642.08,8.13
,,,,,27409,3,1402.89,7.54
,,,,,27409,6,1411.98,7.54
,,,,,27409,9,1420.22,7.54
,,,,,27409,12,1432.8,7.54
,,,,,27410,3,1566.89,8.25
,,,,,27410,6,1589.69,8.25
,,,,,27410,9,1604.87,8.25
,,,,,27410,12,1615.92,8.25
,,,,,27455,3,1658.34,16.78
,,,,,27455,6,1651.03,16.78
,,,,,27455,9,1671.46,16.78
,,,,,27455,12,1680.35,16.78
,,,,,27501,3,1847.96,9.03
,,,,,27501,6,1865.48,9.03
,,,,,27501,9,1905.77,9.03
,,,,,27501,12,1945.5,9.03
,,,,,27502,3,2109.63,14.27
,,,,,27502,6,2103.95,14.27
,,,,,27502,9,2115.33,14.27
,,,,,27502,12,2141.69,14.27
,,,,,27510,3,1372.49,6.45
,,,,,27510,6,1376.06,6.45
,,,,,27510,9,1379.05,6.45
,,,,,27510,12,1394.06,6.45
,,,,,27511,3,1696.28,10.91
,,,,,27511,6,1710.56,10.91
,,,,,27511,9,1718.4,10.91
,,,,,27511,12,1729.41,10.91
,,,,,27513,3,1620.11,7.5
,,,,,27513,6,1632.85,7.5
,,,,,27513,9,1647.23,7.5
,,,,,27513,12,1660.08,7.5
,,,,,27514,3,1564.73,11.95
,,,,,27514,6,1585.57,11.95
,,,,,27514,9,1606.9,11.95
,,,,,27514,12,1608.54,11.95
,,,,,27516,3,2366.86,11.19
,,,,,27516,6,2393.92,11.19
,,,,,27516,9,2439.3,11.19
,,,,,27516,12,2478.74,11.19
,,,,,27517,3,1607.17,11.51
,,,,,27517,6,1624.57,11.51
,,,,,27517,9,1634.39,11.51
,,,,,27517,12,1646.41,11.51
,,,,,27518,3,1604.88,6.69
,,,,,27518,6,1601.8,6.69
,,,,,27518,9,1620.73,6.69
,,,,,27518,12,1625.13,6.69
,,,,,27519,3,1997.95,3.14
,,,,,27519,6,2007.3,3.14
,,,,,27519,9,2022.73,3.14
,,,,,27519,12,2045.14,3.14
,,,,,27520,3,1739.97,5.94
,,,,,27520,6,1759.76,5.94
,,,,,27520,9,1774.46,5.94
,,,,,27520,12,1792.66,5.94
,,,,,27523,3,1892.6,18.02
,,,,,27523,6,1898.4,18.02
,,,,,27523,9,1916.16,18.02
,,,,,27523,12,1925.53,18.02
,,,,,27526,3,2021.18,18.88
,,,,,27526,6,2034.12,18.88
,,,,,27526,9,2058.73,18.88
,,,,,27526,12,2072.48,18.88
,,,,,27527,3,1828.82,4.5
,,,,,27527,6,1848.05,4.5
,,,,,27527,9,1867.9,4.5
,,,,,27527,12,1883.73,4.5
,,,,,27529,3,1835.78,8.58
,,,,,27529,6,1848.12,8.58
,,,,,27529,9,1862.34,8.58
,,,,,27529,12,1876.43,8.58
,,,,,27530,3,1298.06,10.85
,,,,,27530,6,1327.46,10.85
,,,,,27530,9,1353.84,10.85
,,,,,27530,12,1381.24,10.85
,,,,,27539,3,1893.74,22.09
,,,,,27539,6,1905.03,22.09
,,,,,27539,9,1910.67,22.09
,,,,,27539,12,1913.17,22.09
,,,,,27540,3,1916.29,17.4
,,,,,27540,6,1941.38,17.4
,,,,,27540,9,1970.81,17.4
,,,,,27540,12,1989.32,17.4
,,,,,27545,3,1776.42,11.47
,,,,,27545,6,1790.54,11.47
,,,,,27545,9,1798.3,11.47
,,,,,27545,12,1811.12,11.47
,,,,,27546,3,1636.89,11.49
,,,,,27546,6,1639.99,11.49
,,,,,27546,9,1663.25,11.49
,,,,,27546,12,1674.56,11.49
,,,,,27560,3,1708.79,7.14
,,,,,27560,6,1726.79,7.14
,,,,,27560,9,1738.53,7.14
,,,,,27560,12,1745.87,7.14
,,,,,27587,3,1839.61,9.03
,,,,,27587,6,1851.09,9.03
,,,,,27587,9,1870.57,9.03
,,,,,27587,12,1878.02,9.03
,,,,,27591,3,1948.83,15.88
,,,,,27591,6,1968.15,15.88
,,,,,27591,9,2027,15.88
,,,,,27591,12,1970.23,15.88
,,,,,27596,3,2031.89,16.54
,,,,,27596,6,2033.15,16.54
,,,,,27596,9,2046.04,16.54
,,,,,27596,12,1983.33,16.54
,,,,,27597,3,1980.08,10.25
,,,,,27597,6,2000.93,10.25
,,,,,27597,9,1995.18,10.25
,,,,,27597,12,2012.58,10.25
,,,,,27601,3,1659.6,17.94
,,,,,27601,6,1660.54,17.94
,,,,,27601,9,1665.67,17.94
,,,,,27601,12,1677.51,17.94
,,,,,27603,3,1804.22,9.16
,,,,,27603,6,1823.57,9.16
,,,,,27603,9,1852.62,9.16
,,,,,27603,12,1858.78,9.16
,,,,,27604,3,1625.4,5.4
,,,,,27604,6,1647.52,5.4
,,,,,27604,9,1669.4,5.4
,,,,,27604,12,1691.37,5.4
,,,,,27605,3,1715.74,12.75
,,,,,27605,6,1726.11,12.75
,,,,,27605,9,1737.24,12.75
,,,,,27605,12,1752.91,12.75
,,,,,27606,3,1525.52,15.72
,,,,,27606,6,1545.54,15.72
,,,,,27606,9,1573.96,15.72
,,,,,27606,12,1579.73,15.72
,,,,,27607,3,1556.3,14.2
,,,,,27607,6,1578.77,14.2
,,,,,27607,9,1587.21,14.2
,,,,,27607,12,1601.88,14.2
,,,,,27608,3,2040.44,25.02
,,,,,27608,6,2045.3,25.02
,,,,,27608,9,2060.84,25.02
,,,,,27608,12,2095.61,25.02
,,,,,27609,3,1512.97,10.54
,,,,,27609,6,1530.95,10.54
,,,,,27609,9,1548.99,10.54
,,,,,27609,12,1561.08,10.54
,,,,,27610,3,1886.91,6.2
,,,,,27610,6,1911.7,6.2
,,,,,27610,9,1935.88,6.2
,,,,,27610,12,1960.9,6.2
,,,,,27612,3,1477.41,7.42
,,,,,27612,6,1489.18,7.42
,,,,,27612,9,1501.94,7.42
,,,,,27612,12,1509.18,7.42
,,,,,27613,3,1434.55,9.23
,,,,,27613,6,1443.08,9.23
,,,,,27613,9,1450.58,9.23
,,,,,27613,12,1472.52,9.23
,,,,,27614,3,1612.48,9.65
,,,,,27614,6,1622.22,9.65
,,,,,27614,9,1630.1,9.65
,,,,,27614,12,1632.26,9.65
,,,,,27615,3,1510.84,6.94
,,,,,27615,6,1519.07,6.94
,,,,,27615,9,1531.78,6.94
,,,,,27615,12,1536.94,6.94
,,,,,27616,3,1717.92,3.95
,,,,,27616,6,1728.39,3.95
,,,,,27616,9,1739.61,3.95
,,,,,27616,12,1754.14,3.95
,,,,,27617,3,1564.57,7.35
,,,,,27617,6,1579.64,7.35
,,,,,27617,9,1592.93,7.35
,,,,,27617,12,1606.47,7.35
,,,,,27701,3,1746.26,12.02
,,,,,27701,6,1768.28,12.02
,,,,,27701,9,1782.13,12.02
,,,,,27701,12,1785.73,12.02
,,,,,27703,3,1857.36,6.43
,,,,,27703,6,1881.7,6.43
,,,,,27703,9,1897.89,6.43
,,,,,27703,12,1923.1,6.43
,,,,,27704,3,1677.06,13.81
,,,,,27704,6,1689.08,13.81
,,,,,27704,9,1700.87,13.81
,,,,,27704,12,1736.6,13.81
,,,,,27705,3,1540.05,14.08
,,,,,27705,6,1551.63,14.08
,,,,,27705,9,1579.84,14.08
,,,,,27705,12,1596.56,14.08
,,,,,27707,3,1373.05,12.35
,,,,,27707,6,1370.75,12.35
,,,,,27707,9,1366.45,12.35
,,,,,27707,12,1376.09,12.35
,,,,,27713,3,1597.85,10.12
,,,,,27713,6,1607.29,10.12
,,,,,27713,9,1620.72,10.12
,,,,,27713,12,1633.8,10.12
,,,,,27804,3,1362.27,13.9
,,,,,27804,6,1399.67,13.9
,,,,,27804,9,1364.39,13.9
,,,,,27804,12,1407.26,13.9
,,,,,27834,3,1407.81,4.25
,,,,,27834,6,1423.48,4.25
,,,,,27834,9,1438.01,4.25
,,,,,27834,12,1456.77,4.25
,,,,,27858,3,1662.59,7.88
,,,,,27858,6,1707.55,7.88
,,,,,27858,9,1732.99,7.88
,,,,,27858,12,1754.2,7.88
,,,,,27893,3,1118.41,0.21
,,,,,27893,6,1118.41,0.21
,,,,,27893,9,1118.41,0.21
,,,,,27893,12,1119.17,0.21
,,,,,27909,3,1568.19,16.14
,,,,,27909,6,1605.35,16.14
,,,,,27909,9,1613.86,16.14
,,,,,27909,12,1648.11,16.14
,,,,,28012,3,1868.27,9.01
,,,,,28012,6,1881.22,9.01
,,,,,28012,9,1886.26,9.01
,,,,,28012,12,1899.4,9.01
,,,,,28025,3,1776.52,8.87
,,,,,28025,6,1797.96,8.87
,,,,,28025,9,1816.64,8.87
,,,,,28025,12,1834.68,8.87
,,,,,28027,3,1671.86,2.67
,,,,,28027,6,1688.83,2.67
,,,,,28027,9,1707.37,2.67
,,,,,28027,12,1723.78,2.67
,,,,,28031,3,1792.13,8.25
,,,,,28031,6,1807.87,8.25
,,,,,28031,9,1820.08,8.25
,,,,,28031,12,1835.22,8.25
,,,,,28034,3,1560.74,18.62
,,,,,28034,6,1601.97,18.62
,,,,,28034,9,1578.37,18.62
,,,,,28034,12,1612.58,18.62
,,,,,28036,3,1648.61,25.76
,,,,,28036,6,1696,25.76
,,,,,28036,9,1713.11,25.76
,,,,,28036,12,1745.05,25.76
,,,,,28037,3,1726.15,15.63
,,,,,28037,6,1745.18,15.63
,,,,,28037,9,1774.44,15.63
,,,,,28037,12,1792.89,15.63
,,,,,28052,3,1409.22,7.59
,,,,,28052,6,1425.65,7.59
,,,,,28052,9,1443.37,7.59
,,,,,28052,12,1461.96,7.59
,,,,,28054,3,1527.6,10.25
,,,,,28054,6,1543.86,10.25
,,,,,28054,9,1560.03,10.25
,,,,,28054,12,1572.76,10.25
,,,,,28056,3,2013.89,16.34
,,,,,28056,6,2060.47,16.34
,,,,,28056,9,2063.52,16.34
,,,,,28056,12,2089.1,16.34
,,,,,28075,3,2427.13,16.28
,,,,,28075,6,2499.56,16.28
,,,,,28075,9,2497.4,16.28
,,,,,28075,12,2535.43,16.28
,,,,,28078,3,2094.07,11.06
,,,,,28078,6,2141.79,11.06
,,,,,28078,9,2157.13,11.06
,,,,,28078,12,2171.09,11.06
,,,,,28079,3,2070.26,11.48
,,,,,28079,6,2090.16,11.48
,,,,,28079,9,2115.12,11.48
,,,,,28079,12,2124.39,11.48
,,,,,28081,3,1608.09,5.44
,,,,,28081,6,1620.32,5.44
,,,,,28081,9,1627.94,5.44
,,,,,28081,12,1637.95,5.44
,,,,,28083,3,1675.45,13.8
,,,,,28083,6,1685.82,13.8
,,,,,28083,9,1694.09,13.8
,,,,,28083,12,1710.02,13.8
,,,,,28104,3,2288.06,17.9
,,,,,28104,6,2305.35,17.9
,,,,,28104,9,2332.49,17.9
,,,,,28104,12,2350.45,17.9
,,,,,28105,3,1689.06,7.77
,,,,,28105,6,1698.15,7.77
,,,,,28105,9,1716.86,7.77
,,,,,28105,12,1736.05,7.77
,,,,,28110,3,2019.52,11.7
,,,,,28110,6,2039.34,11.7
,,,,,28110,9,2066.47,11.7
,,,,,28110,12,2088.65,11.7
,,,,,28112,3,1891.88,31.66
,,,,,28112,6,1818.74,31.66
,,,,,28112,9,1924.86,31.66
,,,,,28112,12,1909.81,31.66
,,,,,28115,3,1947.67,9.24
,,,,,28115,6,1976.37,9.24
,,,,,28115,9,2000.63,9.24
,,,,,28115,12,2025.48,9.24
,,,,,28117,3,1641.27,5.91
,,,,,28117,6,1646.31,5.91
,,,,,28117,9,1659.47,5.91
,,,,,28117,12,1680.44,5.91
,,,,,28120,3,1703.05,18.58
,,,,,28120,6,1723.26,18.58
,,,,,28120,9,1748.11,18.58
,,,,,28120,12,1741.7,18.58
,,,,,28134,3,2548.85,17.68
,,,,,28134,6,2574.8,17.68
,,,,,28134,9,2598.48,17.68
,,,,,28134,12,2596.57,17.68
,,,,,28144,3,1395.96,16.2
,,,,,28144,6,1411.26,16.2
,,,,,28144,9,1426.54,16.2
,,,,,28144,12,1455.35,16.2
,,,,,28147,3,1127.8,5.2
,,,,,28147,6,1132.51,5.2
,,,,,28147,9,1138.72,5.2
,,,,,28147,12,1129.47,5.2
,,,,,28150,3,1104.35,3.98
,,,,,28150,6,1085.22,3.98
,,,,,28150,9,1103.7,3.98
,,,,,28150,12,1075.75,3.98
,,,,,28166,3,2096.42,22.33
,,,,,28166,6,2119.56,22.33
,,,,,28166,9,2113.62,22.33
,,,,,28166,12,2135.83,22.33
,,,,,28173,3,2558.75,13.8
,,,,,28173,6,2583.39,13.8
,,,,,28173,9,2600.31,13.8
,,,,,28173,12,2616.01,13.8
,,,,,28202,3,1941.92,8.08
,,,,,28202,6,1968.61,8.08
,,,,,28202,9,1987.74,8.08
,,,,,28202,12,2007.47,8.08
,,,,,28203,3,1964.59,10.05
,,,,,28203,6,1983.09,10.05
,,,,,28203,9,1996.79,10.05
,,,,,28203,12,2004.62,10.05
,,,,,28204,3,1658.28,10.12
,,,,,28204,6,1675.93,10.12
,,,,,28204,9,1694.59,10.12
,,,,,28204,12,1697.65,10.12
,,,,,28205,3,1773.87,6.79
,,,,,28205,6,1789.04,6.79
,,,,,28205,9,1811.74,6.79
,,,,,28205,12,1830.17,6.79
,,,,,28206,3,1651.6,6.98
,,,,,28206,6,1655.71,6.98
,,,,,28206,9,1668.58,6.98
,,,,,28206,12,1682.46,6.98
,,,,,28207,3,2240.87,33.05
,,,,,28207,6,2240.64,33.05
,,,,,28207,9,2292.9,33.05
,,,,,28207,12,2369.79,33.05
,,,,,28208,3,1689.74,6.98
,,,,,28208,6,1713.26,6.98
,,,,,28208,9,1740.55,6.98
,,,,,28208,12,1763.92,6.98
,,,,,28209,3,1694.64,6.09
,,,,,28209,6,1718.46,6.09
,,,,,28209,9,1737.29,6.09
,,,,,28209,12,1752.07,6.09
,,,,,28210,3,1442.19,9.14
,,,,,28210,6,1455.45,9.14
,,,,,28210,9,1466.57,9.14
,,,,,28210,12,1476.35,9.14
,,,,,28211,3,2193.13,24.96
,,,,,28211,6,2215.46,24.96
,,,,,28211,9,2242.9,24.96
,,,,,28211,12,2249.04,24.96
,,,,,28212,3,1360.89,11.92
,,,,,28212,6,1375.42,11.92
,,,,,28212,9,1384.21,11.92
,,,,,28212,12,1390.66,11.92
,,,,,28213,3,1566.09,10.27
,,,,,28213,6,1589.06,10.27
,,,,,28213,9,1604.78,10.27
,,,,,28213,12,1621.33,10.27
,,,,,28214,3,1949.06,8.9
,,,,,28214,6,1972.81,8.9
,,,,,28214,9,1997.9,8.9
,,,,,28214,12,2019.22,8.9
,,,,,28215,3,1898.39,5.15
,,,,,28215,6,1912.9,5.15
,,,,,28215,9,1929.13,5.15
,,,,,28215,12,1945.08,5.15
,,,,,28216,3,1803.86,11.49
,,,,,28216,6,1820.49,11.49
,,,,,28216,9,1832.36,11.49
,,,,,28216,12,1847.57,11.49
,,,,,28217,3,1626.95,6.75
,,,,,28217,6,1641.68,6.75
,,,,,28217,9,1653.74,6.75
,,,,,28217,12,1667.47,6.75
,,,,,28226,3,2012.02,9.15
,,,,,28226,6,2035.23,9.15
,,,,,28226,9,2056.66,9.15
,,,,,28226,12,2078.2,9.15
,,,,,28227,3,1775.46,10.37
,,,,,28227,6,1794.34,10.37
,,,,,28227,9,1818.66,10.37
,,,,,28227,12,1832.84,10.37
,,,,,28262,3,1620.67,6.46
,,,,,28262,6,1639.14,6.46
,,,,,28262,9,1667.92,6.46
,,,,,28262,12,1681.63,6.46
,,,,,28269,3,1823.45,7.19
,,,,,28269,6,1843.68,7.19
,,,,,28269,9,1861.57,7.19
,,,,,28269,12,1870.52,7.19
,,,,,28270,3,1659.03,11.77
,,,,,28270,6,1672.43,11.77
,,,,,28270,9,1689.38,11.77
,,,,,28270,12,1705.85,11.77
,,,,,28273,3,1675.67,7.41
,,,,,28273,6,1702.87,7.41
,,,,,28273,9,1725.84,7.41
,,,,,28273,12,1736.21,7.41
,,,,,28277,3,2123.69,5.18
,,,,,28277,6,2140.41,5.18
,,,,,28277,9,2159.9,5.18
,,,,,28277,12,2178.79,5.18
,,,,,28278,3,2145.48,11.56
,,,,,28278,6,2177.88,11.56
,,,,,28278,9,2205,11.56
,,,,,28278,12,2225.12,11.56
,,,,,28301,3,1310.07,11.39
,,,,,28301,6,1320.98,11.39
,,,,,28301,9,1318.85,11.39
,,,,,28301,12,1330.83,11.39
,,,,,28303,3,1438.4,9.92
,,,,,28303,6,1438.74,9.92
,,,,,28303,9,1448.76,9.92
,,,,,28303,12,1453.42,9.92
,,,,,28304,3,1405.5,7.32
,,,,,28304,6,1423.85,7.32
,,,,,28304,9,1441.71,7.32
,,,,,28304,12,1455.72,7.32
,,,,,28305,3,1228.57,27.67
,,,,,28305,6,1280.01,27.67
,,,,,28305,9,1317.65,27.67
,,,,,28305,12,1337.58,27.67
,,,,,28306,3,1707.35,8.31
,,,,,28306,6,1720.37,8.31
,,,,,28306,9,1732.26,8.31
,,,,,28306,12,1739.68,8.31
,,,,,28311,3,1477.51,11.16
,,,,,28311,6,1497.06,11.16
,,,,,28311,9,1529.08,11.16
,,,,,28311,12,1542.57,11.16
,,,,,28314,3,1478.28,7.09
,,,,,28314,6,1506.7,7.09
,,,,,28314,9,1520.72,7.09
,,,,,28314,12,1537.5,7.09
,,,,,28327,3,1831.11,7.42
,,,,,28327,6,1831.11,7.42
,,,,,28327,9,1831.11,7.42
,,,,,28327,12,1857.95,7.42
,,,,,28348,3,1659.65,19.11
,,,,,28348,6,1688.08,19.11
,,,,,28348,9,1725.24,19.11
,,,,,28348,12,1717.02,19.11
,,,,,28374,3,1966.91,7.78
,,,,,28374,6,1988.06,7.78
,,,,,28374,9,2009.91,7.78
,,,,,28374,12,1996.08,7.78
,,,,,28376,3,1767.04,6.56
,,,,,28376,6,1802.52,6.56
,,,,,28376,9,1834.06,6.56
,,,,,28376,12,1857.8,6.56
,,,,,28387,3,1747.3,16.24
,,,,,28387,6,1757.22,16.24
,,,,,28387,9,1767.97,16.24
,,,,,28387,12,1766.55,16.24
,,,,,28390,3,1405.15,11.73
,,,,,28390,6,1423.85,11.73
,,,,,28390,9,1420.78,11.73
,,,,,28390,12,1425.67,11.73
,,,,,28401,3,1688.35,7.83
,,,,,28401,6,1710.3,7.83
,,,,,28401,9,1728.71,7.83
,,,,,28401,12,1742.57,7.83
,,,,,28403,3,1642.41,12.61
,,,,,28403,6,1648.84,12.61
,,,,,28403,9,1659.75,12.61
,,,,,28403,12,1672.04,12.61
,,,,,28405,3,1612.58,6.74
,,,,,28405,6,1624.57,6.74
,,,,,28405,9,1641.97,6.74
,,,,,28405,12,1651.73,6.74
,,,,,28409,3,2274.25,18.69
,,,,,28409,6,2287.35,18.69
,,,,,28409,9,2296.05,18.69
,,,,,28409,12,2328.22,18.69
,,,,,28411,3,2154.37,18.38
,,,,,28411,6,2184.53,18.38
,,,,,28411,9,2183.89,18.38
,,,,,28411,12,2175.53,18.38
,,,,,28412,3,1709.47,9.59
,,,,,28412,6,1740.94,9.59
,,,,,28412,9,1778.02,9.59
,,,,,28412,12,1777.53,9.59
,,,,,28443,3,1800.04,24.26
,,,,,28443,6,1797.35,24.26
,,,,,28443,9,1812.18,24.26
,,,,,28443,12,1794.02,24.26
,,,,,28445,3,1753.86,17.97
,,,,,28445,6,1725.97,17.97
,,,,,28445,9,1731.95,17.97
,,,,,28445,12,1749.59,17.97
,,,,,28451,3,1708.85,10.11
,,,,,28451,6,1718.61,10.11
,,,,,28451,9,1732.6,10.11
,,,,,28451,12,1728.71,10.11
,,,,,28460,3,1795.53,12.88
,,,,,28460,6,1788.24,12.88
,,,,,28460,9,1803.53,12.88
,,,,,28460,12,1813.55,12.88
,,,,,28461,3,1852.31,21.1
,,,,,28461,6,1941.55,21.1
,,,,,28461,9,1926.02,21.1
,,,,,28461,12,1982.5,21.1
,,,,,28532,3,1231.69,16.58
,,,,,28532,6,1200.09,16.58
,,,,,28532,9,1213.13,16.58
,,,,,28532,12,1205.78,16.58
,,,,,28539,3,1439,8.79
,,,,,28539,6,1455.38,8.79
,,,,,28539,9,1462.64,8.79
,,,,,28539,12,1482.81,8.79
,,,,,28540,3,1309.13,8.59
,,,,,28540,6,1328.79,8.59
,,,,,28540,9,1332.51,8.59
,,,,,28540,12,1344.4,8.59
,,,,,28544,3,1241.92,0
,,,,,28544,6,1241.92,0
,,,,,28544,9,1241.92,0
,,,,,28544,12,1241.92,0
,,,,,28546,3,1366.63,6.21
,,,,,28546,6,1399.91,6.21
,,,,,28546,9,1417.83,6.21
,,,,,28546,12,1432.22,6.21
,,,,,28557,3,1695.5,0
,,,,,28557,6,1695.5,0
,,,,,28557,9,1695.5,0
,,,,,28557,12,1695.5,0
,,,,,28560,3,1524.97,14.15
,,,,,28560,6,1533.88,14.15
,,,,,28560,9,1541.98,14.15
,,,,,28560,12,1548.5,14.15
,,,,,28562,3,1494.04,19.87
,,,,,28562,6,1491.88,19.87
,,,,,28562,9,1522.07,19.87
,,,,,28562,12,1539.41,19.87
,,,,,28590,3,1583.02,9.27
,,,,,28590,6,1594.56,9.27
,,,,,28590,9,1616.2,9.27
,,,,,28590,12,1633.39,9.27
,,,,,28601,3,1268.7,13.09
,,,,,28601,6,1264.49,13.09
,,,,,28601,9,1258.74,13.09
,,,,,28601,12,1289.07,13.09
,,,,,28602,3,1486.84,19.58
,,,,,28602,6,1467.76,19.58
,,,,,28602,9,1478.99,19.58
,,,,,28602,12,1456.1,19.58
,,,,,28625,3,1794.89,14.52
,,,,,28625,6,1798.99,14.52
,,,,,28625,9,1809.39,14.52
,,,,,28625,12,1822.91,14.52
,,,,,28677,3,1442.76,15.48
,,,,,28677,6,1462.6,15.48
,,,,,28677,9,1477.8,15.48
,,,,,28677,12,1495.29,15.48
,,,,,28704,3,1700.49,13.26
,,,,,28704,6,1706.97,13.26
,,,,,28704,9,1717.72,13.26
,,,,,28704,12,1722.54,13.26
,,,,,28711,3,1593.35,13.24
,,,,,28711,6,1588.04,13.24
,,,,,28711,9,1619.62,13.24
,,,,,28711,12,1612.05,13.24
,,,,,28715,3,1840.38,0
,,,,,28715,6,1840.38,0
,,,,,28715,9,1840.38,0
,,,,,28715,12,1840.38,0
,,,,,28739,3,1590.64,0
,,,,,28739,6,1590.64,0
,,,,,28739,9,1590.64,0
,,,,,28739,12,1590.64,0
,,,,,28787,3,1944.37,11.7
,,,,,28787,6,1940.06,11.7
,,,,,28787,9,1924.52,11.7
,,,,,28787,12,1975.85,11.7
,,,,,28792,3,1826.62,14.67
,,,,,28792,6,1853.13,14.67
,,,,,28792,9,1816.21,14.67
,,,,,28792,12,1841.61,14.67
,,,,,28801,3,2098.84,18.74
,,,,,28801,6,2108.3,18.74
,,,,,28801,9,2114.33,18.74
,,,,,28801,12,2120.88,18.74
,,,,,28803,3,1814.54,10.7
,,,,,28803,6,1814.72,10.7
,,,,,28803,9,1815.92,10.7
,,,,,28803,12,1825.59,10.7
,,,,,28804,3,1818.39,14.09
,,,,,28804,6,1818.62,14.09
,,,,,28804,9,1823.72,14.09
,,,,,28804,12,1828.65,14.09
,,,,,28805,3,1618.43,17.74
,,,,,28805,6,1626.4,17.74
,,,,,28805,9,1638,17.74
,,,,,28805,12,1660.81,17.74
,,,,,28806,3,1959.33,12.6
,,,,,28806,6,1986.09,12.6
,,,,,28806,9,2005.73,12.6
,,,,,28806,12,2021.44,12.6
,,,,,29033,3,1544.62,11.37
,,,,,29033,6,1544.62,11.37
,,,,,29033,9,1544.62,11.37
,,,,,29033,12,1585.77,11.37
,,,,,29045,3,1618.9,13.27
,,,,,29045,6,1582.82,13.27
,,,,,29045,9,1624.26,13.27
,,,,,29045,12,1571.62,13.27
,,,,,29063,3,1703.91,9.24
,,,,,29063,6,1718.09,9.24
,,,,,29063,9,1736.08,9.24
,,,,,29063,12,1753.48,9.24
,,,,,29072,3,1591.69,18.05
,,,,,29072,6,1612.6,18.05
,,,,,29072,9,1628.28,18.05
,,,,,29072,12,1644.34,18.05
,,,,,29073,3,1904.59,8.83
,,,,,29073,6,1925.64,8.83
,,,,,29073,9,1950.19,8.83
,,,,,29073,12,1966.42,8.83
,,,,,29150,3,1291.74,10.25
,,,,,29150,6,1317.64,10.25
,,,,,29150,9,1333.44,10.25
,,,,,29150,12,1355.08,10.25
,,,,,29154,3,1623.07,10.98
,,,,,29154,6,1647.23,10.98
,,,,,29154,9,1662.37,10.98
,,,,,29154,12,1668.35,10.98
,,,,,29169,3,1691.53,10.58
,,,,,29169,6,1721.99,10.58
,,,,,29169,9,1757.68,10.58
,,,,,29169,12,1787.08,10.58
,,,,,29170,3,1337.91,13.66
,,,,,29170,6,1354.99,13.66
,,,,,29170,9,1380.14,13.66
,,,,,29170,12,1374.73,13.66
,,,,,29201,3,1802.81,12.99
,,,,,29201,6,1823.11,12.99
,,,,,29201,9,1839.97,12.99
,,,,,29201,12,1856.13,12.99
,,,,,29203,3,1277.08,10.51
,,,,,29203,6,1287.78,10.51
,,,,,29203,9,1295.94,10.51
,,,,,29203,12,1310.73,10.51
,,,,,29204,3,1285.39,10.15
,,,,,29204,6,1291.26,10.15
,,,,,29204,9,1308.87,10.15
,,,,,29204,12,1336.4,10.15
,,,,,29205,3,1571.37,7.84
,,,,,29205,6,1586.23,7.84
,,,,,29205,9,1614.19,7.84
,,,,,29205,12,1638.83,7.84
,,,,,29206,3,1486.5,13.93
,,,,,29206,6,1515.43,13.93
,,,,,29206,9,1522.67,13.93
,,,,,29206,12,1533.05,13.93
,,,,,29209,3,1616.3,9.16
,,,,,29209,6,1650.41,9.16
,,,,,29209,9,1681.85,9.16
,,,,,29209,12,1695.28,9.16
,,,,,29210,3,1124.68,9.8
,,,,,29210,6,1141.27,9.8
,,,,,29210,9,1151.85,9.8
,,,,,29210,12,1156.44,9.8
,,,,,29212,3,1468.49,14.06
,,,,,29212,6,1491.66,14.06
,,,,,29212,9,1498.25,14.06
,,,,,29212,12,1520.7,14.06
,,,,,29223,3,1476.75,8.76
,,,,,29223,6,1501.01,8.76
,,,,,29223,9,1525.05,8.76
,,,,,29223,12,1540.55,8.76
,,,,,29229,3,1810.72,13.59
,,,,,29229,6,1828.76,13.59
,,,,,29229,9,1855.4,13.59
,,,,,29229,12,1873.22,13.59
,,,,,29301,3,1291.17,9.93
,,,,,29301,6,1298.12,9.93
,,,,,29301,9,1311.02,9.93
,,,,,29301,12,1323.37,9.93
,,,,,29302,3,1259.99,12.99
,,,,,29302,6,1307.62,12.99
,,,,,29302,9,1318.37,12.99
,,,,,29302,12,1318.57,12.99
,,,,,29303,3,1241.84,12.16
,,,,,29303,6,1248.16,12.16
,,,,,29303,9,1260.16,12.16
,,,,,29303,12,1287.39,12.16
,,,,,29306,3,1227.91,20.41
,,,,,29306,6,1237.23,20.41
,,,,,29306,9,1193.53,20.41
,,,,,29306,12,1214.74,20.41
,,,,,29307,3,1216.1,11.51
,,,,,29307,6,1191.31,11.51
,,,,,29307,9,1237.49,11.51
,,,,,29307,12,1234.46,11.51
,,,,,29316,3,1638.16,9.7
,,,,,29316,6,1664.96,9.7
,,,,,29316,9,1656.83,9.7
,,,,,29316,12,1669.5,9.7
,,,,,29334,3,1828.48,17.91
,,,,,29334,6,1828.19,17.91
,,,,,29334,9,1903.67,17.91
,,,,,29334,12,1870.01,17.91
,,,,,29349,3,1553.44,12.54
,,,,,29349,6,1576.95,12.54
,,,,,29349,9,1575.02,12.54
,,,,,29349,12,1575.39,12.54
,,,,,29369,3,1715.15,0
,,,,,29369,6,1715.15,0
,,,,,29369,9,1715.15,0
,,,,,29369,12,1715.15,0
,,,,,29401,3,3447.14,45.23
,,,,,29401,6,3574.75,45.23
,,,,,29401,9,3630.36,45.23
,,,,,29401,12,3704.73,45.23
,,,,,29403,3,2650.6,13.61
,,,,,29403,6,2693.22,13.61
,,,,,29403,9,2722.6,13.61
,,,,,29403,12,2761.56,13.61
,,,,,29405,3,1886.26,13.07
,,,,,29405,6,1922.48,13.07
,,,,,29405,9,1952.49,13.07
,,,,,29405,12,1973.81,13.07
,,,,,29406,3,1649.53,15.32
,,,,,29406,6,1674.84,15.32
,,,,,29406,9,1696.04,15.32
,,,,,29406,12,1713.96,15.32
,,,,,29407,3,1845.86,11.99
,,,,,29407,6,1856.78,11.99
,,,,,29407,9,1870.78,11.99
,,,,,29407,12,1886.18,11.99
,,,,,29410,3,1754.89,19.41
,,,,,29410,6,1766.19,19.41
,,,,,29410,9,1780.9,19.41
,,,,,29410,12,1806.64,19.41
,,,,,29412,3,2426.94,20.37
,,,,,29412,6,2446.31,20.37
,,,,,29412,9,2472.83,20.37
,,,,,29412,12,2504.41,20.37
,,,,,29414,3,1875.23,6.22
,,,,,29414,6,1885.15,6.22
,,,,,29414,9,1893.58,6.22
,,,,,29414,12,1902.15,6.22
,,,,,29418,3,1568.2,16.05
,,,,,29418,6,1608.66,16.05
,,,,,29418,9,1597.27,16.05
,,,,,29418,12,1616.6,16.05
,,,,,29420,3,1685.64,10.77
,,,,,29420,6,1686.43,10.77
,,,,,29420,9,1707.62,10.77
,,,,,29420,12,1737.45,10.77
,,,,,29445,3,1902.23,13.31
,,,,,29445,6,1931.11,13.31
,,,,,29445,9,1958.72,13.31
,,,,,29445,12,1983.4,13.31
,,,,,29455,3,2644.06,18.05
,,,,,29455,6,2646.06,18.05
,,,,,29455,9,2686.67,18.05
,,,,,29455,12,2689.71,18.05
,,,,,29456,3,1728.94,9.23
,,,,,29456,6,1742.13,9.23
,,,,,29456,9,1766.33,9.23
,,,,,29456,12,1785.12,9.23
,,,,,29461,3,2266.41,11.86
,,,,,29461,6,2318.2,11.86
,,,,,29461,9,2317.49,11.86
,,,,,29461,12,2337.81,11.86
,,,,,29464,3,2360.77,9.79
,,,,,29464,6,2401.42,9.79
,,,,,29464,9,2429.13,9.79
,,,,,29464,12,2451.32,9.79
,,,,,29466,3,2331.49,13.48
,,,,,29466,6,2369.71,13.48
,,,,,29466,9,2408.54,13.48
,,,,,29466,12,2432.74,13.48
,,,,,29483,3,1883.19,11.19
,,,,,29483,6,1915.9,11.19
,,,,,29483,9,1936.76,11.19
,,,,,29483,12,1962.83,11.19
,,,,,29485,3,1654.54,13.22
,,,,,29485,6,1672.03,13.22
,,,,,29485,9,1684.35,13.22
,,,,,29485,12,1700.41,13.22
,,,,,29486,3,1976.64,6.55
,,,,,29486,6,1996.72,6.55
,,,,,29486,9,2010.71,6.55
,,,,,29486,12,2014.98,6.55
,,,,,29492,3,2109.47,26.22
,,,,,29492,6,2147.11,26.22
,,,,,29492,9,2173.91,26.22
,,,,,29492,12,2190.86,26.22
,,,,,29501,3,1228.44,11.9
,,,,,29501,6,1256.83,11.9
,,,,,29501,9,1254.39,11.9
,,,,,29501,12,1299.21,11.9
,,,,,29526,3,1641.93,15.69
,,,,,29526,6,1641.06,15.69
,,,,,29526,9,1635.22,15.69
,,,,,29526,12,1654.64,15.69
,,,,,29566,3,1630.5,17.81
,,,,,29566,6,1626.13,17.81
,,,,,29566,9,1619.75,17.81
,,,,,29566,12,1639.04,17.81
,,,,,29572,3,1457.1,20.3
,,,,,29572,6,1429.24,20.3
,,,,,29572,9,1408.11,20.3
,,,,,29572,12,1412.61,20.3
,,,,,29575,3,1641.83,12.88
,,,,,29575,6,1678.86,12.88
,,,,,29575,9,1674.71,12.88
,,,,,29575,12,1666.89,12.88
,,,,,29576,3,1849.75,15.27
,,,,,29576,6,1810.83,15.27
,,,,,29576,9,1822.92,15.27
,,,,,29576,12,1833.09,15.27
,,,,,29577,3,1589.28,8.11
,,,,,29577,6,1598.67,8.11
,,,,,29577,9,1613.88,8.11
,,,,,29577,12,1617.62,8.11
,,,,,29579,3,1760.61,7.13
,,,,,29579,6,1765.98,7.13
,,,,,29579,9,1787.5,7.13
,,,,,29579,12,1798.26,7.13
,,,,,29582,3,1867.23,9.57
,,,,,29582,6,1872.91,9.57
,,,,,29582,9,1857.15,9.57
,,,,,29582,12,1901.61,9.57
,,,,,29588,3,1811.76,12.09
,,,,,29588,6,1819.52,12.09
,,,,,29588,9,1824.28,12.09
,,,,,29588,12,1832.57,12.09
,,,,,29601,3,1750.33,12.34
,,,,,29601,6,1767.75,12.34
,,,,,29601,9,1777.98,12.34
,,,,,29601,12,1797.01,12.34
,,,,,29605,3,1796.61,12.62
,,,,,29605,6,1827.75,12.62
,,,,,29605,9,1864.27,12.62
,,,,,29605,12,1884.44,12.62
,,,,,29607,3,1483.63,8.59
,,,,,29607,6,1494.17,8.59
,,,,,29607,9,1514.04,8.59
,,,,,29607,12,1527.71,8.59
,,,,,29609,3,1528.2,16.82
,,,,,29609,6,1539.6,16.82
,,,,,29609,9,1572.34,16.82
,,,,,29609,12,1589.25,16.82
,,,,,29611,3,1617.72,10.91
,,,,,29611,6,1639.6,10.91
,,,,,29611,9,1664.26,10.91
,,,,,29611,12,1684.46,10.91
,,,,,29615,3,1343.15,11.12
,,,,,29615,6,1360.05,11.12
,,,,,29615,9,1367.17,11.12
,,,,,29615,12,1378.87,11.12
,,,,,29621,3,1161.48,21.05
,,,,,29621,6,1150.31,21.05
,,,,,29621,9,1154.02,21.05
,,,,,29621,12,1198.63,21.05
,,,,,29625,3,1233.76,0.71
,,,,,29625,6,1233.76,0.71
,,,,,29625,9,1233.76,0.71
,,,,,29625,12,1236.31,0.71
,,,,,29631,3,1264.11,0
,,,,,29631,6,1264.11,0
,,,,,29631,9,1264.11,0
,,,,,29631,12,1264.11,0
,,,,,29640,3,1490.74,11.56
,,,,,29640,6,1500.21,11.56
,,,,,29640,9,1518.86,11.56
,,,,,29640,12,1558.86,11.56
,,,,,29644,3,2076.03,14.05
,,,,,29644,6,2074.13,14.05
,,,,,29644,9,2073.91,14.05
,,,,,29644,12,2060.54,14.05
,,,,,29650,3,1672.28,5.29
,,,,,29650,6,1682.63,5.29
,,,,,29650,9,1695.83,5.29
,,,,,29650,12,1709.46,5.29
,,,,,29651,3,1574.01,12.19
,,,,,29651,6,1586.51,12.19
,,,,,29651,9,1608.27,12.19
,,,,,29651,12,1628.96,12.19
,,,,,29662,3,1389.64,7.14
,,,,,29662,6,1403.73,7.14
,,,,,29662,9,1399.93,7.14
,,,,,29662,12,1401.86,7.14
,,,,,29673,3,1403.46,11.28
,,,,,29673,6,1408.58,11.28
,,,,,29673,9,1404.15,11.28
,,,,,29673,12,1434.18,11.28
,,,,,29680,3,1702.35,12.34
,,,,,29680,6,1721.58,12.34
,,,,,29680,9,1732.96,12.34
,,,,,29680,12,1742.56,12.34
,,,,,29681,3,1781.56,4.41
,,,,,29681,6,1795.15,4.41
,,,,,29681,9,1805.62,4.41
,,,,,29681,12,1820.73,4.41
,,,,,29687,3,1426.18,16.13
,,,,,29687,6,1419.11,16.13
,,,,,29687,9,1431.64,16.13
,,,,,29687,12,1454.12,16.13
,,,,,29707,3,1655.5,10.72
,,,,,29707,6,1665.36,10.72
,,,,,29707,9,1670.63,10.72
,,,,,29707,12,1674.99,10.72
,,,,,29708,3,1701.4,9.71
,,,,,29708,6,1708.98,9.71
,,,,,29708,9,1708.11,9.71
,,,,,29708,12,1703.75,9.71
,,,,,29710,3,2077.89,3.97
,,,,,29710,6,2077.89,3.97
,,,,,29710,9,2077.89,3.97
,,,,,29710,12,2092.26,3.97
,,,,,29715,3,1838.12,12.52
,,,,,29715,6,1845.62,12.52
,,,,,29715,9,1834.77,12.52
,,,,,29715,12,1866.76,12.52
,,,,,29730,3,1497.27,7.63
,,,,,29730,6,1497.3,7.63
,,,,,29730,9,1496.76,7.63
,,,,,29730,12,1501.58,7.63
,,,,,29732,3,1563.93,9
,,,,,29732,6,1579.42,9
,,,,,29732,9,1585.34,9
,,,,,29732,12,1590.4,9
,,,,,29801,3,1364.63,9.81
,,,,,29801,6,1373.29,9.81
,,,,,29801,9,1404.08,9.81
,,,,,29801,12,1429.06,9.81
,,,,,29803,3,1346.4,6.54
,,,,,29803,6,1366.59,6.54
,,,,,29803,9,1385.93,6.54
,,,,,29803,12,1392.77,6.54
,,,,,29841,3,1495.75,22.33
,,,,,29841,6,1527.82,22.33
,,,,,29841,9,1560.31,22.33
,,,,,29841,12,1601.36,22.33
,,,,,29902,3,1704.52,14.04
,,,,,29902,6,1720.87,14.04
,,,,,29902,9,1749.49,14.04
,,,,,29902,12,1747.4,14.04
,,,,,29906,3,1826.32,27.32
,,,,,29906,6,1897.08,27.32
,,,,,29906,9,1894.49,27.32
,,,,,29906,12,1919.65,27.32
,,,,,29907,3,2074.63,3.51
,,,,,29907,6,2074.63,3.51
,,,,,29907,9,2074.63,3.51
,,,,,29907,12,2087.33,3.51
,,,,,29909,3,2556.56,19.86
,,,,,29909,6,2591.75,19.86
,,,,,29909,9,2596.35,19.86
,,,,,29909,12,2633.77,19.86
,,,,,29910,3,2260.65,20.31
,,,,,29910,6,2310.65,20.31
,,,,,29910,9,2360.43,20.31
,,,,,29910,12,2380.35,20.31
,,,,,29926,3,2879.03,22.17
,,,,,29926,6,2874.12,22.17
,,,,,29926,9,2914.88,22.17
,,,,,29926,12,2957.75,22.17
,,,,,29927,3,1567.93,5.29
,,,,,29927,6,1567.93,5.29
,,,,,29927,9,1567.93,5.29
,,,,,29927,12,1548.79,5.29
,,,,,29928,3,3549.76,50.75
,,,,,29928,6,3409.82,50.75
,,,,,29928,9,3557.42,50.75
,,,,,29928,12,3702.04,50.75
,,,,,29935,3,1700.62,35.8
,,,,,29935,6,1704.51,35.8
,,,,,29935,9,1704.76,35.8
,,,,,29935,12,1893.65,35.8
,,,,,30004,3,2019.52,6.29
,,,,,30004,6,2031.02,6.29
,,,,,30004,9,2044.37,6.29
,,,,,30004,12,2068.86,6.29
,,,,,30005,3,1947.45,12.57
,,,,,30005,6,1950.89,12.57
,,,,,30005,9,1968.41,12.57
,,,,,30005,12,1989.31,12.57
,,,,,30008,3,1736.23,12.46
,,,,,30008,6,1757.4,12.46
,,,,,30008,9,1779.22,12.46
,,,,,30008,12,1797.73,12.46
,,,,,30009,3,2452.78,22.58
,,,,,30009,6,2478.22,22.58
,,,,,30009,9,2525.88,22.58
,,,,,30009,12,2536.8,22.58
,,,,,30011,3,2354.17,12.89
,,,,,30011,6,2367.81,12.89
,,,,,30011,9,2356.12,12.89
,,,,,30011,12,2373.83,12.89
,,,,,30012,3,1635.16,11.74
,,,,,30012,6,1639.47,11.74
,,,,,30012,9,1639.42,11.74
,,,,,30012,12,1651.94,11.74
,,,,,30013,3,1607.57,15.08
,,,,,30013,6,1617.57,15.08
,,,,,30013,9,1615,15.08
,,,,,30013,12,1632.7,15.08
,,,,,30014,3,1771.54,11.17
,,,,,30014,6,1764.18,11.17
,,,,,30014,9,1770.43,11.17
,,,,,30014,12,1782.67,11.17
,,,,,30016,3,1878.92,8.54
,,,,,30016,6,1895.86,8.54
,,,,,30016,9,1927.21,8.54
,,,,,30016,12,1938.12,8.54
,,,,,30017,3,2244.46,15.83
,,,,,30017,6,2255.32,15.83
,,,,,30017,9,2246.12,15.83
,,,,,30017,12,2279.88,15.83
,,,,,30019,3,2353.21,16.53
,,,,,30019,6,2375.92,16.53
,,,,,30019,9,2404.3,16.53
,,,,,30019,12,2426.9,16.53
,,,,,30021,3,1470.33,10.11
,,,,,30021,6,1470.33,10.11
,,,,,30021,9,1470.33,10.11
,,,,,30021,12,1433.73,10.11
,,,,,30022,3,2004.26,11.07
,,,,,30022,6,2013.68,11.07
,,,,,30022,9,2035.46,11.07
,,,,,30022,12,2069.4,11.07
,,,,,30024,3,1984.46,9.24
,,,,,30024,6,2001.49,9.24
,,,,,30024,9,2024.29,9.24
,,,,,30024,12,2045.71,9.24
,,,,,30028,3,2290.11,11.65
,,,,,30028,6,2311.39,11.65
,,,,,30028,9,2320.1,11.65
,,,,,30028,12,2328.09,11.65
,,,,,30030,3,1803.93,9.14
,,,,,30030,6,1812.6,9.14
,,,,,30030,9,1833.79,9.14
,,,,,30030,12,1843.23,9.14
,,,,,30032,3,1710.22,13.25
,,,,,30032,6,1729.8,13.25
,,,,,30032,9,1754.07,13.25
,,,,,30032,12,1783.94,13.25
,,,,,30033,3,2037.7,17.18
,,,,,30033,6,2057.38,17.18
,,,,,30033,9,2071.97,17.18
,,,,,30033,12,2086.36,17.18
,,,,,30034,3,1785.68,10.42
,,,,,30034,6,1812.73,10.42
,,,,,30034,9,1838.51,10.42
,,,,,30034,12,1857.59,10.42
,,,,,30035,3,1900.31,9.48
,,,,,30035,6,1933.52,9.48
,,,,,30035,9,1951.95,9.48
,,,,,30035,12,1967.31,9.48
,,,,,30038,3,1656.58,8.7
,,,,,30038,6,1671.43,8.7
,,,,,30038,9,1681.8,8.7
,,,,,30038,12,1691.78,8.7
,,,,,30039,3,2081.68,9.63
,,,,,30039,6,2105.89,9.63
,,,,,30039,9,2127.25,9.63
,,,,,30039,12,2148.17,9.63
,,,,,30040,3,2314.21,11.54
,,,,,30040,6,2351.07,11.54
,,,,,30040,9,2374.36,11.54
,,,,,30040,12,2390.46,11.54
,,,,,30041,3,2244.6,10.73
,,,,,30041,6,2259.95,10.73
,,,,,30041,9,2288.61,10.73
,,,,,30041,12,2307.01,10.73
,,,,,30043,3,1945.4,11.33
,,,,,30043,6,1951.68,11.33
,,,,,30043,9,1962.38,11.33
,,,,,30043,12,1979.95,11.33
,,,,,30044,3,1813.85,13.12
,,,,,30044,6,1843.07,13.12
,,,,,30044,9,1869.59,13.12
,,,,,30044,12,1889.49,13.12
,,,,,30045,3,2329.28,14.27
,,,,,30045,6,2345.5,14.27
,,,,,30045,9,2380.82,14.27
,,,,,30045,12,2398.17,14.27
,,,,,30046,3,1885.06,14.01
,,,,,30046,6,1899.76,14.01
,,,,,30046,9,1914.56,14.01
,,,,,30046,12,1934.71,14.01
,,,,,30047,3,2123.03,15.88
,,,,,30047,6,2120.83,15.88
,,,,,30047,9,2128.76,15.88
,,,,,30047,12,2144.62,15.88
,,,,,30052,3,2278.29,13.42
,,,,,30052,6,2303.03,13.42
,,,,,30052,9,2328.15,13.42
,,,,,30052,12,2363.54,13.42
,,,,,30058,3,1803.92,9.28
,,,,,30058,6,1807.43,9.28
,,,,,30058,9,1818.59,9.28
,,,,,30058,12,1842.23,9.28
,,,,,30060,3,1647.67,11.08
,,,,,30060,6,1662.71,11.08
,,,,,30060,9,1677.15,11.08
,,,,,30060,12,1697.5,11.08
,,,,,30062,3,2062.05,11.13
,,,,,30062,6,2083.28,11.13
,,,,,30062,9,2107.97,11.13
,,,,,30062,12,2131.39,11.13
,,,,,30064,3,1999.06,26.28
,,,,,30064,6,2000.66,26.28
,,,,,30064,9,2024.77,26.28
,,,,,30064,12,2038.42,26.28
,,,,,30066,3,1869.46,10.35
,,,,,30066,6,1888.59,10.35
,,,,,30066,9,1911.76,10.35
,,,,,30066,12,1933.94,10.35
,,,,,30067,3,1544.53,10.04
,,,,,30067,6,1550.34,10.04
,,,,,30067,9,1570.32,10.04
,,,,,30067,12,1588.27,10.04
,,,,,30068,3,2481.89,19.23
,,,,,30068,6,2508.18,19.23
,,,,,30068,9,2540.88,19.23
,,,,,30068,12,2534.25,19.23
,,,,,30071,3,1852.13,23.25
,,,,,30071,6,1865.55,23.25
,,,,,30071,9,1857.51,23.25
,,,,,30071,12,1861.91,23.25
,,,,,30075,3,1899.73,22.27
,,,,,30075,6,1917.66,22.27
,,,,,30075,9,1936.07,22.27
,,,,,30075,12,1963.67,22.27
,,,,,30076,3,1785.97,7.71
,,,,,30076,6,1810.31,7.71
,,,,,30076,9,1835.38,7.71
,,,,,30076,12,1862.01,7.71
,,,,,30078,3,2075.38,8.96
,,,,,30078,6,2095.65,8.96
,,,,,30078,9,2114.61,8.96
,,,,,30078,12,2135.93,8.96
,,,,,30080,3,1693.69,7.96
,,,,,30080,6,1720.99,7.96
,,,,,30080,9,1740.12,7.96
,,,,,30080,12,1762.55,7.96
,,,,,30082,3,2045.36,10.44
,,,,,30082,6,2072.67,10.44
,,,,,30082,9,2097.26,10.44
,,,,,30082,12,2121.32,10.44
,,,,,30083,3,1495.23,6.62
,,,,,30083,6,1509.55,6.62
,,,,,30083,9,1526.01,6.62
,,,,,30083,12,1539.11,6.62
,,,,,30084,3,1779.51,19.78
,,,,,30084,6,1792.3,19.78
,,,,,30084,9,1799.16,19.78
,,,,,30084,12,1801.94,19.78
,,,,,30087,3,1957.44,13.04
,,,,,30087,6,1969.73,13.04
,,,,,30087,9,1981.07,13.04
,,,,,30087,12,2016.5,13.04
,,,,,30088,3,1720.06,17.83
,,,,,30088,6,1740.47,17.83
,,,,,30088,9,1748.34,17.83
,,,,,30088,12,1772.11,17.83
,,,,,30092,3,1481.13,5.89
,,,,,30092,6,1493.06,5.89
,,,,,30092,9,1499.69,5.89
,,,,,30092,12,1506.28,5.89
,,,,,30093,3,1426.78,7.92
,,,,,30093,6,1439.95,7.92
,,,,,30093,9,1453.89,7.92
,,,,,30093,12,1460.11,7.92
,,,,,30094,3,1828.63,10.75
,,,,,30094,6,1848.21,10.75
,,,,,30094,9,1862.06,10.75
,,,,,30094,12,1884.21,10.75
,,,,,30096,3,1630.68,6.25
,,,,,30096,6,1652.64,6.25
,,,,,30096,9,1675.27,6.25
,,,,,30096,12,1693.23,6.25
,,,,,30097,3,1899.53,6.51
,,,,,30097,6,1912.39,6.51
,,,,,30097,9,1924.66,6.51
,,,,,30097,12,1950.36,6.51
,,,,,30101,3,2069.22,16.23
,,,,,30101,6,2094.29,16.23
,,,,,30101,9,2134.68,16.23
,,,,,30101,12,2155.63,16.23
,,,,,30102,3,1983.91,14.73
,,,,,30102,6,1998.66,14.73
,,,,,30102,9,2009.09,14.73
,,,,,30102,12,2027.83,14.73
,,,,,30106,3,1827.99,10.38
,,,,,30106,6,1855.71,10.38
,,,,,30106,9,1880.04,10.38
,,,,,30106,12,1911.7,10.38
,,,,,30107,3,2052.89,6.94
,,,,,30107,6,2052.89,6.94
,,,,,30107,9,2052.89,6.94
,,,,,30107,12,2027.8,6.94
,,,,,30114,3,2113.63,14.53
,,,,,30114,6,2141.82,14.53
,,,,,30114,9,2172.96,14.53
,,,,,30114,12,2193.33,14.53
,,,,,30115,3,1926.56,8.92
,,,,,30115,6,1941.21,8.92
,,,,,30115,9,1959.86,8.92
,,,,,30115,12,1973.43,8.92
,,,,,30117,3,1366.78,6.46
,,,,,30117,6,1377.94,6.46
,,,,,30117,9,1400.81,6.46
,,,,,30117,12,1412.13,6.46
,,,,,30120,3,1711.64,11.2
,,,,,30120,6,1720.14,11.2
,,,,,30120,9,1727.82,11.2
,,,,,30120,12,1729.46,11.2
,,,,,30121,3,1708.64,7.59
,,,,,30121,6,1715.61,7.59
,,,,,30121,9,1725.91,7.59
,,,,,30121,12,1748.28,7.59
,,,,,30122,3,1549.76,10.22
,,,,,30122,6,1557.36,10.22
,,,,,30122,9,1565.9,10.22
,,,,,30122,12,1573.61,10.22
,,,,,30126,3,2002.67,9.35
,,,,,30126,6,2022.58,9.35
,,,,,30126,9,2041.38,9.35
,,,,,30126,12,2064.58,9.35
,,,,,30127,3,2081.46,10.35
,,,,,30127,6,2107.96,10.35
,,,,,30127,9,2135.86,10.35
,,,,,30127,12,2154.98,10.35
,,,,,30132,3,2251.36,14.1
,,,,,30132,6,2276.16,14.1
,,,,,30132,9,2292.46,14.1
,,,,,30132,12,2305.37,14.1
,,,,,30134,3,1742.33,11.84
,,,,,30134,6,1779.8,11.84
,,,,,30134,9,1808.97,11.84
,,,,,30134,12,1828.96,11.84
,,,,,30135,3,2041.46,12.55
,,,,,30135,6,2069.04,12.55
,,,,,30135,9,2098.26,12.55
,,,,,30135,12,2118.82,12.55
,,,,,30141,3,1968.03,19.56
,,,,,30141,6,1997.32,19.56
,,,,,30141,9,2017.57,19.56
,,,,,30141,12,2023.17,19.56
,,,,,30144,3,1794.8,6.86
,,,,,30144,6,1806.32,6.86
,,,,,30144,9,1829.94,6.86
,,,,,30144,12,1853.6,6.86
,,,,,30152,3,2102.05,15.32
,,,,,30152,6,2118.8,15.32
,,,,,30152,9,2148.38,15.32
,,,,,30152,12,2174.39,15.32
,,,,,30157,3,2022.07,6.8
,,,,,30157,6,2056.97,6.8
,,,,,30157,9,2074.19,6.8
,,,,,30157,12,2089.8,6.8
,,,,,30161,3,1199.8,13.92
,,,,,30161,6,1195.35,13.92
,,,,,30161,9,1209.78,13.92
,,,,,30161,12,1201.54,13.92
,,,,,30165,3,1220.11,6.37
,,,,,30165,6,1211.2,6.37
,,,,,30165,9,1213.42,6.37
,,,,,30165,12,1221.92,6.37
,,,,,30168,3,1812.5,11.43
,,,,,30168,6,1831.57,11.43
,,,,,30168,9,1849.24,11.43
,,,,,30168,12,1871.72,11.43
,,,,,30179,3,1727.5,23.65
,,,,,30179,6,1734.72,23.65
,,,,,30179,9,1730.48,23.65
,,,,,30179,12,1710.5,23.65
,,,,,30180,3,1927.43,16.28
,,,,,30180,6,1947.59,16.28
,,,,,30180,9,1969.28,16.28
,,,,,30180,12,1984.91,16.28
,,,,,30188,3,2140.08,11.52
,,,,,30188,6,2176.64,11.52
,,,,,30188,9,2205.64,11.52
,,,,,30188,12,2236.83,11.52
,,,,,30189,3,2098.99,17.04
,,,,,30189,6,2099.56,17.04
,,,,,30189,9,2101.23,17.04
,,,,,30189,12,2135.31,17.04
,,,,,30213,3,2020.09,14.35
,,,,,30213,6,2034.9,14.35
,,,,,30213,9,2051.89,14.35
,,,,,30213,12,2061.84,14.35
,,,,,30214,3,2168.1,19.36
,,,,,30214,6,2163.49,19.36
,,,,,30214,9,2182.76,19.36
,,,,,30214,12,2184.39,19.36
,,,,,30215,3,2413.83,20.85
,,,,,30215,6,2454.31,20.85
,,,,,30215,9,2469.94,20.85
,,,,,30215,12,2501.69,20.85
,,,,,30223,3,1268.03,7.09
,,,,,30223,6,1279.13,7.09
,,,,,30223,9,1302.93,7.09
,,,,,30223,12,1306.78,7.09
,,,,,30224,3,1476.6,13.57
,,,,,30224,6,1476.6,13.57
,,,,,30224,9,1523.82,13.57
,,,,,30224,12,1528.82,13.57
,,,,,30228,3,1937.9,14.92
,,,,,30228,6,1952.9,14.92
,,,,,30228,9,1970.75,14.92
,,,,,30228,12,1989.32,14.92
,,,,,30236,3,1661.29,8.92
,,,,,30236,6,1684.83,8.92
,,,,,30236,9,1713.45,8.92
,,,,,30236,12,1735.69,8.92
,,,,,30238,3,1735.7,15.08
,,,,,30238,6,1764.8,15.08
,,,,,30238,9,1791.38,15.08
,,,,,30238,12,1807.49,15.08
,,,,,30240,3,1438.34,28.03
,,,,,30240,6,1432.93,28.03
,,,,,30240,9,1432.94,28.03
,,,,,30240,12,1463.75,28.03
,,,,,30241,3,1220.81,14.52
,,,,,30241,6,1242.32,14.52
,,,,,30241,9,1267.68,14.52
,,,,,30241,12,1287.86,14.52
,,,,,30248,3,2145.99,11.2
,,,,,30248,6,2176.8,11.2
,,,,,30248,9,2193.33,11.2
,,,,,30248,12,2208.65,11.2
,,,,,30252,3,2140.94,14.07
,,,,,30252,6,2164.36,14.07
,,,,,30252,9,2184.25,14.07
,,,,,30252,12,2193.19,14.07
,,,,,30253,3,1866.68,7.22
,,,,,30253,6,1869.5,7.22
,,,,,30253,9,1886.51,7.22
,,,,,30253,12,1897.73,7.22
,,,,,30260,3,1567.88,13.85
,,,,,30260,6,1574.74,13.85
,,,,,30260,9,1588.26,13.85
,,,,,30260,12,1596.79,13.85
,,,,,30263,3,1627.07,10.66
,,,,,30263,6,1643.71,10.66
,,,,,30263,9,1665.45,10.66
,,,,,30263,12,1690.66,10.66
,,,,,30265,3,1891.26,14.03
,,,,,30265,6,1919.98,14.03
,,,,,30265,9,1954.18,14.03
,,,,,30265,12,1971.62,14.03
,,,,,30269,3,2196.43,15.71
,,,,,30269,6,2206.37,15.71
,,,,,30269,9,2215.69,15.71
,,,,,30269,12,2242.69,15.71
,,,,,30273,3,1818.46,16.15
,,,,,30273,6,1855.04,16.15
,,,,,30273,9,1860.13,16.15
,,,,,30273,12,1876.89,16.15
,,,,,30274,3,1589.29,16.33
,,,,,30274,6,1616.95,16.33
,,,,,30274,9,1620.14,16.33
,,,,,30274,12,1636.53,16.33
,,,,,30281,3,1598.35,5.52
,,,,,30281,6,1609.03,5.52
,,,,,30281,9,1627.82,5.52
,,,,,30281,12,1643.66,5.52
,,,,,30291,3,1871.89,10.92
,,,,,30291,6,1895.95,10.92
,,,,,30291,9,1923.28,10.92
,,,,,30291,12,1937.54,10.92
,,,,,30294,3,1906.18,16.27
,,,,,30294,6,1920.23,16.27
,,,,,30294,9,1937.54,16.27
,,,,,30294,12,1957.73,16.27
,,,,,30296,3,1740.57,14.35
,,,,,30296,6,1758.73,14.35
,,,,,30296,9,1776.26,14.35
,,,,,30296,12,1786.09,14.35
,,,,,30297,3,1389.89,16.15
,,,,,30297,6,1377.05,16.15
,,,,,30297,9,1348.98,16.15
,,,,,30297,12,1342.41,16.15
,,,,,30303,3,2098.24,22.44
,,,,,30303,6,2084.87,22.44
,,,,,30303,9,2030.8,22.44
,,,,,30303,12,2012.73,22.44
,,,,,30305,3,2114.89,11.96
,,,,,30305,6,2141.04,11.96
,,,,,30305,9,2145.12,11.96
,,,,,30305,12,2156.56,11.96
,,,,,30306,3,1802.85,11.94
,,,,,30306,6,1805.94,11.94
,,,,,30306,9,1824.29,11.94
,,,,,30306,12,1820.48,11.94
,,,,,30307,3,2013.84,11.36
,,,,,30307,6,2025.67,11.36
,,,,,30307,9,2041.67,11.36
,,,,,30307,12,2048.48,11.36
,,,,,30308,3,1989.58,8.72
,,,,,30308,6,2010,8.72
,,,,,30308,9,2038.28,8.72
,,,,,30308,12,2059.06,8.72
,,,,,30309,3,2139.53,12.98
,,,,,30309,6,2171.31,12.98
,,,,,30309,9,2211.88,12.98
,,,,,30309,12,2215.35,12.98
,,,,,30310,3,1903.16,15.04
,,,,,30310,6,1921.35,15.04
,,,,,30310,9,1946.45,15.04
,,,,,30310,12,1974.87,15.04
,,,,,30311,3,1743.51,33.96
,,,,,30311,6,1760.32,33.96
,,,,,30311,9,1765.84,33.96
,,,,,30311,12,1735.95,33.96
,,,,,30312,3,1844.41,11.15
,,,,,30312,6,1870.18,11.15
,,,,,30312,9,1881.91,11.15
,,,,,30312,12,1891.03,11.15
,,,,,30313,3,1831.29,21.11
,,,,,30313,6,1838.78,21.11
,,,,,30313,9,1846.03,21.11
,,,,,30313,12,1846.14,21.11
,,,,,30314,3,1708.86,18.27
,,,,,30314,6,1719.04,18.27
,,,,,30314,9,1743.13,18.27
,,,,,30314,12,1737.36,18.27
,,,,,30315,3,1856.41,10.65
,,,,,30315,6,1889.05,10.65
,,,,,30315,9,1921.84,10.65
,,,,,30315,12,1947.8,10.65
,,,,,30316,3,1887.18,7.68
,,,,,30316,6,1912.37,7.68
,,,,,30316,9,1937.99,7.68
,,,,,30316,12,1957.45,7.68
,,,,,30317,3,1945.78,20.55
,,,,,30317,6,1939.85,20.55
,,,,,30317,9,1953.76,20.55
,,,,,30317,12,1959.27,20.55
,,,,,30318,3,1812.86,7.03
,,,,,30318,6,1847.28,7.03
,,,,,30318,9,1870.82,7.03
,,,,,30318,12,1885.64,7.03
,,,,,30319,3,1864.23,8.24
,,,,,30319,6,1887.79,8.24
,,,,,30319,9,1911.66,8.24
,,,,,30319,12,1923.64,8.24
,,,,,30324,3,1703.19,7.45
,,,,,30324,6,1714.81,7.45
,,,,,30324,9,1729.86,7.45
,,,,,30324,12,1740.05,7.45
,,,,,30326,3,1923.96,7.35
,,,,,30326,6,1934.34,7.35
,,,,,30326,9,1937.37,7.35
,,,,,30326,12,1944.12,7.35
,,,,,30327,3,1720.84,14.07
,,,,,30327,6,1729.81,14.07
,,,,,30327,9,1740.26,14.07
,,,,,30327,12,1752.26,14.07
,,,,,30328,3,1843.84,10.54
,,,,,30328,6,1850.77,10.54
,,,,,30328,9,1863.24,10.54
,,,,,30328,12,1878.3,10.54
,,,,,30329,3,1730.42,15.3
,,,,,30329,6,1739.61,15.3
,,,,,30329,9,1763.8,15.3
,,,,,30329,12,1770.55,15.3
,,,,,30331,3,1759.86,17.5
,,,,,30331,6,1800.91,17.5
,,,,,30331,9,1803.13,17.5
,,,,,30331,12,1835.15,17.5
,,,,,30337,3,1340.13,12.28
,,,,,30337,6,1337.6,12.28
,,,,,30337,9,1334.14,12.28
,,,,,30337,12,1379.35,12.28
,,,,,30338,3,1694.02,5.35
,,,,,30338,6,1688.15,5.35
,,,,,30338,9,1694.91,5.35
,,,,,30338,12,1706.25,5.35
,,,,,30339,3,1775.2,10.59
,,,,,30339,6,1782.16,10.59
,,,,,30339,9,1790.37,10.59
,,,,,30339,12,1802.12,10.59
,,,,,30340,3,1376.38,26.19
,,,,,30340,6,1429.06,26.19
,,,,,30340,9,1441.87,26.19
,,,,,30340,12,1438.51,26.19
,,,,,30341,3,1837.78,12.87
,,,,,30341,6,1857.32,12.87
,,,,,30341,9,1873.44,12.87
,,,,,30341,12,1887.4,12.87
,,,,,30342,3,1735.4,15.45
,,,,,30342,6,1743.73,15.45
,,,,,30342,9,1758.16,15.45
,,,,,30342,12,1770.87,15.45
,,,,,30344,3,1506.11,17.62
,,,,,30344,6,1505.17,17.62
,,,,,30344,9,1531.81,17.62
,,,,,30344,12,1545.81,17.62
,,,,,30345,3,1638.94,9.28
,,,,,30345,6,1640.72,9.28
,,,,,30345,9,1638.04,9.28
,,,,,30345,12,1627.29,9.28
,,,,,30346,3,1863.12,19
,,,,,30346,6,1878.57,19
,,,,,30346,9,1898.98,19
,,,,,30346,12,1895.28,19
,,,,,30349,3,1853.36,10.46
,,,,,30349,6,1874.93,10.46
,,,,,30349,9,1906.56,10.46
,,,,,30349,12,1919.92,10.46
,,,,,30350,3,1509.22,9.25
,,,,,30350,6,1524.37,9.25
,,,,,30350,9,1528.84,9.25
,,,,,30350,12,1535.99,9.25
,,,,,30354,3,1719.01,30.9
,,,,,30354,6,1739.02,30.9
,,,,,30354,9,1726.17,30.9
,,,,,30354,12,1784.7,30.9
,,,,,30360,3,2006.73,24.68
,,,,,30360,6,2021.47,24.68
,,,,,30360,9,2012.89,24.68
,,,,,30360,12,2044.25,24.68
,,,,,30363,3,2204.62,20.65
,,,,,30363,6,2267.17,20.65
,,,,,30363,9,2203.77,20.65
,,,,,30363,12,2195.31,20.65
,,,,,30458,3,1309.62,10.94
,,,,,30458,6,1317.12,10.94
,,,,,30458,9,1320.6,10.94
,,,,,30458,12,1335.51,10.94
,,,,,30501,3,1488.13,14.15
,,,,,30501,6,1501.17,14.15
,,,,,30501,9,1502.88,14.15
,,,,,30501,12,1515.01,14.15
,,,,,30504,3,2141.6,24.83
,,,,,30504,6,2158.88,24.83
,,,,,30504,9,2169.89,24.83
,,,,,30504,12,2196.25,24.83
,,,,,30506,3,2056.63,23.74
,,,,,30506,6,2119.69,23.74
,,,,,30506,9,2130.29,23.74
,,,,,30506,12,2156.38,23.74
,,,,,30517,3,2348.44,17.35
,,,,,30517,6,2372.05,17.35
,,,,,30517,9,2376.56,17.35
,,,,,30517,12,2367.63,17.35
,,,,,30518,3,2111.72,7.58
,,,,,30518,6,2138.56,7.58
,,,,,30518,9,2167.08,7.58
,,,,,30518,12,2190.72,7.58
,,,,,30519,3,2163.13,15.26
,,,,,30519,6,2167.18,15.26
,,,,,30519,9,2177.36,15.26
,,,,,30519,12,2192.86,15.26
,,,,,30529,3,1579.68,0.4
,,,,,30529,6,1579.68,0.4
,,,,,30529,9,1579.68,0.4
,,,,,30529,12,1581.13,0.4
,,,,,30534,3,2126.59,15.35
,,,,,30534,6,2142.15,15.35
,,,,,30534,9,2147.41,15.35
,,,,,30534,12,2177.63,15.35
,,,,,30542,3,1936.16,11.02
,,,,,30542,6,1965.15,11.02
,,,,,30542,9,1962.61,11.02
,,,,,30542,12,1971.54,11.02
,,,,,30548,3,2092.57,17.22
,,,,,30548,6,2091.73,17.22
,,,,,30548,9,2118.9,17.22
,,,,,30548,12,2090.97,17.22
,,,,,30549,3,1748.46,19.07
,,,,,30549,6,1753.01,19.07
,,,,,30549,9,1748.7,19.07
,,,,,30549,12,1730.79,19.07
,,,,,30566,3,1492.24,18.54
,,,,,30566,6,1429.86,18.54
,,,,,30566,9,1481.96,18.54
,,,,,30566,12,1448.96,18.54
,,,,,30567,3,2006.64,6.69
,,,,,30567,6,2004.23,6.69
,,,,,30567,9,2003.51,6.69
,,,,,30567,12,2023.65,6.69
,,,,,30601,3,1793.13,7.08
,,,,,30601,6,1805.97,7.08
,,,,,30601,9,1811.51,7.08
,,,,,30601,12,1819.77,7.08
,,,,,30605,3,1627.07,7.28
,,,,,30605,6,1645.8,7.28
,,,,,30605,9,1666.22,7.28
,,,,,30605,12,1690.24,7.28
,,,,,30606,3,1619.59,8.28
,,,,,30606,6,1635.59,8.28
,,,,,30606,9,1666.93,8.28
,,,,,30606,12,1684.93,8.28
,,,,,30655,3,1704.33,14.92
,,,,,30655,6,1705.87,14.92
,,,,,30655,9,1698.47,14.92
,,,,,30655,12,1677.8,14.92
,,,,,30680,3,1990.69,23.04
,,,,,30680,6,1999.19,23.04
,,,,,30680,9,2007.33,23.04
,,,,,30680,12,2026.56,23.04
,,,,,30701,3,1554.07,11.28
,,,,,30701,6,1560.37,11.28
,,,,,30701,9,1592.5,11.28
,,,,,30701,12,1631.72,11.28
,,,,,30736,3,1698.13,7.4
,,,,,30736,6,1820.04,7.4
,,,,,30736,9,1931.33,7.4
,,,,,30736,12,2063.15,7.4
,,,,,30741,3,1377.96,14.01
,,,,,30741,6,1354.21,14.01
,,,,,30741,9,1369.53,14.01
,,,,,30741,12,1420.81,14.01
,,,,,30809,3,1887.41,14.13
,,,,,30809,6,1896.53,14.13
,,,,,30809,9,1904.34,14.13
,,,,,30809,12,1909.21,14.13
,,,,,30813,3,1815.69,7.03
,,,,,30813,6,1838.17,7.03
,,,,,30813,9,1860,7.03
,,,,,30813,12,1879.27,7.03
,,,,,30815,3,1361.6,14.22
,,,,,30815,6,1366.71,14.22
,,,,,30815,9,1382.92,14.22
,,,,,30815,12,1390.56,14.22
,,,,,30901,3,1065.01,13.1
,,,,,30901,6,1061.41,13.1
,,,,,30901,9,1065.12,13.1
,,,,,30901,12,1068.22,13.1
,,,,,30904,3,1234.32,8.56
,,,,,30904,6,1253.64,8.56
,,,,,30904,9,1273.97,8.56
,,,,,30904,12,1287.83,8.56
,,,,,30906,3,1264.98,7.52
,,,,,30906,6,1280.63,7.52
,,,,,30906,9,1296.79,7.52
,,,,,30906,12,1311.4,7.52
,,,,,30907,3,1388.67,7.55
,,,,,30907,6,1403.99,7.55
,,,,,30907,9,1422.1,7.55
,,,,,30907,12,1429.06,7.55
,,,,,30909,3,1375.26,6.98
,,,,,30909,6,1403.98,6.98
,,,,,30909,9,1422.73,6.98
,,,,,30909,12,1431.84,6.98
,,,,,31005,3,1754.23,17.17
,,,,,31005,6,1757.05,17.17
,,,,,31005,9,1770.83,17.17
,,,,,31005,12,1758.27,17.17
,,,,,31061,3,1331.92,12.49
,,,,,31061,6,1339.11,12.49
,,,,,31061,9,1375.43,12.49
,,,,,31061,12,1395.39,12.49
,,,,,31088,3,1470.96,8.88
,,,,,31088,6,1494.05,8.88
,,,,,31088,9,1508.94,8.88
,,,,,31088,12,1522.05,8.88
,,,,,31093,3,1483.6,10.45
,,,,,31093,6,1533.97,10.45
,,,,,31093,9,1523.77,10.45
,,,,,31093,12,1577.81,10.45
,,,,,31201,3,1135.53,12.69
,,,,,31201,6,1139.18,12.69
,,,,,31201,9,1114,12.69
,,,,,31201,12,1129.15,12.69
,,,,,31204,3,1065.91,13.72
,,,,,31204,6,1075.81,13.72
,,,,,31204,9,1079.17,13.72
,,,,,31204,12,1111.49,13.72
,,,,,31206,3,1070.25,10.49
,,,,,31206,6,1091.87,10.49
,,,,,31206,9,1105.01,10.49
,,,,,31206,12,1110.51,10.49
,,,,,31210,3,1215.48,9.74
,,,,,31210,6,1218.82,9.74
,,,,,31210,9,1209.49,9.74
,,,,,31210,12,1196.8,9.74
,,,,,31220,3,1498.02,22.18
,,,,,31220,6,1488.35,22.18
,,,,,31220,9,1505.89,22.18
,,,,,31220,12,1518.62,22.18
,,,,,31302,3,2261.75,0
,,,,,31302,6,2261.75,0
,,,,,31302,9,2261.75,0
,,,,,31302,12,2261.75,0
,,,,,31313,3,1631.34,11.22
,,,,,31313,6,1638.58,11.22
,,,,,31313,9,1643.85,11.22
,,,,,31313,12,1662.88,11.22
,,,,,31316,3,1873.66,13.09
,,,,,31316,6,1875.26,13.09
,,,,,31316,9,1910.26,13.09
,,,,,31316,12,1962.33,13.09
,,,,,31322,3,1754.98,6.22
,,,,,31322,6,1758.73,6.22
,,,,,31322,9,1781.28,6.22
,,,,,31322,12,1795.71,6.22
,,,,,31324,3,2282.91,11.63
,,,,,31324,6,2303.88,11.63
,,,,,31324,9,2333.23,11.63
,,,,,31324,12,2363.35,11.63
,,,,,31326,3,2192.51,13.2
,,,,,31326,6,2222.34,13.2
,,,,,31326,9,2273.42,13.2
,,,,,31326,12,2272.31,13.2
,,,,,31401,3,2162.55,10.51
,,,,,31401,6,2191.27,10.51
,,,,,31401,9,2219.09,10.51
,,,,,31401,12,2252.87,10.51
,,,,,31404,3,1753.94,11.3
,,,,,31404,6,1782.99,11.3
,,,,,31404,9,1806.55,11.3
,,,,,31404,12,1828.22,11.3
,,,,,31405,3,1688,4.72
,,,,,31405,6,1708.1,4.72
,,,,,31405,9,1739.24,4.72
,,,,,31405,12,1755.48,4.72
,,,,,31406,3,1654.09,19.49
,,,,,31406,6,1675.34,19.49
,,,,,31406,9,1705.16,19.49
,,,,,31406,12,1723.68,19.49
,,,,,31407,3,1750.61,10.89
,,,,,31407,6,1774.35,10.89
,,,,,31407,9,1797.48,10.89
,,,,,31407,12,1797.22,10.89
,,,,,31410,3,1965.42,19.93
,,,,,31410,6,2011.25,19.93
,,,,,31410,9,2007.2,19.93
,,,,,31410,12,2021.69,19.93
,,,,,31419,3,1663,6.84
,,,,,31419,6,1678.65,6.84
,,,,,31419,9,1691.15,6.84
,,,,,31419,12,1712.07,6.84
,,,,,31520,3,1486.3,19.81
,,,,,31520,6,1517.33,19.81
,,,,,31520,9,1463.89,19.81
,,,,,31520,12,1507.34,19.81
,,,,,31522,3,2646.35,31.77
,,,,,31522,6,2662.83,31.77
,,,,,31522,9,2728.38,31.77
,,,,,31522,12,2752.75,31.77
,,,,,31525,3,1574.81,11.27
,,,,,31525,6,1564.31,11.27
,,,,,31525,9,1559.95,11.27
,,,,,31525,12,1565.05,11.27
,,,,,31548,3,1659.87,13.23
,,,,,31548,6,1620.68,13.23
,,,,,31548,9,1655.85,13.23
,,,,,31548,12,1645.53,13.23
,,,,,31558,3,1585.34,17.21
,,,,,31558,6,1598.51,17.21
,,,,,31558,9,1610.75,17.21
,,,,,31558,12,1632.44,17.21
,,,,,31601,3,1059.38,15.26
,,,,,31601,6,1064.16,15.26
,,,,,31601,9,1077.32,15.26
,,,,,31601,12,1087.75,15.26
,,,,,31602,3,1255.68,9.59
,,,,,31602,6,1264.38,9.59
,,,,,31602,9,1272.07,9.59
,,,,,31602,12,1275.89,9.59
,,,,,31605,3,1513.11,12.45
,,,,,31605,6,1520.91,12.45
,,,,,31605,9,1528.3,12.45
,,,,,31605,12,1552.23,12.45
,,,,,31707,3,984.41,9.97
,,,,,31707,6,985.23,9.97
,,,,,31707,9,993.55,9.97
,,,,,31707,12,1010.9,9.97
,,,,,31721,3,1215.5,6.3
,,,,,31721,6,1215.38,6.3
,,,,,31721,9,1234.31,6.3
,,,,,31721,12,1226.97,6.3
,,,,,31763,3,1725.28,23.34
,,,,,31763,6,1812.44,23.34
,,,,,31763,9,1786.7,23.34
,,,,,31763,12,1828.46,23.34
,,,,,31901,3,1002.28,14.08
,,,,,31901,6,983.69,14.08
,,,,,31901,9,1003.09,14.08
,,,,,31901,12,1001.35,14.08
,,,,,31903,3,928.11,11.23
,,,,,31903,6,922.56,11.23
,,,,,31903,9,961.9,11.23
,,,,,31903,12,952.11,11.23
,,,,,31904,3,1426.15,17.48
,,,,,31904,6,1443.55,17.48
,,,,,31904,9,1479.64,17.48
,,,,,31904,12,1479.37,17.48
,,,,,31906,3,893.08,6.83
,,,,,31906,6,894.39,6.83
,,,,,31906,9,891.29,6.83
,,,,,31906,12,906.17,6.83
,,,,,31907,3,1153.06,6.94
,,,,,31907,6,1156.34,6.94
,,,,,31907,9,1166.28,6.94
,,,,,31907,12,1175.32,6.94
,,,,,31909,3,1528.74,16.4
,,,,,31909,6,1541.01,16.4
,,,,,31909,9,1539.85,16.4
,,,,,31909,12,1564.61,16.4
,,,,,32003,3,1950.04,12.99
,,,,,32003,6,1972.09,12.99
,,,,,32003,9,2001.85,12.99
,,,,,32003,12,2012.62,12.99
,,,,,32034,3,2476.33,12.3
,,,,,32034,6,2524.75,12.3
,,,,,32034,9,2543.28,12.3
,,,,,32034,12,2577.9,12.3
,,,,,32043,3,2034.57,18.33
,,,,,32043,6,2052.69,18.33
,,,,,32043,9,2058.28,18.33
,,,,,32043,12,2071.89,18.33
,,,,,32065,3,1900.12,9.33
,,,,,32065,6,1906.21,9.33
,,,,,32065,9,1919.69,9.33
,,,,,32065,12,1934.9,9.33
,,,,,32068,3,1971.21,10.56
,,,,,32068,6,1994.2,10.56
,,,,,32068,9,2016.32,10.56
,,,,,32068,12,2037.7,10.56
,,,,,32073,3,1460.46,10.7
,,,,,32073,6,1472,10.7
,,,,,32073,9,1468.78,10.7
,,,,,32073,12,1478.56,10.7
,,,,,32080,3,2178.38,16.08
,,,,,32080,6,2206.44,16.08
,,,,,32080,9,2225.05,16.08
,,,,,32080,12,2222.87,16.08
,,,,,32081,3,2353.8,19.34
,,,,,32081,6,2361.5,19.34
,,,,,32081,9,2376.9,19.34
,,,,,32081,12,2386.98,19.34
,,,,,32082,3,2445.46,21.11
,,,,,32082,6,2491.94,21.11
,,,,,32082,9,2519,21.11
,,,,,32082,12,2565.24,21.11
,,,,,32084,3,1926.87,12.09
,,,,,32084,6,1943.45,12.09
,,,,,32084,9,1949.33,12.09
,,,,,32084,12,1953.76,12.09
,,,,,32086,3,2071.33,10.98
,,,,,32086,6,2086.61,10.98
,,,,,32086,9,2085.22,10.98
,,,,,32086,12,2088.82,10.98
,,,,,32092,3,2346.75,13.85
,,,,,32092,6,2376.83,13.85
,,,,,32092,9,2389.47,13.85
,,,,,32092,12,2416.85,13.85
,,,,,32095,3,2152.47,8.86
,,,,,32095,6,2171.66,8.86
,,,,,32095,9,2171.07,8.86
,,,,,32095,12,2175.85,8.86
,,,,,32097,3,2100.47,17.12
,,,,,32097,6,2108.77,17.12
,,,,,32097,9,2127.66,17.12
,,,,,32097,12,2136.93,17.12
,,,,,32114,3,1537.27,11.29
,,,,,32114,6,1556.32,11.29
,,,,,32114,9,1564.51,11.29
,,,,,32114,12,1572.67,11.29
,,,,,32117,3,1689.18,12.61
,,,,,32117,6,1704.7,12.61
,,,,,32117,9,1717.83,12.61
,,,,,32117,12,1730.84,12.61
,,,,,32118,3,1627.52,18.17
,,,,,32118,6,1643.29,18.17
,,,,,32118,9,1636.15,18.17
,,,,,32118,12,1663.79,18.17
,,,,,32119,3,1506.9,11.02
,,,,,32119,6,1515.99,11.02
,,,,,32119,9,1530.15,11.02
,,,,,32119,12,1536.85,11.02
,,,,,32124,3,2332.92,15.19
,,,,,32124,6,2332.92,15.19
,,,,,32124,9,2274.51,15.19
,,,,,32124,12,2278.33,15.19
,,,,,32127,3,1785.65,15.56
,,,,,32127,6,1796.05,15.56
,,,,,32127,9,1790.77,15.56
,,,,,32127,12,1807.05,15.56
,,,,,32128,3,1886.61,13.79
,,,,,32128,6,1894.48,13.79
,,,,,32128,9,1877.97,13.79
,,,,,32128,12,1874.72,13.79
,,,,,32129,3,1758.48,7.29
,,,,,32129,6,1764.85,7.29
,,,,,32129,9,1766.39,7.29
,,,,,32129,12,1758.83,7.29
,,,,,32137,3,2117.5,14.13
,,,,,32137,6,2163.42,14.13
,,,,,32137,9,2195.24,14.13
,,,,,32137,12,2209.33,14.13
,,,,,32159,3,1909.38,23.95
,,,,,32159,6,1894.52,23.95
,,,,,32159,9,1925.75,23.95
,,,,,32159,12,1988.69,23.95
,,,,,32162,3,2132.05,57.3
,,,,,32162,6,2181.5,57.3
,,,,,32162,9,2288.49,57.3
,,,,,32162,12,2171.99,57.3
,,,,,32163,3,2195.88,0
,,,,,32163,6,2195.88,0
,,,,,32163,9,2195.88,0
,,,,,32163,12,2195.88,0
,,,,,32164,3,1918.11,8.47
,,,,,32164,6,1932.13,8.47
,,,,,32164,9,1926.47,8.47
,,,,,32164,12,1945.01,8.47
,,,,,32168,3,2257.63,26.01
,,,,,32168,6,2277.85,26.01
,,,,,32168,9,2297.52,26.01
,,,,,32168,12,2291.55,26.01
,,,,,32169,3,2497.93,45.45
,,,,,32169,6,2618.48,45.45
,,,,,32169,9,2605.49,45.45
,,,,,32169,12,2588.69,45.45
,,,,,32174,3,1868.25,9.03
,,,,,32174,6,1872.75,9.03
,,,,,32174,9,1878.8,9.03
,,,,,32174,12,1889.38,9.03
,,,,,32176,3,1988.91,10.37
,,,,,32176,6,2013.27,10.37
,,,,,32176,9,2014.91,10.37
,,,,,32176,12,2030.84,10.37
,,,,,32202,3,1361.19,12.84
,,,,,32202,6,1366.16,12.84
,,,,,32202,9,1377.8,12.84
,,,,,32202,12,1383.62,12.84
,,,,,32204,3,1465.48,10.76
,,,,,32204,6,1478.21,10.76
,,,,,32204,9,1498.85,10.76
,,,,,32204,12,1514.06,10.76
,,,,,32205,3,1556.14,6.02
,,,,,32205,6,1567.23,6.02
,,,,,32205,9,1577.27,6.02
,,,,,32205,12,1590.13,6.02
,,,,,32206,3,1219.01,8.03
,,,,,32206,6,1235.38,8.03
,,,,,32206,9,1250.9,8.03
,,,,,32206,12,1258.54,8.03
,,,,,32207,3,1572.17,8.24
,,,,,32207,6,1590.89,8.24
,,,,,32207,9,1602.34,8.24
,,,,,32207,12,1613.91,8.24
,,,,,32208,3,1340.15,7.47
,,,,,32208,6,1346.57,7.47
,,,,,32208,9,1356.76,7.47
,,,,,32208,12,1373.09,7.47
,,,,,32209,3,1166.66,5.19
,,,,,32209,6,1185.09,5.19
,,,,,32209,9,1200.42,5.19
,,,,,32209,12,1213.14,5.19
,,,,,32210,3,1412.54,5.79
,,,,,32210,6,1425.56,5.79
,,,,,32210,9,1438.84,5.79
,,,,,32210,12,1449.79,5.79
,,,,,32211,3,1384.29,16.99
,,,,,32211,6,1370.36,16.99
,,,,,32211,9,1397.83,16.99
,,,,,32211,12,1418.31,16.99
,,,,,32216,3,1556.47,8.37
,,,,,32216,6,1571.3,8.37
,,,,,32216,9,1592.17,8.37
,,,,,32216,12,1607.16,8.37
,,,,,32217,3,1350.16,8.34
,,,,,32217,6,1362.38,8.34
,,,,,32217,9,1360.01,8.34
,,,,,32217,12,1359.24,8.34
,,,,,32218,3,1758.9,9.95
,,,,,32218,6,1777.25,9.95
,,,,,32218,9,1799.78,9.95
,,,,,32218,12,1808.19,9.95
,,,,,32219,3,1866.98,19.94
,,,,,32219,6,1880.02,19.94
,,,,,32219,9,1901.26,19.94
,,,,,32219,12,1906.85,19.94
,,,,,32221,3,2013.17,13.86
,,,,,32221,6,2030.1,13.86
,,,,,32221,9,2057.6,13.86
,,,,,32221,12,2076.78,13.86
,,,,,32222,3,1861.03,10.42
,,,,,32222,6,1887.22,10.42
,,,,,32222,9,1904.54,10.42
,,,,,32222,12,1905.57,10.42
,,,,,32223,3,1656.38,15.2
,,,,,32223,6,1680.92,15.2
,,,,,32223,9,1675.95,15.2
,,,,,32223,12,1685.74,15.2
,,,,,32224,3,1665.15,5.24
,,,,,32224,6,1683.14,5.24
,,,,,32224,9,1707.37,5.24
,,,,,32224,12,1722.81,5.24
,,,,,32225,3,1694.95,11.94
,,,,,32225,6,1706.36,11.94
,,,,,32225,9,1729.77,11.94
,,,,,32225,12,1745.24,11.94
,,,,,32226,3,2250.66,15.5
,,,,,32226,6,2273.71,15.5
,,,,,32226,9,2289.5,15.5
,,,,,32226,12,2306.73,15.5
,,,,,32233,3,1794.27,12.53
,,,,,32233,6,1810.79,12.53
,,,,,32233,9,1823.29,12.53
,,,,,32233,12,1848.56,12.53
,,,,,32244,3,1610.53,7.62
,,,,,32244,6,1616.21,7.62
,,,,,32244,9,1622.58,7.62
,,,,,32244,12,1635.38,7.62
,,,,,32246,3,1813.39,7.9
,,,,,32246,6,1823.53,7.9
,,,,,32246,9,1840.57,7.9
,,,,,32246,12,1861.17,7.9
,,,,,32250,3,2313.98,14.72
,,,,,32250,6,2319.19,14.72
,,,,,32250,9,2335.4,14.72
,,,,,32250,12,2354.8,14.72
,,,,,32254,3,1318.59,9.27
,,,,,32254,6,1328.62,9.27
,,,,,32254,9,1342.38,9.27
,,,,,32254,12,1350.81,9.27
,,,,,32256,3,1590.36,4.02
,,,,,32256,6,1608.25,4.02
,,,,,32256,9,1625.81,4.02
,,,,,32256,12,1638.6,4.02
,,,,,32257,3,1574.64,8.38
,,,,,32257,6,1570.25,8.38
,,,,,32257,9,1571.65,8.38
,,,,,32257,12,1593.32,8.38
,,,,,32258,3,1829.87,9.66
,,,,,32258,6,1851.53,9.66
,,,,,32258,9,1876.32,9.66
,,,,,32258,12,1888.23,9.66
,,,,,32259,3,2149.05,7.99
,,,,,32259,6,2175.76,7.99
,,,,,32259,9,2213.5,7.99
,,,,,32259,12,2230.35,7.99
,,,,,32266,3,2236.6,23.23
,,,,,32266,6,2250.5,23.23
,,,,,32266,9,2263.92,23.23
,,,,,32266,12,2287.89,23.23
,,,,,32277,3,1482.68,11.39
,,,,,32277,6,1477.61,11.39
,,,,,32277,9,1500.06,11.39
,,,,,32277,12,1521.05,11.39
,,,,,32301,3,1312.38,10.32
,,,,,32301,6,1339.54,10.32
,,,,,32301,9,1356.95,10.32
,,,,,32301,12,1374.74,10.32
,,,,,32303,3,1394.52,3.94
,,,,,32303,6,1408.03,3.94
,,,,,32303,9,1424.38,3.94
,,,,,32303,12,1440.85,3.94
,,,,,32304,3,1349.66,6.89
,,,,,32304,6,1371.63,6.89
,,,,,32304,9,1388.86,6.89
,,,,,32304,12,1408.06,6.89
,,,,,32308,3,1501.13,11.29
,,,,,32308,6,1511.18,11.29
,,,,,32308,9,1512.15,11.29
,,,,,32308,12,1521.04,11.29
,,,,,32309,3,1699.03,22.21
,,,,,32309,6,1704.16,22.21
,,,,,32309,9,1707.36,22.21
,,,,,32309,12,1742.63,22.21
,,,,,32311,3,1716.3,12.12
,,,,,32311,6,1726.88,12.12
,,,,,32311,9,1753.37,12.12
,,,,,32311,12,1767.59,12.12
,,,,,32312,3,1938.7,16.89
,,,,,32312,6,1957.23,16.89
,,,,,32312,9,1936.63,16.89
,,,,,32312,12,1964.2,16.89
,,,,,32401,3,1625.58,15.45
,,,,,32401,6,1636.23,15.45
,,,,,32401,9,1641.86,15.45
,,,,,32401,12,1639.9,15.45
,,,,,32404,3,1900.97,10.79
,,,,,32404,6,1913,10.79
,,,,,32404,9,1934.38,10.79
,,,,,32404,12,1949.13,10.79
,,,,,32405,3,1803.23,12.14
,,,,,32405,6,1805.01,12.14
,,,,,32405,9,1814.42,12.14
,,,,,32405,12,1824.8,12.14
,,,,,32407,3,1784.27,7.43
,,,,,32407,6,1800.49,7.43
,,,,,32407,9,1810.02,7.43
,,,,,32407,12,1814.96,7.43
,,,,,32408,3,1944.64,22.77
,,,,,32408,6,1933.07,22.77
,,,,,32408,9,1948.58,22.77
,,,,,32408,12,1963.22,22.77
,,,,,32413,3,1722.45,21.64
,,,,,32413,6,1709.2,21.64
,,,,,32413,9,1711.96,21.64
,,,,,32413,12,1725.86,21.64
,,,,,32439,3,1879.18,17.3
,,,,,32439,6,1899.54,17.3
,,,,,32439,9,1899.68,17.3
,,,,,32439,12,1881.88,17.3
,,,,,32444,3,1990.97,10.9
,,,,,32444,6,2013.92,10.9
,,,,,32444,9,2019.06,10.9
,,,,,32444,12,2026.12,10.9
,,,,,32459,3,1949.08,19.95
,,,,,32459,6,1968.7,19.95
,,,,,32459,9,1999.54,19.95
,,,,,32459,12,2042.63,19.95
,,,,,32501,3,1609.34,25.1
,,,,,32501,6,1613.73,25.1
,,,,,32501,9,1639.46,25.1
,,,,,32501,12,1619.81,25.1
,,,,,32502,3,1992.55,36.06
,,,,,32502,6,1991.52,36.06
,,,,,32502,9,1937.81,36.06
,,,,,32502,12,1924.83,36.06
,,,,,32503,3,1585.87,18.86
,,,,,32503,6,1606.11,18.86
,,,,,32503,9,1603.52,18.86
,,,,,32503,12,1616.11,18.86
,,,,,32504,3,1399,19.41
,,,,,32504,6,1415.37,19.41
,,,,,32504,9,1425.42,19.41
,,,,,32504,12,1439.85,19.41
,,,,,32505,3,1302.77,14.91
,,,,,32505,6,1321.68,14.91
,,,,,32505,9,1317.44,14.91
,,,,,32505,12,1347.72,14.91
,,,,,32506,3,1619.16,8.28
,,,,,32506,6,1624.35,8.28
,,,,,32506,9,1625.42,8.28
,,,,,32506,12,1640.22,8.28
,,,,,32507,3,1880.49,9.54
,,,,,32507,6,1905.51,9.54
,,,,,32507,9,1930.1,9.54
,,,,,32507,12,1945.07,9.54
,,,,,32514,3,1488.07,8.75
,,,,,32514,6,1507.32,8.75
,,,,,32514,9,1525.57,8.75
,,,,,32514,12,1542.89,8.75
,,,,,32526,3,1826.93,13.06
,,,,,32526,6,1829.01,13.06
,,,,,32526,9,1836.76,13.06
,,,,,32526,12,1837.28,13.06
,,,,,32534,3,1626,11.67
,,,,,32534,6,1628.12,11.67
,,,,,32534,9,1619.69,11.67
,,,,,32534,12,1631.05,11.67
,,,,,32536,3,1752.74,13.64
,,,,,32536,6,1761.29,13.64
,,,,,32536,9,1761.48,13.64
,,,,,32536,12,1762.26,13.64
,,,,,32539,3,1890.46,8.03
,,,,,32539,6,1901.55,8.03
,,,,,32539,9,1899.84,8.03
,,,,,32539,12,1905.78,8.03
,,,,,32541,3,2186.63,17.76
,,,,,32541,6,2216.64,17.76
,,,,,32541,9,2228,17.76
,,,,,32541,12,2260.87,17.76
,,,,,32547,3,1814.78,9.31
,,,,,32547,6,1822.51,9.31
,,,,,32547,9,1835.15,9.31
,,,,,32547,12,1850.38,9.31
,,,,,32548,3,1799.45,12.91
,,,,,32548,6,1824.06,12.91
,,,,,32548,9,1833.33,12.91
,,,,,32548,12,1847.25,12.91
,,,,,32563,3,1959.44,11.38
,,,,,32563,6,1965.98,11.38
,,,,,32563,9,1968.83,11.38
,,,,,32563,12,1972.45,11.38
,,,,,32566,3,2206.3,5.72
,,,,,32566,6,2211.69,5.72
,,,,,32566,9,2217.41,5.72
,,,,,32566,12,2233.29,5.72
,,,,,32569,3,2058.31,25.42
,,,,,32569,6,2054.6,25.42
,,,,,32569,9,2046.46,25.42
,,,,,32569,12,2068.41,25.42
,,,,,32570,3,1672.31,13.39
,,,,,32570,6,1679.38,13.39
,,,,,32570,9,1682.36,13.39
,,,,,32570,12,1693.54,13.39
,,,,,32571,3,1788.02,9.1
,,,,,32571,6,1795.69,9.1
,,,,,32571,9,1796.9,9.1
,,,,,32571,12,1797.74,9.1
,,,,,32578,3,2132.35,27.75
,,,,,32578,6,2155.97,27.75
,,,,,32578,9,2198.07,27.75
,,,,,32578,12,2209.95,27.75
,,,,,32579,3,1928.07,16.03
,,,,,32579,6,1962.57,16.03
,,,,,32579,9,1971.87,16.03
,,,,,32579,12,1973.15,16.03
,,,,,32601,3,1532.34,9.88
,,,,,32601,6,1543.82,9.88
,,,,,32601,9,1560.55,9.88
,,,,,32601,12,1573.3,9.88
,,,,,32605,3,1795.72,10.51
,,,,,32605,6,1805.36,10.51
,,,,,32605,9,1810.17,10.51
,,,,,32605,12,1831.98,10.51
,,,,,32606,3,1637.73,7.25
,,,,,32606,6,1653.45,7.25
,,,,,32606,9,1665.86,7.25
,,,,,32606,12,1667.84,7.25
,,,,,32607,3,1551.8,5.75
,,,,,32607,6,1564.82,5.75
,,,,,32607,9,1586.19,5.75
,,,,,32607,12,1606.59,5.75
,,,,,32608,3,1517.92,9.68
,,,,,32608,6,1530.92,9.68
,,,,,32608,9,1552.14,9.68
,,,,,32608,12,1567.87,9.68
,,,,,32609,3,1516.45,12.58
,,,,,32609,6,1501.18,12.58
,,,,,32609,9,1525.22,12.58
,,,,,32609,12,1519.85,12.58
,,,,,32669,3,2051.04,11.9
,,,,,32669,6,2060.38,11.9
,,,,,32669,9,2066.3,11.9
,,,,,32669,12,2041.06,11.9
,,,,,32701,3,1592.12,6.23
,,,,,32701,6,1596.1,6.23
,,,,,32701,9,1609.25,6.23
,,,,,32701,12,1627.21,6.23
,,,,,32703,3,2096.33,9.04
,,,,,32703,6,2128.98,9.04
,,,,,32703,9,2157.15,9.04
,,,,,32703,12,2181.59,9.04
,,,,,32707,3,1966.87,11.02
,,,,,32707,6,1978.92,11.02
,,,,,32707,9,1996.95,11.02
,,,,,32707,12,2020.63,11.02
,,,,,32708,3,1988.37,14.04
,,,,,32708,6,1988.35,14.04
,,,,,32708,9,1998.67,14.04
,,,,,32708,12,2013.33,14.04
,,,,,32712,3,2395.03,13.47
,,,,,32712,6,2407.28,13.47
,,,,,32712,9,2428.22,13.47
,,,,,32712,12,2450.8,13.47
,,,,,32713,3,2207.11,21.35
,,,,,32713,6,2231.98,21.35
,,,,,32713,9,2274.91,21.35
,,,,,32713,12,2301.73,21.35
,,,,,32714,3,1641.62,9.51
,,,,,32714,6,1652.65,9.51
,,,,,32714,9,1676.37,9.51
,,,,,32714,12,1691.24,9.51
,,,,,32720,3,1752.46,16.91
,,,,,32720,6,1800.48,16.91
,,,,,32720,9,1801.6,16.91
,,,,,32720,12,1832.37,16.91
,,,,,32724,3,1854.13,10.76
,,,,,32724,6,1863.73,10.76
,,,,,32724,9,1881.71,10.76
,,,,,32724,12,1895.61,10.76
,,,,,32725,3,1927.65,13.94
,,,,,32725,6,1955.66,13.94
,,,,,32725,9,1990.77,13.94
,,,,,32725,12,2013.4,13.94
,,,,,32726,3,1784.85,10
,,,,,32726,6,1803.66,10
,,,,,32726,9,1809.1,10
,,,,,32726,12,1814.47,10
,,,,,32738,3,1912.3,11.74
,,,,,32738,6,1930.74,11.74
,,,,,32738,9,1953.16,11.74
,,,,,32738,12,1976.02,11.74
,,,,,32746,3,1977.38,10.96
,,,,,32746,6,1998.05,10.96
,,,,,32746,9,2015.2,10.96
,,,,,32746,12,2029.56,10.96
,,,,,32750,3,1903.04,6.77
,,,,,32750,6,1935.05,6.77
,,,,,32750,9,1960.83,6.77
,,,,,32750,12,1990.96,6.77
,,,,,32751,3,2114.59,10.13
,,,,,32751,6,2145.8,10.13
,,,,,32751,9,2172.8,10.13
,,,,,32751,12,2178.15,10.13
,,,,,32757,3,2135.99,25.2
,,,,,32757,6,2161.26,25.2
,,,,,32757,9,2202.54,25.2
,,,,,32757,12,2192.78,25.2
,,,,,32763,3,1712.13,10.08
,,,,,32763,6,1712.25,10.08
,,,,,32763,9,1706.76,10.08
,,,,,32763,12,1722.84,10.08
,,,,,32765,3,2117.26,9.76
,,,,,32765,6,2132.94,9.76
,,,,,32765,9,2167.98,9.76
,,,,,32765,12,2182.34,9.76
,,,,,32771,3,1806.07,9.9
,,,,,32771,6,1819.07,9.9
,,,,,32771,9,1824.83,9.9
,,,,,32771,12,1838.3,9.9
,,,,,32773,3,1822.37,14
,,,,,32773,6,1831.85,14
,,,,,32773,9,1832.43,14
,,,,,32773,12,1837.08,14
,,,,,32778,3,1860.05,16.17
,,,,,32778,6,1858.76,16.17
,,,,,32778,9,1882.64,16.17
,,,,,32778,12,1898.84,16.17
,,,,,32779,3,1987.82,22.84
,,,,,32779,6,2020.2,22.84
,,,,,32779,9,2027.66,22.84
,,,,,32779,12,2036.22,22.84
,,,,,32780,3,1659,10.29
,,,,,32780,6,1669.98,10.29
,,,,,32780,9,1684.78,10.29
,,,,,32780,12,1690.28,10.29
,,,,,32789,3,2215.3,14.93
,,,,,32789,6,2248.72,14.93
,,,,,32789,9,2265.31,14.93
,,,,,32789,12,2294.69,14.93
,,,,,32792,3,1778.03,6.98
,,,,,32792,6,1787.86,6.98
,,,,,32792,9,1799.62,6.98
,,,,,32792,12,1818.11,6.98
,,,,,32796,3,1763.87,19.27
,,,,,32796,6,1766.42,19.27
,,,,,32796,9,1800.54,19.27
,,,,,32796,12,1805.05,19.27
,,,,,32801,3,1891.39,11.38
,,,,,32801,6,1918.35,11.38
,,,,,32801,9,1914.3,11.38
,,,,,32801,12,1930.8,11.38
,,,,,32803,3,1998.37,4.62
,,,,,32803,6,2027.96,4.62
,,,,,32803,9,2048.44,4.62
,,,,,32803,12,2071.58,4.62
,,,,,32804,3,2037.91,19.16
,,,,,32804,6,2068.34,19.16
,,,,,32804,9,2085.82,19.16
,,,,,32804,12,2107.02,19.16
,,,,,32805,3,1487.04,20.98
,,,,,32805,6,1516.67,20.98
,,,,,32805,9,1512.42,20.98
,,,,,32805,12,1541.76,20.98
,,,,,32806,3,1801.59,15.39
,,,,,32806,6,1815.99,15.39
,,,,,32806,9,1847.59,15.39
,,,,,32806,12,1861.1,15.39
,,,,,32807,3,1700.68,14.49
,,,,,32807,6,1712.27,14.49
,,,,,32807,9,1716.05,14.49
,,,,,32807,12,1721.16,14.49
,,,,,32808,3,1869.56,14.63
,,,,,32808,6,1874.4,14.63
,,,,,32808,9,1900.42,14.63
,,,,,32808,12,1899.25,14.63
,,,,,32809,3,1763.46,14.15
,,,,,32809,6,1785.09,14.15
,,,,,32809,9,1782.17,14.15
,,,,,32809,12,1816.96,14.15
,,,,,32810,3,1827.99,11.73
,,,,,32810,6,1847.18,11.73
,,,,,32810,9,1870.5,11.73
,,,,,32810,12,1889.48,11.73
,,,,,32811,3,1632.87,13.28
,,,,,32811,6,1648.19,13.28
,,,,,32811,9,1644.83,13.28
,,,,,32811,12,1648.91,13.28
,,,,,32812,3,1751.29,12.81
,,,,,32812,6,1762.53,12.81
,,,,,32812,9,1770.24,12.81
,,,,,32812,12,1777.79,12.81
,,,,,32814,3,2322.6,23.32
,,,,,32814,6,2375.7,23.32
,,,,,32814,9,2387.55,23.32
,,,,,32814,12,2397.81,23.32
,,,,,32817,3,2217.87,14.73
,,,,,32817,6,2233.39,14.73
,,,,,32817,9,2251.93,14.73
,,,,,32817,12,2273.49,14.73
,,,,,32818,3,1885.14,13.25
,,,,,32818,6,1900.58,13.25
,,,,,32818,9,1906.15,13.25
,,,,,32818,12,1916.17,13.25
,,,,,32819,3,2193.37,15.27
,,,,,32819,6,2210.16,15.27
,,,,,32819,9,2233.81,15.27
,,,,,32819,12,2261.64,15.27
,,,,,32821,3,1937.84,11.7
,,,,,32821,6,1948.7,11.7
,,,,,32821,9,1946.47,11.7
,,,,,32821,12,1962.95,11.7
,,,,,32822,3,1770.85,7.33
,,,,,32822,6,1780.2,7.33
,,,,,32822,9,1803.9,7.33
,,,,,32822,12,1818.61,7.33
,,,,,32824,3,2341.33,12.7
,,,,,32824,6,2351.53,12.7
,,,,,32824,9,2370.94,12.7
,,,,,32824,12,2389.3,12.7
,,,,,32825,3,1941.23,10.53
,,,,,32825,6,1955.33,10.53
,,,,,32825,9,1986.9,10.53
,,,,,32825,12,2011.27,10.53
,,,,,32826,3,1966.68,15.15
,,,,,32826,6,1989.56,15.15
,,,,,32826,9,2024.95,15.15
,,,,,32826,12,2040.09,15.15
,,,,,32827,3,2692.57,19.65
,,,,,32827,6,2708.03,19.65
,,,,,32827,9,2724.55,19.65
,,,,,32827,12,2742.63,19.65
,,,,,32828,3,2269.35,12.39
,,,,,32828,6,2279.7,12.39
,,,,,32828,9,2297.35,12.39
,,,,,32828,12,2319.8,12.39
,,,,,32829,3,2121.31,18.21
,,,,,32829,6,2155.87,18.21
,,,,,32829,9,2196.67,18.21
,,,,,32829,12,2218.64,18.21
,,,,,32832,3,2244.66,5.33
,,,,,32832,6,2262.79,5.33
,,,,,32832,9,2280.61,5.33
,,,,,32832,12,2299.91,5.33
,,,,,32835,3,1831.83,9.4
,,,,,32835,6,1849.5,9.4
,,,,,32835,9,1870.26,9.4
,,,,,32835,12,1892.72,9.4
,,,,,32836,3,2268.51,14.82
,,,,,32836,6,2263.49,14.82
,,,,,32836,9,2271.42,14.82
,,,,,32836,12,2275.11,14.82
,,,,,32837,3,2031.85,7.58
,,,,,32837,6,2058.4,7.58
,,,,,32837,9,2087.71,7.58
,,,,,32837,12,2105.28,7.58
,,,,,32839,3,1605.5,7.19
,,,,,32839,6,1609.67,7.19
,,,,,32839,9,1617.77,7.19
,,,,,32839,12,1628.09,7.19
,,,,,32901,3,1754.55,11.66
,,,,,32901,6,1762.75,11.66
,,,,,32901,9,1775.23,11.66
,,,,,32901,12,1787.84,11.66
,,,,,32903,3,2310.57,31.39
,,,,,32903,6,2342.64,31.39
,,,,,32903,9,2355.22,31.39
,,,,,32903,12,2383.05,31.39
,,,,,32904,3,2096.35,13.26
,,,,,32904,6,2120.25,13.26
,,,,,32904,9,2147.88,13.26
,,,,,32904,12,2161.51,13.26
,,,,,32905,3,1674.32,8.2
,,,,,32905,6,1682.35,8.2
,,,,,32905,9,1692.81,8.2
,,,,,32905,12,1705.17,8.2
,,,,,32907,3,1993.49,8.65
,,,,,32907,6,2019.82,8.65
,,,,,32907,9,2053.23,8.65
,,,,,32907,12,2077.91,8.65
,,,,,32908,3,2062.14,14.18
,,,,,32908,6,2063.32,14.18
,,,,,32908,9,2048.49,14.18
,,,,,32908,12,2071.48,14.18
,,,,,32909,3,1991.49,6.76
,,,,,32909,6,2006.77,6.76
,,,,,32909,9,2027.35,6.76
,,,,,32909,12,2045.43,6.76
,,,,,32920,3,1850.59,21.26
,,,,,32920,6,1865.19,21.26
,,,,,32920,9,1857.32,21.26
,,,,,32920,12,1864.56,21.26
,,,,,32922,3,1345.67,12.81
,,,,,32922,6,1377.86,12.81
,,,,,32922,9,1396.24,12.81
,,,,,32922,12,1411.34,12.81
,,,,,32927,3,2134.24,16.96
,,,,,32927,6,2144.34,16.96
,,,,,32927,9,2158.6,16.96
,,,,,32927,12,2172.31,16.96
,,,,,32931,3,2728.81,21.68
,,,,,32931,6,2711.35,21.68
,,,,,32931,9,2729.9,21.68
,,,,,32931,12,2748.33,21.68
,,,,,32934,3,1974.21,28.79
,,,,,32934,6,1950.12,28.79
,,,,,32934,9,1929.77,28.79
,,,,,32934,12,1897.9,28.79
,,,,,32935,3,1697.19,7.95
,,,,,32935,6,1720.16,7.95
,,,,,32935,9,1740.3,7.95
,,,,,32935,12,1756.17,7.95
,,,,,32937,3,2548.58,22.69
,,,,,32937,6,2576.44,22.69
,,,,,32937,9,2595.34,22.69
,,,,,32937,12,2594.32,22.69
,,,,,32940,3,2141.88,8.43
,,,,,32940,6,2161.49,8.43
,,,,,32940,9,2179.91,8.43
,,,,,32940,12,2193.74,8.43
,,,,,32951,3,2802.96,5.2
,,,,,32951,6,2802.96,5.2
,,,,,32951,9,2802.96,5.2
,,,,,32951,12,2784.15,5.2
,,,,,32953,3,1969.11,24.29
,,,,,32953,6,1998.82,24.29
,,,,,32953,9,2015.09,24.29
,,,,,32953,12,1996.92,24.29
,,,,,32955,3,1932.79,14.43
,,,,,32955,6,1959.11,14.43
,,,,,32955,9,1976.66,14.43
,,,,,32955,12,1994.14,14.43
,,,,,32958,3,2193.47,21.55
,,,,,32958,6,2191.22,21.55
,,,,,32958,9,2271.3,21.55
,,,,,32958,12,2252.37,21.55
,,,,,32960,3,1880.78,24.39
,,,,,32960,6,1883.2,24.39
,,,,,32960,9,1894.09,24.39
,,,,,32960,12,1925.46,24.39
,,,,,32962,3,2150.93,19.49
,,,,,32962,6,2142.38,19.49
,,,,,32962,9,2146.25,19.49
,,,,,32962,12,2175.08,19.49
,,,,,32963,3,4927.04,112.86
,,,,,32963,6,4993.87,112.86
,,,,,32963,9,4991.07,112.86
,,,,,32963,12,5235.35,112.86
,,,,,32966,3,2173.78,0
,,,,,32966,6,2173.78,0
,,,,,32966,9,2173.78,0
,,,,,32966,12,2173.78,0
,,,,,32967,3,2328.77,30.34
,,,,,32967,6,2338.69,30.34
,,,,,32967,9,2352.69,30.34
,,,,,32967,12,2362.81,30.34
,,,,,33004,3,2298.57,20.78
,,,,,33004,6,2319.08,20.78
,,,,,33004,9,2319.95,20.78
,,,,,33004,12,2319.08,20.78
,,,,,33009,3,2457.29,13.14
,,,,,33009,6,2457.25,13.14
,,,,,33009,9,2463.11,13.14
,,,,,33009,12,2474.82,13.14
,,,,,33010,3,2400.08,46.14
,,,,,33010,6,2259.18,46.14
,,,,,33010,9,2361.91,46.14
,,,,,33010,12,2414.64,46.14
,,,,,33012,3,2293.91,13.06
,,,,,33012,6,2300.87,13.06
,,,,,33012,9,2336.27,13.06
,,,,,33012,12,2346.47,13.06
,,,,,33014,3,2425.09,8.54
,,,,,33014,6,2461,8.54
,,,,,33014,9,2487.06,8.54
,,,,,33014,12,2504.76,8.54
,,,,,33015,3,2338.35,10.55
,,,,,33015,6,2342.63,10.55
,,,,,33015,9,2346.23,10.55
,,,,,33015,12,2359.92,10.55
,,,,,33016,3,2522.49,17.61
,,,,,33016,6,2539.63,17.61
,,,,,33016,9,2546.76,17.61
,,,,,33016,12,2570.71,17.61
,,,,,33018,3,3090.67,14.58
,,,,,33018,6,3151.41,14.58
,,,,,33018,9,3178.88,14.58
,,,,,33018,12,3196.59,14.58
,,,,,33019,3,3034.52,32.69
,,,,,33019,6,3082.81,32.69
,,,,,33019,9,3062.1,32.69
,,,,,33019,12,3079.07,32.69
,,,,,33020,3,2080.8,7.78
,,,,,33020,6,2096.37,7.78
,,,,,33020,9,2106.32,7.78
,,,,,33020,12,2120.1,7.78
,,,,,33021,3,2350.64,11.43
,,,,,33021,6,2385.8,11.43
,,,,,33021,9,2405.52,11.43
,,,,,33021,12,2427.59,11.43
,,,,,33023,3,2514.23,15.34
,,,,,33023,6,2554.27,15.34
,,,,,33023,9,2587.67,15.34
,,,,,33023,12,2605.47,15.34
,,,,,33024,3,2617.34,18.09
,,,,,33024,6,2633.3,18.09
,,,,,33024,9,2660.6,18.09
,,,,,33024,12,2679.69,18.09
,,,,,33025,3,2483.75,8.8
,,,,,33025,6,2520.77,8.8
,,,,,33025,9,2549.75,8.8
,,,,,33025,12,2578.82,8.8
,,,,,33026,3,2862.92,14.5
,,,,,33026,6,2895.03,14.5
,,,,,33026,9,2918.91,14.5
,,,,,33026,12,2924.81,14.5
,,,,,33027,3,2901.6,14.31
,,,,,33027,6,2947.45,14.31
,,,,,33027,9,2973.88,14.31
,,,,,33027,12,3004.71,14.31
,,,,,33028,3,3229.31,23.69
,,,,,33028,6,3223.36,23.69
,,,,,33028,9,3230.15,23.69
,,,,,33028,12,3264.44,23.69
,,,,,33029,3,4100.56,28.03
,,,,,33029,6,4154.5,28.03
,,,,,33029,9,4193.93,28.03
,,,,,33029,12,4230.27,28.03
,,,,,33032,3,2911.64,46.39
,,,,,33032,6,2966.62,46.39
,,,,,33032,9,3016.98,46.39
,,,,,33032,12,3028.14,46.39
,,,,,33033,3,2596.35,17.63
,,,,,33033,6,2598.42,17.63
,,,,,33033,9,2656.51,17.63
,,,,,33033,12,2677.62,17.63
,,,,,33034,3,2762.01,34.35
,,,,,33034,6,2777.37,34.35
,,,,,33034,9,2832.32,34.35
,,,,,33034,12,2843.93,34.35
,,,,,33035,3,2347.35,14.09
,,,,,33035,6,2349.74,14.09
,,,,,33035,9,2360.8,14.09
,,,,,33035,12,2383.46,14.09
,,,,,33037,3,3369.1,36.47
,,,,,33037,6,3243.39,36.47
,,,,,33037,9,3324.28,36.47
,,,,,33037,12,3345.51,36.47
,,,,,33040,3,3456.04,65.78
,,,,,33040,6,3527.34,65.78
,,,,,33040,9,3561.35,65.78
,,,,,33040,12,3406.39,65.78
,,,,,33054,3,2141.51,39.31
,,,,,33054,6,2132.49,39.31
,,,,,33054,9,2118.16,39.31
,,,,,33054,12,2176.13,39.31
,,,,,33055,3,2777.25,64.29
,,,,,33055,6,2733.84,64.29
,,,,,33055,9,2709.63,64.29
,,,,,33055,12,2722.25,64.29
,,,,,33056,3,2610.5,15.65
,,,,,33056,6,2602.25,15.65
,,,,,33056,9,2578.1,15.65
,,,,,33056,12,2487.37,15.65
,,,,,33060,3,2213.13,13.26
,,,,,33060,6,2234.12,13.26
,,,,,33060,9,2253.35,13.26
,,,,,33060,12,2262.43,13.26
,,,,,33062,3,3048.45,20.33
,,,,,33062,6,3096.42,20.33
,,,,,33062,9,3126.1,20.33
,,,,,33062,12,3163.79,20.33
,,,,,33063,3,2172.48,8.23
,,,,,33063,6,2181.16,8.23
,,,,,33063,9,2195.32,8.23
,,,,,33063,12,2212.08,8.23
,,,,,33064,3,2452.45,10.12
,,,,,33064,6,2487.67,10.12
,,,,,33064,9,2532.18,10.12
,,,,,33064,12,2559.55,10.12
,,,,,33065,3,2420.24,10.09
,,,,,33065,6,2463.66,10.09
,,,,,33065,9,2495.92,10.09
,,,,,33065,12,2514.94,10.09
,,,,,33067,3,2395.57,14.07
,,,,,33067,6,2402.3,14.07
,,,,,33067,9,2419.04,14.07
,,,,,33067,12,2425.7,14.07
,,,,,33068,3,2289.79,15.15
,,,,,33068,6,2330.73,15.15
,,,,,33068,9,2351.76,15.15
,,,,,33068,12,2385.62,15.15
,,,,,33069,3,2158.79,9.77
,,,,,33069,6,2162.16,9.77
,,,,,33069,9,2182.66,9.77
,,,,,33069,12,2196.17,9.77
,,,,,33071,3,2212.86,11.27
,,,,,33071,6,2228.04,11.27
,,,,,33071,9,2257.84,11.27
,,,,,33071,12,2285.61,11.27
,,,,,33073,3,2518.96,7.88
,,,,,33073,6,2533.85,7.88
,,,,,33073,9,2566.6,7.88
,,,,,33073,12,2594.13,7.88
,,,,,33076,3,4488.34,27.66
,,,,,33076,6,4522.88,27.66
,,,,,33076,9,4536.55,27.66
,,,,,33076,12,4564.23,27.66
,,,,,33122,3,2744.87,16.22
,,,,,33122,6,2751.47,16.22
,,,,,33122,9,2756.06,16.22
,,,,,33122,12,2744.31,16.22
,,,,,33125,3,2542.99,8.7
,,,,,33125,6,2570.82,8.7
,,,,,33125,9,2602.97,8.7
,,,,,33125,12,2625.01,8.7
,,,,,33126,3,2539.01,12.96
,,,,,33126,6,2564.35,12.96
,,,,,33126,9,2602.27,12.96
,,,,,33126,12,2625.03,12.96
,,,,,33127,3,2822.11,19.75
,,,,,33127,6,2862.17,19.75
,,,,,33127,9,2898.93,19.75
,,,,,33127,12,2933.08,19.75
,,,,,33128,3,2823.98,26.4
,,,,,33128,6,2831.54,26.4
,,,,,33128,9,2827.57,26.4
,,,,,33128,12,2829.53,26.4
,,,,,33129,3,3610.94,26.79
,,,,,33129,6,3636.28,26.79
,,,,,33129,9,3653.32,26.79
,,,,,33129,12,3652.38,26.79
,,,,,33130,3,3328.89,6.99
,,,,,33130,6,3347.25,6.99
,,,,,33130,9,3364.89,6.99
,,,,,33130,12,3387.89,6.99
,,,,,33131,3,3737.96,10.14
,,,,,33131,6,3746.4,10.14
,,,,,33131,9,3769.31,10.14
,,,,,33131,12,3786.88,10.14
,,,,,33132,3,3357.28,10.44
,,,,,33132,6,3389.17,10.44
,,,,,33132,9,3405.46,10.44
,,,,,33132,12,3434.02,10.44
,,,,,33133,3,3243.48,34.39
,,,,,33133,6,3258.98,34.39
,,,,,33133,9,3255.94,34.39
,,,,,33133,12,3298.93,34.39
,,,,,33134,3,3059.49,8.47
,,,,,33134,6,3090.59,8.47
,,,,,33134,9,3126.96,8.47
,,,,,33134,12,3151.87,8.47
,,,,,33135,3,2198.93,18.43
,,,,,33135,6,2216.4,18.43
,,,,,33135,9,2233.43,18.43
,,,,,33135,12,2218.91,18.43
,,,,,33136,3,2579.05,11.04
,,,,,33136,6,2592.39,11.04
,,,,,33136,9,2594.21,11.04
,,,,,33136,12,2613.91,11.04
,,,,,33137,3,3540.82,9.44
,,,,,33137,6,3551.56,9.44
,,,,,33137,9,3585.58,9.44
,,,,,33137,12,3623.55,9.44
,,,,,33138,3,2515.1,25.25
,,,,,33138,6,2516.01,25.25
,,,,,33138,9,2577.71,25.25
,,,,,33138,12,2590.9,25.25
,,,,,33139,3,2668.24,14.61
,,,,,33139,6,2672.05,14.61
,,,,,33139,9,2689.7,14.61
,,,,,33139,12,2712.77,14.61
,,,,,33140,3,3556.69,26.13
,,,,,33140,6,3577.77,26.13
,,,,,33140,9,3605.18,26.13
,,,,,33140,12,3664.99,26.13
,,,,,33141,3,2456.1,8.61
,,,,,33141,6,2490.23,8.61
,,,,,33141,9,2512.48,8.61
,,,,,33141,12,2536.03,8.61
,,,,,33142,3,2530.73,21.59
,,,,,33142,6,2529.73,21.59
,,,,,33142,9,2566.47,21.59
,,,,,33142,12,2550.52,21.59
,,,,,33143,3,2778.68,28.1
,,,,,33143,6,2810.86,28.1
,,,,,33143,9,2839.64,28.1
,,,,,33143,12,2873.03,28.1
,,,,,33144,3,2543.26,43.95
,,,,,33144,6,2434.19,43.95
,,,,,33144,9,2567.24,43.95
,,,,,33144,12,2632.22,43.95
,,,,,33145,3,2818.31,29.02
,,,,,33145,6,2862.36,29.02
,,,,,33145,9,2861.76,29.02
,,,,,33145,12,2894.55,29.02
,,,,,33146,3,3380.95,27.38
,,,,,33146,6,3410.58,27.38
,,,,,33146,9,3427.94,27.38
,,,,,33146,12,3478.1,27.38
,,,,,33147,3,2722.68,43.44
,,,,,33147,6,2695.98,43.44
,,,,,33147,9,2713.09,43.44
,,,,,33147,12,2732.95,43.44
,,,,,33149,3,7236.64,64.01
,,,,,33149,6,7289.41,64.01
,,,,,33149,9,7342.05,64.01
,,,,,33149,12,7422.04,64.01
,,,,,33150,3,2125.74,23.52
,,,,,33150,6,2174.22,23.52
,,,,,33150,9,2172.2,23.52
,,,,,33150,12,2175.41,23.52
,,,,,33154,3,4006.15,33.15
,,,,,33154,6,4039.89,33.15
,,,,,33154,9,4041.72,33.15
,,,,,33154,12,4058.27,33.15
,,,,,33155,3,2705.96,21.27
,,,,,33155,6,2717.47,21.27
,,,,,33155,9,2732.82,21.27
,,,,,33155,12,2740.53,21.27
,,,,,33156,3,2822.76,20.32
,,,,,33156,6,2857.36,20.32
,,,,,33156,9,2899.65,20.32
,,,,,33156,12,2918.84,20.32
,,,,,33157,3,2646.99,17.8
,,,,,33157,6,2655.18,17.8
,,,,,33157,9,2684.32,17.8
,,,,,33157,12,2711.85,17.8
,,,,,33160,3,3291.95,11.29
,,,,,33160,6,3301.84,11.29
,,,,,33160,9,3313.89,11.29
,,,,,33160,12,3326.99,11.29
,,,,,33161,3,2158.9,19.29
,,,,,33161,6,2181.82,19.29
,,,,,33161,9,2198.06,19.29
,,,,,33161,12,2213.57,19.29
,,,,,33162,3,2166.81,36.19
,,,,,33162,6,2191.49,36.19
,,,,,33162,9,2219.07,36.19
,,,,,33162,12,2253.69,36.19
,,,,,33165,3,2458.43,18.65
,,,,,33165,6,2489.06,18.65
,,,,,33165,9,2507.48,18.65
,,,,,33165,12,2520.61,18.65
,,,,,33166,3,2877.57,15.81
,,,,,33166,6,2900.98,15.81
,,,,,33166,9,2915.2,15.81
,,,,,33166,12,2924.94,15.81
,,,,,33169,3,2277.16,10.8
,,,,,33169,6,2286.43,10.8
,,,,,33169,9,2308.56,10.8
,,,,,33169,12,2328.21,10.8
,,,,,33172,3,2373.75,11.22
,,,,,33172,6,2377.42,11.22
,,,,,33172,9,2388.13,11.22
,,,,,33172,12,2396.02,11.22
,,,,,33173,3,2914.23,17.39
,,,,,33173,6,2943.66,17.39
,,,,,33173,9,2966.91,17.39
,,,,,33173,12,2960.47,17.39
,,,,,33174,3,2854.46,25.96
,,,,,33174,6,2887.79,25.96
,,,,,33174,9,2897.76,25.96
,,,,,33174,12,2910.96,25.96
,,,,,33175,3,2883.53,31.33
,,,,,33175,6,2933.37,31.33
,,,,,33175,9,2938.01,31.33
,,,,,33175,12,2937.88,31.33
,,,,,33176,3,2524.97,13.28
,,,,,33176,6,2551.19,13.28
,,,,,33176,9,2569.55,13.28
,,,,,33176,12,2580.8,13.28
,,,,,33177,3,2636.68,17.61
,,,,,33177,6,2669.78,17.61
,,,,,33177,9,2692.32,17.61
,,,,,33177,12,2727.94,17.61
,,,,,33178,3,3121.8,10.78
,,,,,33178,6,3123.33,10.78
,,,,,33178,9,3148.36,10.78
,,,,,33178,12,3172.32,10.78
,,,,,33179,3,2411.19,13.33
,,,,,33179,6,2428.11,13.33
,,,,,33179,9,2452.63,13.33
,,,,,33179,12,2487.09,13.33
,,,,,33180,3,3203.07,18.09
,,,,,33180,6,3210.2,18.09
,,,,,33180,9,3220.43,18.09
,,,,,33180,12,3242.59,18.09
,,,,,33181,3,2531.37,22.18
,,,,,33181,6,2568.01,22.18
,,,,,33181,9,2575.99,22.18
,,,,,33181,12,2583.54,22.18
,,,,,33183,3,2615.02,15.04
,,,,,33183,6,2645.69,15.04
,,,,,33183,9,2667.16,15.04
,,,,,33183,12,2678.86,15.04
,,,,,33185,3,3911.94,57.49
,,,,,33185,6,3971.23,57.49
,,,,,33185,9,3981.73,57.49
,,,,,33185,12,4006.57,57.49
,,,,,33186,3,2785.38,9.78
,,,,,33186,6,2802.83,9.78
,,,,,33186,9,2822.79,9.78
,,,,,33186,12,2846.88,9.78
,,,,,33189,3,2724.71,24.19
,,,,,33189,6,2767.05,24.19
,,,,,33189,9,2773.94,24.19
,,,,,33189,12,2804.88,24.19
,,,,,33190,3,2744.52,32.48
,,,,,33190,6,2789.58,32.48
,,,,,33190,9,2815.86,32.48
,,,,,33190,12,2843.8,32.48
,,,,,33193,3,2530.83,19.85
,,,,,33193,6,2531.81,19.85
,,,,,33193,9,2563.69,19.85
,,,,,33193,12,2593.1,19.85
,,,,,33196,3,2413.39,12.88
,,,,,33196,6,2415.72,12.88
,,,,,33196,9,2407.06,12.88
,,,,,33196,12,2432.22,12.88
,,,,,33301,3,2936.33,8.81
,,,,,33301,6,2939.64,8.81
,,,,,33301,9,2962.49,8.81
,,,,,33301,12,2990.42,8.81
,,,,,33304,3,2510.76,14.5
,,,,,33304,6,2540.47,14.5
,,,,,33304,9,2570.4,14.5
,,,,,33304,12,2600.75,14.5
,,,,,33305,3,2365,15.63
,,,,,33305,6,2372.82,15.63
,,,,,33305,9,2381.63,15.63
,,,,,33305,12,2399.08,15.63
,,,,,33306,3,2447.05,21.79
,,,,,33306,6,2428.26,21.79
,,,,,33306,9,2497.34,21.79
,,,,,33306,12,2455.82,21.79
,,,,,33308,3,2851.96,10.99
,,,,,33308,6,2880.68,10.99
,,,,,33308,9,2910.46,10.99
,,,,,33308,12,2922.6,10.99
,,,,,33309,3,2218.26,12.94
,,,,,33309,6,2224.47,12.94
,,,,,33309,9,2233.53,12.94
,,,,,33309,12,2241.07,12.94
,,,,,33311,3,2442.45,17.86
,,,,,33311,6,2484.01,17.86
,,,,,33311,9,2510.42,17.86
,,,,,33311,12,2535.82,17.86
,,,,,33312,3,2674.14,10.41
,,,,,33312,6,2694.15,10.41
,,,,,33312,9,2704,10.41
,,,,,33312,12,2733.65,10.41
,,,,,33313,3,2002.59,22.33
,,,,,33313,6,2024.86,22.33
,,,,,33313,9,2053.99,22.33
,,,,,33313,12,2078.97,22.33
,,,,,33314,3,2340.4,10.01
,,,,,33314,6,2357.98,10.01
,,,,,33314,9,2394.15,10.01
,,,,,33314,12,2408.76,10.01
,,,,,33315,3,2564.25,23.53
,,,,,33315,6,2575.43,23.53
,,,,,33315,9,2605.74,23.53
,,,,,33315,12,2626.92,23.53
,,,,,33316,3,2743.58,28
,,,,,33316,6,2768.44,28
,,,,,33316,9,2801.3,28
,,,,,33316,12,2842.07,28
,,,,,33317,3,2372.35,17.18
,,,,,33317,6,2385.74,17.18
,,,,,33317,9,2414.51,17.18
,,,,,33317,12,2431.04,17.18
,,,,,33319,3,1947.42,6.38
,,,,,33319,6,1955.07,6.38
,,,,,33319,9,1970.71,6.38
,,,,,33319,12,1991.16,6.38
,,,,,33321,3,2176.48,11.58
,,,,,33321,6,2188.77,11.58
,,,,,33321,9,2195.13,11.58
,,,,,33321,12,2200.7,11.58
,,,,,33322,3,2394.81,12.61
,,,,,33322,6,2413.49,12.61
,,,,,33322,9,2415.45,12.61
,,,,,33322,12,2424.56,12.61
,,,,,33323,3,2882.65,16.25
,,,,,33323,6,2909.26,16.25
,,,,,33323,9,2922.26,16.25
,,,,,33323,12,2934.93,16.25
,,,,,33324,3,2473.96,10.59
,,,,,33324,6,2507.38,10.59
,,,,,33324,9,2529.69,10.59
,,,,,33324,12,2550.76,10.59
,,,,,33325,3,2736.3,11.11
,,,,,33325,6,2755.36,11.11
,,,,,33325,9,2752.58,11.11
,,,,,33325,12,2756.47,11.11
,,,,,33326,3,2984.91,12.37
,,,,,33326,6,3000.15,12.37
,,,,,33326,9,3001.69,12.37
,,,,,33326,12,3012.58,12.37
,,,,,33327,3,4092.83,39.09
,,,,,33327,6,4165.92,39.09
,,,,,33327,9,4171.32,39.09
,,,,,33327,12,4192.18,39.09
,,,,,33328,3,2614.56,26.48
,,,,,33328,6,2620.17,26.48
,,,,,33328,9,2651.96,26.48
,,,,,33328,12,2669.72,26.48
,,,,,33331,3,3755.45,29.01
,,,,,33331,6,3822.51,29.01
,,,,,33331,9,3891.22,29.01
,,,,,33331,12,3869,29.01
,,,,,33334,3,2117.79,12.86
,,,,,33334,6,2143.97,12.86
,,,,,33334,9,2171.82,12.86
,,,,,33334,12,2208.21,12.86
,,,,,33351,3,2203.62,12.81
,,,,,33351,6,2238.42,12.81
,,,,,33351,9,2237.62,12.81
,,,,,33351,12,2253.76,12.81
,,,,,33401,3,2453.93,9.08
,,,,,33401,6,2497.4,9.08
,,,,,33401,9,2532.89,9.08
,,,,,33401,12,2558.38,9.08
,,,,,33403,3,2158.23,32.78
,,,,,33403,6,2185.35,32.78
,,,,,33403,9,2153.52,32.78
,,,,,33403,12,2200.19,32.78
,,,,,33404,3,2669.93,16.79
,,,,,33404,6,2689.84,16.79
,,,,,33404,9,2713.9,16.79
,,,,,33404,12,2755.56,16.79
,,,,,33405,3,2490.52,35.31
,,,,,33405,6,2514.9,35.31
,,,,,33405,9,2527.53,35.31
,,,,,33405,12,2575.62,35.31
,,,,,33406,3,2281.41,23.14
,,,,,33406,6,2295.86,23.14
,,,,,33406,9,2307.32,23.14
,,,,,33406,12,2326.04,23.14
,,,,,33407,3,2244.12,20.87
,,,,,33407,6,2297.4,20.87
,,,,,33407,9,2336.88,20.87
,,,,,33407,12,2358.1,20.87
,,,,,33408,3,3025.55,30.03
,,,,,33408,6,3042.7,30.03
,,,,,33408,9,3061.72,30.03
,,,,,33408,12,3065.46,30.03
,,,,,33409,3,2038.4,7.91
,,,,,33409,6,2046.75,7.91
,,,,,33409,9,2049.62,7.91
,,,,,33409,12,2048.42,7.91
,,,,,33410,3,2540.44,9.94
,,,,,33410,6,2555.83,9.94
,,,,,33410,9,2590.41,9.94
,,,,,33410,12,2630.37,9.94
,,,,,33411,3,2342.17,19.51
,,,,,33411,6,2370.97,19.51
,,,,,33411,9,2402.36,19.51
,,,,,33411,12,2429.83,19.51
,,,,,33412,3,3966.45,99.58
,,,,,33412,6,3978.37,99.58
,,,,,33412,9,4081.78,99.58
,,,,,33412,12,4115.88,99.58
,,,,,33413,3,2083.43,15.7
,,,,,33413,6,2110.94,15.7
,,,,,33413,9,2108.69,15.7
,,,,,33413,12,2115.95,15.7
,,,,,33414,3,3658.03,21.93
,,,,,33414,6,3682.15,21.93
,,,,,33414,9,3762.16,21.93
,,,,,33414,12,3829.57,21.93
,,,,,33415,3,2093.71,17.25
,,,,,33415,6,2102.19,17.25
,,,,,33415,9,2104.77,17.25
,,,,,33415,12,2127.63,17.25
,,,,,33417,3,1895.92,12.41
,,,,,33417,6,1922.04,12.41
,,,,,33417,9,1926.39,12.41
,,,,,33417,12,1934.46,12.41
,,,,,33418,3,3245.67,29.87
,,,,,33418,6,3287.11,29.87
,,,,,33418,9,3337.87,29.87
,,,,,33418,12,3349.3,29.87
,,,,,33426,3,2364.85,10.9
,,,,,33426,6,2406.46,10.9
,,,,,33426,9,2431.46,10.9
,,,,,33426,12,2453.69,10.9
,,,,,33428,3,2747.2,15.86
,,,,,33428,6,2771.91,15.86
,,,,,33428,9,2805.19,15.86
,,,,,33428,12,2853.57,15.86
,,,,,33431,3,3030.34,23.46
,,,,,33431,6,3076.28,23.46
,,,,,33431,9,3100.19,23.46
,,,,,33431,12,3118.9,23.46
,,,,,33432,3,2953.31,18.16
,,,,,33432,6,2959.16,18.16
,,,,,33432,9,2948.01,18.16
,,,,,33432,12,3018.09,18.16
,,,,,33433,3,3040.23,21.85
,,,,,33433,6,3075.22,21.85
,,,,,33433,9,3089.94,21.85
,,,,,33433,12,3126.52,21.85
,,,,,33434,3,2579.63,21.18
,,,,,33434,6,2580.82,21.18
,,,,,33434,9,2593.32,21.18
,,,,,33434,12,2584.63,21.18
,,,,,33435,3,2499.12,11.02
,,,,,33435,6,2511.5,11.02
,,,,,33435,9,2557.84,11.02
,,,,,33435,12,2585.22,11.02
,,,,,33436,3,2207.98,15.2
,,,,,33436,6,2224.3,15.2
,,,,,33436,9,2230.87,15.2
,,,,,33436,12,2223.06,15.2
,,,,,33437,3,2912.23,17.8
,,,,,33437,6,2903.91,17.8
,,,,,33437,9,2908.14,17.8
,,,,,33437,12,2932.77,17.8
,,,,,33441,3,2765.29,20.19
,,,,,33441,6,2790.98,20.19
,,,,,33441,9,2815.36,20.19
,,,,,33441,12,2853.99,20.19
,,,,,33442,3,2334.95,19.5
,,,,,33442,6,2344.11,19.5
,,,,,33442,9,2365.77,19.5
,,,,,33442,12,2384.82,19.5
,,,,,33444,3,2772,25.04
,,,,,33444,6,2785.46,25.04
,,,,,33444,9,2833,25.04
,,,,,33444,12,2865.96,25.04
,,,,,33445,3,2712.33,19.36
,,,,,33445,6,2729.47,19.36
,,,,,33445,9,2769.65,19.36
,,,,,33445,12,2810.52,19.36
,,,,,33446,3,2682.68,18.82
,,,,,33446,6,2712.16,18.82
,,,,,33446,9,2712.56,18.82
,,,,,33446,12,2683.94,18.82
,,,,,33458,3,2893.42,10.54
,,,,,33458,6,2905,10.54
,,,,,33458,9,2930.67,10.54
,,,,,33458,12,2955,10.54
,,,,,33460,3,2135.57,13.47
,,,,,33460,6,2165.54,13.47
,,,,,33460,9,2200.54,13.47
,,,,,33460,12,2229.05,13.47
,,,,,33461,3,2206.39,13.8
,,,,,33461,6,2224.02,13.8
,,,,,33461,9,2236.29,13.8
,,,,,33461,12,2244.65,13.8
,,,,,33462,3,2390.09,18.53
,,,,,33462,6,2415.9,18.53
,,,,,33462,9,2411.12,18.53
,,,,,33462,12,2421.53,18.53
,,,,,33463,3,2369.33,15.27
,,,,,33463,6,2378.64,15.27
,,,,,33463,9,2386.32,15.27
,,,,,33463,12,2398.6,15.27
,,,,,33467,3,2580.49,22.55
,,,,,33467,6,2621.48,22.55
,,,,,33467,9,2654.07,22.55
,,,,,33467,12,2681.33,22.55
,,,,,33469,3,3066.34,34.74
,,,,,33469,6,3072.78,34.74
,,,,,33469,9,3146.39,34.74
,,,,,33469,12,3139.52,34.74
,,,,,33470,3,3909.68,75.85
,,,,,33470,6,3919.72,75.85
,,,,,33470,9,3804.97,75.85
,,,,,33470,12,3856.16,75.85
,,,,,33477,3,4215.2,90.03
,,,,,33477,6,4270.2,90.03
,,,,,33477,9,4295.76,90.03
,,,,,33477,12,4354.71,90.03
,,,,,33480,3,7493.07,107.71
,,,,,33480,6,7741.37,107.71
,,,,,33480,9,7738.23,107.71
,,,,,33480,12,7832.04,107.71
,,,,,33483,3,3091.47,39.66
,,,,,33483,6,3109.96,39.66
,,,,,33483,9,3108.32,39.66
,,,,,33483,12,3133.63,39.66
,,,,,33484,3,2585.72,34.84
,,,,,33484,6,2581.16,34.84
,,,,,33484,9,2596.31,34.84
,,,,,33484,12,2611.78,34.84
,,,,,33486,3,2735.26,17.65
,,,,,33486,6,2743.81,17.65
,,,,,33486,9,2751.56,17.65
,,,,,33486,12,2759.51,17.65
,,,,,33487,3,3451.45,37.71
,,,,,33487,6,3455.26,37.71
,,,,,33487,9,3464.1,37.71
,,,,,33487,12,3472.2,37.71
,,,,,33496,3,3109.35,32.19
,,,,,33496,6,3133.94,32.19
,,,,,33496,9,3136.76,32.19
,,,,,33496,12,3150.4,32.19
,,,,,33510,3,1808.45,7.03
,,,,,33510,6,1816.3,7.03
,,,,,33510,9,1832.64,7.03
,,,,,33510,12,1848.05,7.03
,,,,,33511,3,1942.28,10.43
,,,,,33511,6,1963.7,10.43
,,,,,33511,9,1983.51,10.43
,,,,,33511,12,2008.65,10.43
,,,,,33525,3,1921.66,0.35
,,,,,33525,6,1921.66,0.35
,,,,,33525,9,1921.66,0.35
,,,,,33525,12,1920.4,0.35
,,,,,33534,3,2209.06,31.54
,,,,,33534,6,2210.54,31.54
,,,,,33534,9,2264.43,31.54
,,,,,33534,12,2251.68,31.54
,,,,,33541,3,1942.02,13.58
,,,,,33541,6,1953.14,13.58
,,,,,33541,9,1933.46,13.58
,,,,,33541,12,1967.97,13.58
,,,,,33542,3,1584.8,13.19
,,,,,33542,6,1581.66,13.19
,,,,,33542,9,1602.05,13.19
,,,,,33542,12,1625.77,13.19
,,,,,33543,3,2354.32,8.2
,,,,,33543,6,2385.6,8.2
,,,,,33543,9,2426.16,8.2
,,,,,33543,12,2448.17,8.2
,,,,,33544,3,2221.49,13.79
,,,,,33544,6,2250.24,13.79
,,,,,33544,9,2288.72,13.79
,,,,,33544,12,2305.62,13.79
,,,,,33545,3,2246.84,9.44
,,,,,33545,6,2284.08,9.44
,,,,,33545,9,2310.83,9.44
,,,,,33545,12,2341.25,9.44
,,,,,33547,3,2320.22,18.13
,,,,,33547,6,2343.02,18.13
,,,,,33547,9,2366.96,18.13
,,,,,33547,12,2384.81,18.13
,,,,,33548,3,2051.32,19.46
,,,,,33548,6,2050.37,19.46
,,,,,33548,9,2037.47,19.46
,,,,,33548,12,2074.2,19.46
,,,,,33549,3,2249.27,28.73
,,,,,33549,6,2206.42,28.73
,,,,,33549,9,2321.54,28.73
,,,,,33549,12,2304.92,28.73
,,,,,33556,3,1968.95,12.65
,,,,,33556,6,1980.83,12.65
,,,,,33556,9,1974.45,12.65
,,,,,33556,12,1984.06,12.65
,,,,,33558,3,2133.06,19.16
,,,,,33558,6,2136.88,19.16
,,,,,33558,9,2140.04,19.16
,,,,,33558,12,2135.68,19.16
,,,,,33559,3,2021.04,14.88
,,,,,33559,6,2037.27,14.88
,,,,,33559,9,2034.78,14.88
,,,,,33559,12,2035.37,14.88
,,,,,33563,3,1826.1,14.84
,,,,,33563,6,1813,14.84
,,,,,33563,9,1806.25,14.84
,,,,,33563,12,1815.31,14.84
,,,,,33566,3,1956.39,22.24
,,,,,33566,6,1990.58,22.24
,,,,,33566,9,1966.97,22.24
,,,,,33566,12,1976.89,22.24
,,,,,33569,3,2312.45,21.93
,,,,,33569,6,2350.18,21.93
,,,,,33569,9,2356.51,21.93
,,,,,33569,12,2387.35,21.93
,,,,,33570,3,2235.91,19.34
,,,,,33570,6,2263.97,19.34
,,,,,33570,9,2283.64,19.34
,,,,,33570,12,2323.55,19.34
,,,,,33572,3,2224.24,13.25
,,,,,33572,6,2262.65,13.25
,,,,,33572,9,2292.67,13.25
,,,,,33572,12,2317.49,13.25
,,,,,33573,3,2193.08,16.94
,,,,,33573,6,2208.34,16.94
,,,,,33573,9,2210.12,16.94
,,,,,33573,12,2224.78,16.94
,,,,,33578,3,2034.91,8.48
,,,,,33578,6,2055.18,8.48
,,,,,33578,9,2089.24,8.48
,,,,,33578,12,2104.42,8.48
,,,,,33579,3,2497.76,18.51
,,,,,33579,6,2539.27,18.51
,,,,,33579,9,2573.49,18.51
,,,,,33579,12,2606.45,18.51
,,,,,33584,3,2069.8,21.79
,,,,,33584,6,2083.9,21.79
,,,,,33584,9,2094.44,21.79
,,,,,33584,12,2114.12,21.79
,,,,,33594,3,2332.04,17.5
,,,,,33594,6,2366.01,17.5
,,,,,33594,9,2397.29,17.5
,,,,,33594,12,2424.21,17.5
,,,,,33596,3,2634.04,22.02
,,,,,33596,6,2684.18,22.02
,,,,,33596,9,2723.56,22.02
,,,,,33596,12,2761.74,22.02
,,,,,33598,3,2378.84,18.36
,,,,,33598,6,2379.25,18.36
,,,,,33598,9,2382.43,18.36
,,,,,33598,12,2376.46,18.36
,,,,,33602,3,2643.29,13.62
,,,,,33602,6,2664.41,13.62
,,,,,33602,9,2699.59,13.62
,,,,,33602,12,2729.35,13.62
,,,,,33603,3,2178.97,18.5
,,,,,33603,6,2208.58,18.5
,,,,,33603,9,2211.57,18.5
,,,,,33603,12,2216.64,18.5
,,,,,33604,3,1729.84,8.82
,,,,,33604,6,1756.91,8.82
,,,,,33604,9,1780.81,8.82
,,,,,33604,12,1806.62,8.82
,,,,,33605,3,2057.87,12.45
,,,,,33605,6,2111.02,12.45
,,,,,33605,9,2138.95,12.45
,,,,,33605,12,2160.44,12.45
,,,,,33606,3,2307.95,14
,,,,,33606,6,2347.92,14
,,,,,33606,9,2374.21,14
,,,,,33606,12,2402.32,14
,,,,,33607,3,2179.48,12.63
,,,,,33607,6,2213.24,12.63
,,,,,33607,9,2246.08,12.63
,,,,,33607,12,2266.74,12.63
,,,,,33609,3,2256.44,19.66
,,,,,33609,6,2254.56,19.66
,,,,,33609,9,2295.86,19.66
,,,,,33609,12,2313.07,19.66
,,,,,33610,3,1946.43,10.61
,,,,,33610,6,1983.34,10.61
,,,,,33610,9,2025.34,10.61
,,,,,33610,12,2044.2,10.61
,,,,,33611,3,2318.01,11.71
,,,,,33611,6,2376.59,11.71
,,,,,33611,9,2425.5,11.71
,,,,,33611,12,2457.81,11.71
,,,,,33612,3,1458.92,10.6
,,,,,33612,6,1461.41,10.6
,,,,,33612,9,1474.78,10.6
,,,,,33612,12,1484.53,10.6
,,,,,33613,3,1487.34,11.25
,,,,,33613,6,1491.73,11.25
,,,,,33613,9,1494.22,11.25
,,,,,33613,12,1493.86,11.25
,,,,,33614,3,1605.28,9.06
,,,,,33614,6,1617.22,9.06
,,,,,33614,9,1633.17,9.06
,,,,,33614,12,1652.49,9.06
,,,,,33615,3,1757.85,9.79
,,,,,33615,6,1785.48,9.79
,,,,,33615,9,1810.2,9.79
,,,,,33615,12,1831.43,9.79
,,,,,33616,3,2307.9,24.83
,,,,,33616,6,2331.96,24.83
,,,,,33616,9,2404.36,24.83
,,,,,33616,12,2412.47,24.83
,,,,,33617,3,1726.02,8.19
,,,,,33617,6,1742.2,8.19
,,,,,33617,9,1769.65,8.19
,,,,,33617,12,1789.52,8.19
,,,,,33618,3,1621.54,9.05
,,,,,33618,6,1627.29,9.05
,,,,,33618,9,1625.49,9.05
,,,,,33618,12,1632.97,9.05
,,,,,33619,3,1963.01,13.44
,,,,,33619,6,1996.72,13.44
,,,,,33619,9,2020.47,13.44
,,,,,33619,12,2048.91,13.44
,,,,,33624,3,1775.79,10.64
,,,,,33624,6,1795.48,10.64
,,,,,33624,9,1807.54,10.64
,,,,,33624,12,1821.86,10.64
,,,,,33625,3,2092.44,15.04
,,,,,33625,6,2097.2,15.04
,,,,,33625,9,2121.24,15.04
,,,,,33625,12,2099.97,15.04
,,,,,33626,3,2221.55,9.07
,,,,,33626,6,2263.19,9.07
,,,,,33626,9,2282.81,9.07
,,,,,33626,12,2306.61,9.07
,,,,,33629,3,2711.21,25.02
,,,,,33629,6,2766.55,25.02
,,,,,33629,9,2819.34,25.02
,,,,,33629,12,2829.25,25.02
,,,,,33634,3,1701.95,31.32
,,,,,33634,6,1737.88,31.32
,,,,,33634,9,1759.28,31.32
,,,,,33634,12,1790.18,31.32
,,,,,33635,3,1946.34,23.26
,,,,,33635,6,1959.23,23.26
,,,,,33635,9,1976.98,23.26
,,,,,33635,12,1988.15,23.26
,,,,,33637,3,1828.73,13.02
,,,,,33637,6,1830.73,13.02
,,,,,33637,9,1832.86,13.02
,,,,,33637,12,1830.88,13.02
,,,,,33647,3,1926.76,7.31
,,,,,33647,6,1954.94,7.31
,,,,,33647,9,1981.12,7.31
,,,,,33647,12,1994.87,7.31
,,,,,33701,3,2509.58,12.03
,,,,,33701,6,2555.52,12.03
,,,,,33701,9,2595.93,12.03
,,,,,33701,12,2630.04,12.03
,,,,,33702,3,1983.44,20.16
,,,,,33702,6,2003.08,20.16
,,,,,33702,9,2037.07,20.16
,,,,,33702,12,2055.06,20.16
,,,,,33703,3,2452.79,24.6
,,,,,33703,6,2494.73,24.6
,,,,,33703,9,2533.86,24.6
,,,,,33703,12,2564.61,24.6
,,,,,33704,3,2223.58,20.23
,,,,,33704,6,2243.07,20.23
,,,,,33704,9,2286.12,20.23
,,,,,33704,12,2329.37,20.23
,,,,,33705,3,2154.1,15.79
,,,,,33705,6,2198.39,15.79
,,,,,33705,9,2233.05,15.79
,,,,,33705,12,2259.69,15.79
,,,,,33706,3,2499.64,23
,,,,,33706,6,2528.45,23
,,,,,33706,9,2602.52,23
,,,,,33706,12,2646.58,23
,,,,,33707,3,2310.57,17.92
,,,,,33707,6,2372.71,17.92
,,,,,33707,9,2403.81,17.92
,,,,,33707,12,2428.1,17.92
,,,,,33708,3,2352.19,9.78
,,,,,33708,6,2368.21,9.78
,,,,,33708,9,2369.28,9.78
,,,,,33708,12,2386.63,9.78
,,,,,33709,3,1999.84,24.07
,,,,,33709,6,2005.2,24.07
,,,,,33709,9,1993.11,24.07
,,,,,33709,12,1996.56,24.07
,,,,,33710,3,2006.77,16.41
,,,,,33710,6,2045.07,16.41
,,,,,33710,9,2080.14,16.41
,,,,,33710,12,2100.24,16.41
,,,,,33711,3,2263.36,21.17
,,,,,33711,6,2273.2,21.17
,,,,,33711,9,2303.26,21.17
,,,,,33711,12,2326.56,21.17
,,,,,33712,3,1914.91,15.02
,,,,,33712,6,1942.35,15.02
,,,,,33712,9,1958.39,15.02
,,,,,33712,12,1978.31,15.02
,,,,,33713,3,2121.71,14.23
,,,,,33713,6,2155.26,14.23
,,,,,33713,9,2188.81,14.23
,,,,,33713,12,2221.88,14.23
,,,,,33714,3,2043.37,26.73
,,,,,33714,6,2065.82,26.73
,,,,,33714,9,2107.34,26.73
,,,,,33714,12,2120.13,26.73
,,,,,33715,3,3676.13,86.47
,,,,,33715,6,3831.38,86.47
,,,,,33715,9,3905.43,86.47
,,,,,33715,12,4053.48,86.47
,,,,,33716,3,1863.8,11.41
,,,,,33716,6,1889.95,11.41
,,,,,33716,9,1911.77,11.41
,,,,,33716,12,1911.86,11.41
,,,,,33755,3,2008.39,17.96
,,,,,33755,6,2039.32,17.96
,,,,,33755,9,2078.33,17.96
,,,,,33755,12,2086.95,17.96
,,,,,33756,3,1968.84,21.52
,,,,,33756,6,1977.21,21.52
,,,,,33756,9,1991.97,21.52
,,,,,33756,12,2013.91,21.52
,,,,,33759,3,2174.38,16.09
,,,,,33759,6,2184.19,16.09
,,,,,33759,9,2196.63,16.09
,,,,,33759,12,2194.43,16.09
,,,,,33760,3,1645.96,20.44
,,,,,33760,6,1678.31,20.44
,,,,,33760,9,1675.76,20.44
,,,,,33760,12,1712.58,20.44
,,,,,33761,3,1922.01,25.54
,,,,,33761,6,1985.12,25.54
,,,,,33761,9,1975.25,25.54
,,,,,33761,12,1980.32,25.54
,,,,,33762,3,1718.39,19.64
,,,,,33762,6,1678.24,19.64
,,,,,33762,9,1740.57,19.64
,,,,,33762,12,1726.64,19.64
,,,,,33763,3,2102.47,9.87
,,,,,33763,6,2125.51,9.87
,,,,,33763,9,2122.92,9.87
,,,,,33763,12,2127.23,9.87
,,,,,33764,3,2113.46,15.13
,,,,,33764,6,2139.41,15.13
,,,,,33764,9,2163.31,15.13
,,,,,33764,12,2190.16,15.13
,,,,,33765,3,1660.19,9.11
,,,,,33765,6,1650.09,9.11
,,,,,33765,9,1675.94,9.11
,,,,,33765,12,1681.07,9.11
,,,,,33767,3,4253.05,54.79
,,,,,33767,6,4289.77,54.79
,,,,,33767,9,4265.13,54.79
,,,,,33767,12,4301.58,54.79
,,,,,33770,3,1872.13,21.75
,,,,,33770,6,1910.3,21.75
,,,,,33770,9,1933.99,21.75
,,,,,33770,12,1963.3,21.75
,,,,,33771,3,1646.38,6.55
,,,,,33771,6,1650.74,6.55
,,,,,33771,9,1660.45,6.55
,,,,,33771,12,1665.39,6.55
,,,,,33772,3,2190.39,19.48
,,,,,33772,6,2239.24,19.48
,,,,,33772,9,2244.95,19.48
,,,,,33772,12,2263.57,19.48
,,,,,33773,3,2530.91,33.81
,,,,,33773,6,2565.03,33.81
,,,,,33773,9,2604.49,33.81
,,,,,33773,12,2591.42,33.81
,,,,,33774,3,1694.52,12.79
,,,,,33774,6,1701.25,12.79
,,,,,33774,9,1699.3,12.79
,,,,,33774,12,1710.06,12.79
,,,,,33777,3,2405.86,21.8
,,,,,33777,6,2428.81,21.8
,,,,,33777,9,2451.62,21.8
,,,,,33777,12,2460.25,21.8
,,,,,33781,3,2002.45,12.18
,,,,,33781,6,2010.12,12.18
,,,,,33781,9,2033.74,12.18
,,,,,33781,12,2003.09,12.18
,,,,,33782,3,2141.59,9.79
,,,,,33782,6,2145.69,9.79
,,,,,33782,9,2143.35,9.79
,,,,,33782,12,2145.77,9.79
,,,,,33801,3,1600.49,7.77
,,,,,33801,6,1619.09,7.77
,,,,,33801,9,1627.86,7.77
,,,,,33801,12,1633.49,7.77
,,,,,33803,3,1655.67,13.28
,,,,,33803,6,1660.97,13.28
,,,,,33803,9,1659.44,13.28
,,,,,33803,12,1657.81,13.28
,,,,,33805,3,1576.16,10.44
,,,,,33805,6,1589.59,10.44
,,,,,33805,9,1586.24,10.44
,,,,,33805,12,1583.51,10.44
,,,,,33809,3,1667.65,11.77
,,,,,33809,6,1677.6,11.77
,,,,,33809,9,1686.58,11.77
,,,,,33809,12,1685.57,11.77
,,,,,33810,3,1871.69,10.32
,,,,,33810,6,1893.64,10.32
,,,,,33810,9,1929.14,10.32
,,,,,33810,12,1943.66,10.32
,,,,,33811,3,2226.09,12.72
,,,,,33811,6,2228.55,12.72
,,,,,33811,9,2262.54,12.72
,,,,,33811,12,2265.81,12.72
,,,,,33812,3,1832.32,14.59
,,,,,33812,6,1842.7,14.59
,,,,,33812,9,1843.56,14.59
,,,,,33812,12,1851.54,14.59
,,,,,33813,3,1998.14,11.71
,,,,,33813,6,2013.99,11.71
,,,,,33813,9,2034.88,11.71
,,,,,33813,12,2052.19,11.71
,,,,,33815,3,1560.22,13.39
,,,,,33815,6,1580.46,13.39
,,,,,33815,9,1635.45,13.39
,,,,,33815,12,1680.84,13.39
,,,,,33823,3,1825.92,13.46
,,,,,33823,6,1840.43,13.46
,,,,,33823,9,1859.49,13.46
,,,,,33823,12,1888.37,13.46
,,,,,33830,3,1672.55,16.89
,,,,,33830,6,1693.93,16.89
,,,,,33830,9,1729.54,16.89
,,,,,33830,12,1745.78,16.89
,,,,,33837,3,2138.47,8.72
,,,,,33837,6,2150.92,8.72
,,,,,33837,9,2169.74,8.72
,,,,,33837,12,2185.14,8.72
,,,,,33844,3,2058.13,18.11
,,,,,33844,6,2079.98,18.11
,,,,,33844,9,2083.28,18.11
,,,,,33844,12,2071.43,18.11
,,,,,33852,3,1392.76,10.5
,,,,,33852,6,1415.72,10.5
,,,,,33852,9,1451.51,10.5
,,,,,33852,12,1453.01,10.5
,,,,,33853,3,1435.37,20.71
,,,,,33853,6,1346.66,20.71
,,,,,33853,9,1388.54,20.71
,,,,,33853,12,1419.57,20.71
,,,,,33860,3,1714.57,19.88
,,,,,33860,6,1722.84,19.88
,,,,,33860,9,1738.87,19.88
,,,,,33860,12,1744.59,19.88
,,,,,33870,3,1516.72,12.12
,,,,,33870,6,1537.46,12.12
,,,,,33870,9,1550.43,12.12
,,,,,33870,12,1569.65,12.12
,,,,,33880,3,1578.77,5.64
,,,,,33880,6,1590.73,5.64
,,,,,33880,9,1594.57,5.64
,,,,,33880,12,1604.47,5.64
,,,,,33881,3,1792.48,11.4
,,,,,33881,6,1805.28,11.4
,,,,,33881,9,1809.24,11.4
,,,,,33881,12,1817.14,11.4
,,,,,33884,3,1867.75,17.16
,,,,,33884,6,1886.76,17.16
,,,,,33884,9,1909.74,17.16
,,,,,33884,12,1933.25,17.16
,,,,,33896,3,1876.1,7.4
,,,,,33896,6,1892.56,7.4
,,,,,33896,9,1913.11,7.4
,,,,,33896,12,1942.71,7.4
,,,,,33897,3,2231.89,21.19
,,,,,33897,6,2268.08,21.19
,,,,,33897,9,2283.78,21.19
,,,,,33897,12,2312.02,21.19
,,,,,33901,3,1716.44,31.45
,,,,,33901,6,1714.83,31.45
,,,,,33901,9,1683.77,31.45
,,,,,33901,12,1664.93,31.45
,,,,,33903,3,1634.43,25.22
,,,,,33903,6,1683.61,25.22
,,,,,33903,9,1697.19,25.22
,,,,,33903,12,1733.66,25.22
,,,,,33904,3,2017.46,28.9
,,,,,33904,6,2017.23,28.9
,,,,,33904,9,2005.66,28.9
,,,,,33904,12,2018.79,28.9
,,,,,33905,3,1890.4,12.92
,,,,,33905,6,1914.23,12.92
,,,,,33905,9,1906.97,12.92
,,,,,33905,12,1918.11,12.92
,,,,,33907,3,1578.88,10.53
,,,,,33907,6,1580.3,10.53
,,,,,33907,9,1573.8,10.53
,,,,,33907,12,1579.17,10.53
,,,,,33908,3,1916.58,22.58
,,,,,33908,6,1914.05,22.58
,,,,,33908,9,1923.36,22.58
,,,,,33908,12,1929.67,22.58
,,,,,33909,3,2014.09,12.22
,,,,,33909,6,2024.12,12.22
,,,,,33909,9,2028.18,12.22
,,,,,33909,12,2033.37,12.22
,,,,,33912,3,1878.13,26.12
,,,,,33912,6,1895.2,26.12
,,,,,33912,9,1868.96,26.12
,,,,,33912,12,1928.05,26.12
,,,,,33913,3,2177.94,16.86
,,,,,33913,6,2196.33,16.86
,,,,,33913,9,2191.64,16.86
,,,,,33913,12,2189.64,16.86
,,,,,33914,3,2049.92,9.63
,,,,,33914,6,2048.02,9.63
,,,,,33914,9,2035.67,9.63
,,,,,33914,12,2042.39,9.63
,,,,,33916,3,1717.44,12.98
,,,,,33916,6,1719.99,12.98
,,,,,33916,9,1718.28,12.98
,,,,,33916,12,1718.29,12.98
,,,,,33917,3,1708.67,18.56
,,,,,33917,6,1712.85,18.56
,,,,,33917,9,1701.72,18.56
,,,,,33917,12,1686.08,18.56
,,,,,33919,3,1872.71,18.18
,,,,,33919,6,1883.6,18.18
,,,,,33919,9,1883.33,18.18
,,,,,33919,12,1890.09,18.18
,,,,,33928,3,2733.17,28.02
,,,,,33928,6,2770.96,28.02
,,,,,33928,9,2811.16,28.02
,,,,,33928,12,2871.72,28.02
,,,,,33936,3,1746.21,18.33
,,,,,33936,6,1688.25,18.33
,,,,,33936,9,1734.95,18.33
,,,,,33936,12,1728.39,18.33
,,,,,33947,3,2144.73,50.21
,,,,,33947,6,2124.46,50.21
,,,,,33947,9,2143.2,50.21
,,,,,33947,12,2179.13,50.21
,,,,,33950,3,2060.57,17.86
,,,,,33950,6,2070.37,17.86
,,,,,33950,9,2080.77,17.86
,,,,,33950,12,2075.32,17.86
,,,,,33952,3,1705.74,10.41
,,,,,33952,6,1731.5,10.41
,,,,,33952,9,1740.76,10.41
,,,,,33952,12,1741.13,10.41
,,,,,33953,3,1985.36,33.78
,,,,,33953,6,1887.24,33.78
,,,,,33953,9,1874.59,33.78
,,,,,33953,12,1909.19,33.78
,,,,,33954,3,1760.01,25.57
,,,,,33954,6,1828.01,25.57
,,,,,33954,9,1794.17,25.57
,,,,,33954,12,1701.98,25.57
,,,,,33955,3,2827.51,60.47
,,,,,33955,6,3122.5,60.47
,,,,,33955,9,3048.76,60.47
,,,,,33955,12,3318.14,60.47
,,,,,33966,3,1794.3,15.53
,,,,,33966,6,1790.85,15.53
,,,,,33966,9,1770.91,15.53
,,,,,33966,12,1786.73,15.53
,,,,,33967,3,2068.66,14.9
,,,,,33967,6,2088.99,14.9
,,,,,33967,9,2075.99,14.9
,,,,,33967,12,2078.59,14.9
,,,,,33971,3,2135.06,19.23
,,,,,33971,6,2122.34,19.23
,,,,,33971,9,2162.05,19.23
,,,,,33971,12,2156.43,19.23
,,,,,33973,3,1825.6,15.1
,,,,,33973,6,1825.72,15.1
,,,,,33973,9,1830.47,15.1
,,,,,33973,12,1833.58,15.1
,,,,,33974,3,2232.89,10.71
,,,,,33974,6,2270.86,10.71
,,,,,33974,9,2247.26,10.71
,,,,,33974,12,2261.86,10.71
,,,,,33976,3,2156.88,19.4
,,,,,33976,6,2150.49,19.4
,,,,,33976,9,2172.04,19.4
,,,,,33976,12,2172.45,19.4
,,,,,33981,3,1831.65,25.21
,,,,,33981,6,1849.44,25.21
,,,,,33981,9,1777.44,25.21
,,,,,33981,12,1821.9,25.21
,,,,,33982,3,3181.1,40.39
,,,,,33982,6,3181.04,40.39
,,,,,33982,9,3255.32,40.39
,,,,,33982,12,3300.32,40.39
,,,,,33983,3,1846.79,13.71
,,,,,33983,6,1845.4,13.71
,,,,,33983,9,1848.06,13.71
,,,,,33983,12,1845.53,13.71
,,,,,33990,3,1905.77,9.33
,,,,,33990,6,1917.24,9.33
,,,,,33990,9,1913.53,9.33
,,,,,33990,12,1926.25,9.33
,,,,,33991,3,1953.75,10.21
,,,,,33991,6,1973.45,10.21
,,,,,33991,9,2006.54,10.21
,,,,,33991,12,2047.31,10.21
,,,,,33993,3,2194,11.23
,,,,,33993,6,2235.29,11.23
,,,,,33993,9,2276.38,11.23
,,,,,33993,12,2314.32,11.23
,,,,,34102,3,10217.09,158.68
,,,,,34102,6,10243.7,158.68
,,,,,34102,9,10392.41,158.68
,,,,,34102,12,10413.25,158.68
,,,,,34103,3,9754.98,223.57
,,,,,34103,6,9849.61,223.57
,,,,,34103,9,10105.17,223.57
,,,,,34103,12,9877.87,223.57
,,,,,34104,3,2144.04,27.95
,,,,,34104,6,2142.65,27.95
,,,,,34104,9,2149.99,27.95
,,,,,34104,12,2198.32,27.95
,,,,,34105,3,2302.96,17.94
,,,,,34105,6,2308.14,17.94
,,,,,34105,9,2304.12,17.94
,,,,,34105,12,2330.39,17.94
,,,,,34108,3,9228.57,186.15
,,,,,34108,6,9370.92,186.15
,,,,,34108,9,9475.81,186.15
,,,,,34108,12,9548.97,186.15
,,,,,34109,3,2192.7,21.59
,,,,,34109,6,2215.62,21.59
,,,,,34109,9,2232.99,21.59
,,,,,34109,12,2293.77,21.59
,,,,,34110,3,2707.48,35.62
,,,,,34110,6,2738.36,35.62
,,,,,34110,9,2742.13,35.62
,,,,,34110,12,2779.26,35.62
,,,,,34112,3,2486.41,27.83
,,,,,34112,6,2524.27,27.83
,,,,,34112,9,2540.73,27.83
,,,,,34112,12,2554.47,27.83
,,,,,34113,3,3844.72,29.55
,,,,,34113,6,3869.86,29.55
,,,,,34113,9,3884.34,29.55
,,,,,34113,12,3896.98,29.55
,,,,,34114,3,4352.75,142.3
,,,,,34114,6,4468.64,142.3
,,,,,34114,9,4621.48,142.3
,,,,,34114,12,4592.6,142.3
,,,,,34119,3,2691.97,41.75
,,,,,34119,6,2713.56,41.75
,,,,,34119,9,2713.12,41.75
,,,,,34119,12,2757.06,41.75
,,,,,34120,3,2845.32,25.98
,,,,,34120,6,2834.99,25.98
,,,,,34120,9,2842.21,25.98
,,,,,34120,12,2826.67,25.98
,,,,,34134,3,4900.72,103.33
,,,,,34134,6,4753.09,103.33
,,,,,34134,9,4702.26,103.33
,,,,,34134,12,4725.31,103.33
,,,,,34135,3,2659.04,25.82
,,,,,34135,6,2672.68,25.82
,,,,,34135,9,2682.11,25.82
,,,,,34135,12,2675.3,25.82
,,,,,34142,3,2887.55,44.19
,,,,,34142,6,2901.29,44.19
,,,,,34142,9,2991.97,44.19
,,,,,34142,12,2956.87,44.19
,,,,,34145,3,5954.19,183.48
,,,,,34145,6,5968.01,183.48
,,,,,34145,9,5953.25,183.48
,,,,,34145,12,5813.14,183.48
,,,,,34202,3,2665.31,13.9
,,,,,34202,6,2669.42,13.9
,,,,,34202,9,2669.16,13.9
,,,,,34202,12,2675.07,13.9
,,,,,34203,3,2262.15,40.37
,,,,,34203,6,2315.39,40.37
,,,,,34203,9,2353.63,40.37
,,,,,34203,12,2376.4,40.37
,,,,,34205,3,1754.8,13.34
,,,,,34205,6,1780.97,13.34
,,,,,34205,9,1797.68,13.34
,,,,,34205,12,1826.32,13.34
,,,,,34207,3,1685.46,11.41
,,,,,34207,6,1708.39,11.41
,,,,,34207,9,1732.44,11.41
,,,,,34207,12,1752.31,11.41
,,,,,34208,3,1936.6,11.9
,,,,,34208,6,1961.23,11.9
,,,,,34208,9,1976.29,11.9
,,,,,34208,12,1986.78,11.9
,,,,,34209,3,2162.15,35.12
,,,,,34209,6,2187.95,35.12
,,,,,34209,9,2192.96,35.12
,,,,,34209,12,2217.71,35.12
,,,,,34210,3,1669.13,13.39
,,,,,34210,6,1673.9,13.39
,,,,,34210,9,1688.09,13.39
,,,,,34210,12,1712.47,13.39
,,,,,34211,3,2457.57,30.38
,,,,,34211,6,2480.9,30.38
,,,,,34211,9,2452.53,30.38
,,,,,34211,12,2440.67,30.38
,,,,,34212,3,2234.96,14.87
,,,,,34212,6,2235.42,14.87
,,,,,34212,9,2225.68,14.87
,,,,,34212,12,2220.02,14.87
,,,,,34219,3,2804.93,32.08
,,,,,34219,6,2818.07,32.08
,,,,,34219,9,2823.21,32.08
,,,,,34219,12,2791.16,32.08
,,,,,34221,3,2455.39,22.4
,,,,,34221,6,2483.88,22.4
,,,,,34221,9,2519.93,22.4
,,,,,34221,12,2551.46,22.4
,,,,,34223,3,1768.91,45.19
,,,,,34223,6,1763.21,45.19
,,,,,34223,9,1758.33,45.19
,,,,,34223,12,1728.85,45.19
,,,,,34224,3,1887.26,0
,,,,,34224,6,1887.26,0
,,,,,34224,9,1887.26,0
,,,,,34224,12,1887.26,0
,,,,,34231,3,2252.46,19.6
,,,,,34231,6,2274.36,19.6
,,,,,34231,9,2297.42,19.6
,,,,,34231,12,2315.5,19.6
,,,,,34232,3,2292.6,22.13
,,,,,34232,6,2320.23,22.13
,,,,,34232,9,2355.64,22.13
,,,,,34232,12,2364.81,22.13
,,,,,34233,3,2331.91,28.51
,,,,,34233,6,2360.86,28.51
,,,,,34233,9,2386.68,28.51
,,,,,34233,12,2326.98,28.51
,,,,,34234,3,2082.58,29.01
,,,,,34234,6,2076.85,29.01
,,,,,34234,9,2049.56,29.01
,,,,,34234,12,2080.67,29.01
,,,,,34235,3,2292.35,42.46
,,,,,34235,6,2303.28,42.46
,,,,,34235,9,2291.94,42.46
,,,,,34235,12,2298.32,42.46
,,,,,34236,3,2836.47,21.75
,,,,,34236,6,2875.06,21.75
,,,,,34236,9,2922.17,21.75
,,,,,34236,12,2984.89,21.75
,,,,,34237,3,2104.23,23.62
,,,,,34237,6,2110.67,23.62
,,,,,34237,9,2112.5,23.62
,,,,,34237,12,2112.33,23.62
,,,,,34238,3,2011.51,16.44
,,,,,34238,6,2010.96,16.44
,,,,,34238,9,2011.29,16.44
,,,,,34238,12,2026.01,16.44
,,,,,34239,3,2604.98,25.58
,,,,,34239,6,2699.38,25.58
,,,,,34239,9,2760.12,25.58
,,,,,34239,12,2767.99,25.58
,,,,,34240,3,2358.99,30.9
,,,,,34240,6,2364.93,30.9
,,,,,34240,9,2339.34,30.9
,,,,,34240,12,2370.39,30.9
,,,,,34241,3,2598.03,0
,,,,,34241,6,2598.03,0
,,,,,34241,9,2598.03,0
,,,,,34241,12,2598.03,0
,,,,,34242,3,5515.05,148.63
,,,,,34242,6,5514.31,148.63
,,,,,34242,9,5918.78,148.63
,,,,,34242,12,6183.73,148.63
,,,,,34243,3,2234.93,14.76
,,,,,34243,6,2269.3,14.76
,,,,,34243,9,2290.58,14.76
,,,,,34243,12,2317.8,14.76
,,,,,34275,3,2082.81,20.78
,,,,,34275,6,2125.75,20.78
,,,,,34275,9,2121.2,20.78
,,,,,34275,12,2113.61,20.78
,,,,,34285,3,2394.46,0
,,,,,34285,6,2394.46,0
,,,,,34285,9,2394.46,0
,,,,,34285,12,2394.46,0
,,,,,34286,3,2064.35,31.82
,,,,,34286,6,2046.41,31.82
,,,,,34286,9,2056.74,31.82
,,,,,34286,12,2083.29,31.82
,,,,,34287,3,1930.9,19.26
,,,,,34287,6,1972.17,19.26
,,,,,34287,9,1972.62,19.26
,,,,,34287,12,1979.48,19.26
,,,,,34288,3,1898.72,47.57
,,,,,34288,6,1766.24,47.57
,,,,,34288,9,1832.07,47.57
,,,,,34288,12,1891.73,47.57
,,,,,34292,3,1893.78,28.91
,,,,,34292,6,1908.1,28.91
,,,,,34292,9,1955.92,28.91
,,,,,34292,12,1933.79,28.91
,,,,,34293,3,2486.48,29.34
,,,,,34293,6,2521.06,29.34
,,,,,34293,9,2543.49,29.34
,,,,,34293,12,2577.58,29.34
,,,,,34434,3,1766.67,9.5
,,,,,34434,6,1761.86,9.5
,,,,,34434,9,1758.34,9.5
,,,,,34434,12,1769.38,9.5
,,,,,34465,3,1454.25,15.36
,,,,,34465,6,1455.7,15.36
,,,,,34465,9,1495.44,15.36
,,,,,34465,12,1429.87,15.36
,,,,,34470,3,1513.12,9.84
,,,,,34470,6,1530.72,9.84
,,,,,34470,9,1534.76,9.84
,,,,,34470,12,1530.21,9.84
,,,,,34471,3,1605.2,11.15
,,,,,34471,6,1602.97,11.15
,,,,,34471,9,1610.46,11.15
,,,,,34471,12,1607.77,11.15
,,,,,34472,3,1681.97,8.88
,,,,,34472,6,1704.03,8.88
,,,,,34472,9,1713.72,8.88
,,,,,34472,12,1725.3,8.88
,,,,,34473,3,1770.3,7.5
,,,,,34473,6,1789.01,7.5
,,,,,34473,9,1788.81,7.5
,,,,,34473,12,1797.51,7.5
,,,,,34474,3,1630.15,8.29
,,,,,34474,6,1637.32,8.29
,,,,,34474,9,1655.21,8.29
,,,,,34474,12,1667.16,8.29
,,,,,34476,3,1991.63,5.56
,,,,,34476,6,1992.15,5.56
,,,,,34476,9,1999.47,5.56
,,,,,34476,12,1999.19,5.56
,,,,,34480,3,1371.39,9.66
,,,,,34480,6,1383.74,9.66
,,,,,34480,9,1378.3,9.66
,,,,,34480,12,1390.67,9.66
,,,,,34482,3,1850.14,10.05
,,,,,34482,6,1850.13,10.05
,,,,,34482,9,1850.13,10.05
,,,,,34482,12,1875.29,10.05
,,,,,34601,3,1474.82,0
,,,,,34601,6,1474.82,0
,,,,,34601,9,1474.82,0
,,,,,34601,12,1474.82,0
,,,,,34604,3,1592.53,24.72
,,,,,34604,6,1468.15,24.72
,,,,,34604,9,1365.78,24.72
,,,,,34604,12,1116.74,24.72
,,,,,34606,3,1724.75,21.16
,,,,,34606,6,1743.65,21.16
,,,,,34606,9,1748.5,21.16
,,,,,34606,12,1766.13,21.16
,,,,,34608,3,1778.86,18.81
,,,,,34608,6,1817.14,18.81
,,,,,34608,9,1831.2,18.81
,,,,,34608,12,1833.46,18.81
,,,,,34609,3,2030.86,16.26
,,,,,34609,6,2080.24,16.26
,,,,,34609,9,2098.53,16.26
,,,,,34609,12,2120.24,16.26
,,,,,34638,3,2333.72,12.91
,,,,,34638,6,2361.05,12.91
,,,,,34638,9,2374.17,12.91
,,,,,34638,12,2406.95,12.91
,,,,,34639,3,2080.58,17.37
,,,,,34639,6,2109.11,17.37
,,,,,34639,9,2146.67,17.37
,,,,,34639,12,2158.51,17.37
,,,,,34652,3,1529.52,14.96
,,,,,34652,6,1536.26,14.96
,,,,,34652,9,1538.23,14.96
,,,,,34652,12,1550.3,14.96
,,,,,34653,3,1695.75,16.94
,,,,,34653,6,1701.13,16.94
,,,,,34653,9,1716.82,16.94
,,,,,34653,12,1724.65,16.94
,,,,,34654,3,2009.94,13.21
,,,,,34654,6,2150.59,13.21
,,,,,34654,9,2283.9,13.21
,,,,,34654,12,2475.7,13.21
,,,,,34655,3,2015.36,11.63
,,,,,34655,6,2016.99,11.63
,,,,,34655,9,2024.21,11.63
,,,,,34655,12,2032.57,11.63
,,,,,34667,3,1798.25,39.26
,,,,,34667,6,1895.32,39.26
,,,,,34667,9,1906.76,39.26
,,,,,34667,12,1885.86,39.26
,,,,,34668,3,1690.97,11.23
,,,,,34668,6,1709.03,11.23
,,,,,34668,9,1720.07,11.23
,,,,,34668,12,1737.39,11.23
,,,,,34677,3,1990.45,16.46
,,,,,34677,6,2009.41,16.46
,,,,,34677,9,2014.22,16.46
,,,,,34677,12,2029.44,16.46
,,,,,34683,3,1900.3,20.56
,,,,,34683,6,1916.08,20.56
,,,,,34683,9,1924.31,20.56
,,,,,34683,12,1936.15,20.56
,,,,,34684,3,1888.94,14.69
,,,,,34684,6,1911.81,14.69
,,,,,34684,9,1914.89,14.69
,,,,,34684,12,1925.36,14.69
,,,,,34685,3,2119.03,22.5
,,,,,34685,6,2131.85,22.5
,,,,,34685,9,2141.46,22.5
,,,,,34685,12,2117.69,22.5
,,,,,34689,3,2103.88,15.26
,,,,,34689,6,2133.27,15.26
,,,,,34689,9,2143.59,15.26
,,,,,34689,12,2165.46,15.26
,,,,,34690,3,1587.06,16.2
,,,,,34690,6,1579.88,16.2
,,,,,34690,9,1589.64,16.2
,,,,,34690,12,1595.23,16.2
,,,,,34691,3,1683.46,11.38
,,,,,34691,6,1684.61,11.38
,,,,,34691,9,1699.91,11.38
,,,,,34691,12,1719.26,11.38
,,,,,34698,3,2025.12,9.91
,,,,,34698,6,2054.27,9.91
,,,,,34698,9,2087.37,9.91
,,,,,34698,12,2114.35,9.91
,,,,,34711,3,2096.72,9.54
,,,,,34711,6,2124.79,9.54
,,,,,34711,9,2153.78,9.54
,,,,,34711,12,2177.59,9.54
,,,,,34714,3,2216.93,17.08
,,,,,34714,6,2238.97,17.08
,,,,,34714,9,2248.71,17.08
,,,,,34714,12,2278.28,17.08
,,,,,34715,3,2437.94,25.62
,,,,,34715,6,2443.47,25.62
,,,,,34715,9,2511.29,25.62
,,,,,34715,12,2483.81,25.62
,,,,,34736,3,2313.17,17.85
,,,,,34736,6,2338.43,17.85
,,,,,34736,9,2324.01,17.85
,,,,,34736,12,2337.47,17.85
,,,,,34741,3,1800.71,4.61
,,,,,34741,6,1812.83,4.61
,,,,,34741,9,1834.74,4.61
,,,,,34741,12,1862.96,4.61
,,,,,34743,3,2262.88,26.35
,,,,,34743,6,2287.42,26.35
,,,,,34743,9,2326.57,26.35
,,,,,34743,12,2339.46,26.35
,,,,,34744,3,2152.12,8.35
,,,,,34744,6,2175.03,8.35
,,,,,34744,9,2200.49,8.35
,,,,,34744,12,2227.67,8.35
,,,,,34746,3,2252.7,6.99
,,,,,34746,6,2268.22,6.99
,,,,,34746,9,2296.29,6.99
,,,,,34746,12,2324.47,6.99
,,,,,34747,3,2045.69,13.71
,,,,,34747,6,2065.17,13.71
,,,,,34747,9,2077.35,13.71
,,,,,34747,12,2091.28,13.71
,,,,,34748,3,1673.11,9.12
,,,,,34748,6,1697.7,9.12
,,,,,34748,9,1721.87,9.12
,,,,,34748,12,1740.82,9.12
,,,,,34758,3,2089.25,12.98
,,,,,34758,6,2113.01,12.98
,,,,,34758,9,2144.12,12.98
,,,,,34758,12,2162.97,12.98
,,,,,34759,3,1896.95,5.82
,,,,,34759,6,1924.03,5.82
,,,,,34759,9,1952.74,5.82
,,,,,34759,12,1979.31,5.82
,,,,,34761,3,2298.62,10.57
,,,,,34761,6,2313.03,10.57
,,,,,34761,9,2338.6,10.57
,,,,,34761,12,2347.29,10.57
,,,,,34769,3,2007.47,14.12
,,,,,34769,6,2025.67,14.12
,,,,,34769,9,2028.47,14.12
,,,,,34769,12,2037.74,14.12
,,,,,34771,3,2453.29,11.19
,,,,,34771,6,2458.64,11.19
,,,,,34771,9,2470.14,11.19
,,,,,34771,12,2483.74,11.19
,,,,,34772,3,2228.18,15.77
,,,,,34772,6,2238.87,15.77
,,,,,34772,9,2250.6,15.77
,,,,,34772,12,2245.16,15.77
,,,,,34785,3,1602.95,15.96
,,,,,34785,6,1611.44,15.96
,,,,,34785,9,1612.37,15.96
,,,,,34785,12,1613.21,15.96
,,,,,34786,3,2491.56,13.06
,,,,,34786,6,2524.96,13.06
,,,,,34786,9,2550.54,13.06
,,,,,34786,12,2572.17,13.06
,,,,,34787,3,2537.67,8.01
,,,,,34787,6,2566.64,8.01
,,,,,34787,9,2598.95,8.01
,,,,,34787,12,2627.81,8.01
,,,,,34949,3,2324.69,65.97
,,,,,34949,6,2435.5,65.97
,,,,,34949,9,2444.72,65.97
,,,,,34949,12,2476.65,65.97
,,,,,34950,3,1414.37,10.68
,,,,,34950,6,1423.17,10.68
,,,,,34950,9,1434.3,10.68
,,,,,34950,12,1440.03,10.68
,,,,,34952,3,1985.28,10.77
,,,,,34952,6,1993.91,10.77
,,,,,34952,9,1999.48,10.77
,,,,,34952,12,1997.96,10.77
,,,,,34953,3,2486.48,12.64
,,,,,34953,6,2519.52,12.64
,,,,,34953,9,2522.57,12.64
,,,,,34953,12,2531.21,12.64
,,,,,34957,3,2551.22,24.29
,,,,,34957,6,2559.96,24.29
,,,,,34957,9,2554.67,24.29
,,,,,34957,12,2558.99,24.29
,,,,,34982,3,1879.86,15.23
,,,,,34982,6,1893.85,15.23
,,,,,34982,9,1884.71,15.23
,,,,,34982,12,1903.53,15.23
,,,,,34983,3,2469.63,25.15
,,,,,34983,6,2529.1,25.15
,,,,,34983,9,2587.49,25.15
,,,,,34983,12,2612.72,25.15
,,,,,34984,3,2227.98,50.13
,,,,,34984,6,2169.08,50.13
,,,,,34984,9,2231.47,50.13
,,,,,34984,12,2274.99,50.13
,,,,,34986,3,1967.76,11.76
,,,,,34986,6,1979.99,11.76
,,,,,34986,9,1975.17,11.76
,,,,,34986,12,1976.39,11.76
,,,,,34987,3,2887.41,71.34
,,,,,34987,6,2905.25,71.34
,,,,,34987,9,2990.82,71.34
,,,,,34987,12,2970.05,71.34
,,,,,34990,3,2989.35,57.52
,,,,,34990,6,3012.16,57.52
,,,,,34990,9,3004.85,57.52
,,,,,34990,12,3072.83,57.52
,,,,,34994,3,2206.01,23.99
,,,,,34994,6,2223.02,23.99
,,,,,34994,9,2228.78,23.99
,,,,,34994,12,2242.21,23.99
,,,,,34997,3,2079.08,13.59
,,,,,34997,6,2082.3,13.59
,,,,,34997,9,2094.14,13.59
,,,,,34997,12,2096.59,13.59
,,,,,35004,3,1740.57,3.24
,,,,,35004,6,1740.57,3.24
,,,,,35004,9,1740.57,3.24
,,,,,35004,12,1752.31,3.24
,,,,,35007,3,1771.58,17.21
,,,,,35007,6,1800.35,17.21
,,,,,35007,9,1803.61,17.21
,,,,,35007,12,1835.24,17.21
,,,,,35020,3,1055.82,12.69
,,,,,35020,6,1095.34,12.69
,,,,,35020,9,1095.01,12.69
,,,,,35020,12,1110.1,12.69
,,,,,35023,3,1164.11,10.24
,,,,,35023,6,1190.15,10.24
,,,,,35023,9,1195.76,10.24
,,,,,35023,12,1203.9,10.24
,,,,,35040,3,1626.06,10.8
,,,,,35040,6,1635.27,10.8
,,,,,35040,9,1644.79,10.8
,,,,,35040,12,1656.36,10.8
,,,,,35080,3,1754.26,9.54
,,,,,35080,6,1771.97,9.54
,,,,,35080,9,1789,9.54
,,,,,35080,12,1797.43,9.54
,,,,,35124,3,1630.84,15.97
,,,,,35124,6,1616.55,15.97
,,,,,35124,9,1665.57,15.97
,,,,,35124,12,1695.18,15.97
,,,,,35126,3,1532.42,13.61
,,,,,35126,6,1549.14,13.61
,,,,,35126,9,1559.89,13.61
,,,,,35126,12,1565.74,13.61
,,,,,35173,3,1819.12,15.05
,,,,,35173,6,1827.89,15.05
,,,,,35173,9,1868.22,15.05
,,,,,35173,12,1887.53,15.05
,,,,,35205,3,1078.81,5.2
,,,,,35205,6,1095.72,5.2
,,,,,35205,9,1100.63,5.2
,,,,,35205,12,1112.77,5.2
,,,,,35206,3,1124.84,9.85
,,,,,35206,6,1165.18,9.85
,,,,,35206,9,1203.43,9.85
,,,,,35206,12,1229.64,9.85
,,,,,35208,3,1047.46,14.92
,,,,,35208,6,1037.93,14.92
,,,,,35208,9,1070.46,14.92
,,,,,35208,12,1038.2,14.92
,,,,,35209,3,1650.66,12.31
,,,,,35209,6,1638.58,12.31
,,,,,35209,9,1626.48,12.31
,,,,,35209,12,1652.38,12.31
,,,,,35210,3,1848.56,20.37
,,,,,35210,6,1946.53,20.37
,,,,,35210,9,1987.3,20.37
,,,,,35210,12,2009.96,20.37
,,,,,35211,3,1354.26,18.29
,,,,,35211,6,1388.1,18.29
,,,,,35211,9,1395.17,18.29
,,,,,35211,12,1423.06,18.29
,,,,,35213,3,1589.6,11.09
,,,,,35213,6,1589.42,11.09
,,,,,35213,9,1580.4,11.09
,,,,,35213,12,1580.8,11.09
,,,,,35214,3,1265.37,11.6
,,,,,35214,6,1284.51,11.6
,,,,,35214,9,1325.16,11.6
,,,,,35214,12,1329.77,11.6
,,,,,35215,3,1259.35,5.94
,,,,,35215,6,1274.96,5.94
,,,,,35215,9,1293.65,5.94
,,,,,35215,12,1307.19,5.94
,,,,,35216,3,1317.11,9.68
,,,,,35216,6,1324.14,9.68
,,,,,35216,9,1323.87,9.68
,,,,,35216,12,1321.22,9.68
,,,,,35217,3,1017.97,0
,,,,,35217,6,1017.97,0
,,,,,35217,9,1017.97,0
,,,,,35217,12,1017.97,0
,,,,,35222,3,1143.07,7.3
,,,,,35222,6,1135.95,7.3
,,,,,35222,9,1146.62,7.3
,,,,,35222,12,1158.93,7.3
,,,,,35228,3,1065.1,10.5
,,,,,35228,6,1065.72,10.5
,,,,,35228,9,1085.42,10.5
,,,,,35228,12,1112.85,10.5
,,,,,35233,3,1717.68,4.56
,,,,,35233,6,1717.63,4.56
,,,,,35233,9,1717.63,4.56
,,,,,35233,12,1694.46,4.56
,,,,,35235,3,1400.47,10.05
,,,,,35235,6,1410.65,10.05
,,,,,35235,9,1421,10.05
,,,,,35235,12,1433.26,10.05
,,,,,35242,3,1428.85,8.79
,,,,,35242,6,1437.55,8.79
,,,,,35242,9,1445.1,8.79
,,,,,35242,12,1444.97,8.79
,,,,,35243,3,1482.65,10.84
,,,,,35243,6,1485.71,10.84
,,,,,35243,9,1481.68,10.84
,,,,,35243,12,1461.79,10.84
,,,,,35244,3,1309.21,7.54
,,,,,35244,6,1314.34,7.54
,,,,,35244,9,1323.93,7.54
,,,,,35244,12,1320.42,7.54
,,,,,35401,3,2922.29,27.87
,,,,,35401,6,2954.91,27.87
,,,,,35401,9,3009.58,27.87
,,,,,35401,12,3095.97,27.87
,,,,,35405,3,1388.84,8
,,,,,35405,6,1401.22,8
,,,,,35405,9,1421.07,8
,,,,,35405,12,1435.17,8
,,,,,35601,3,1182.97,9.42
,,,,,35601,6,1183.65,9.42
,,,,,35601,9,1202.93,9.42
,,,,,35601,12,1216.7,9.42
,,,,,35611,3,1178.85,8.51
,,,,,35611,6,1177.89,8.51
,,,,,35611,9,1174.31,8.51
,,,,,35611,12,1207.7,8.51
,,,,,35613,3,1851.5,14.42
,,,,,35613,6,1868.56,14.42
,,,,,35613,9,1855.81,14.42
,,,,,35613,12,1887.03,14.42
,,,,,35630,3,1064.37,9.56
,,,,,35630,6,1066.18,9.56
,,,,,35630,9,1066.75,9.56
,,,,,35630,12,1058.07,9.56
,,,,,35749,3,1701.94,20.22
,,,,,35749,6,1713.72,20.22
,,,,,35749,9,1762.21,20.22
,,,,,35749,12,1739.98,20.22
,,,,,35756,3,1746.82,5.12
,,,,,35756,6,1764.37,5.12
,,,,,35756,9,1776.86,5.12
,,,,,35756,12,1790.67,5.12
,,,,,35757,3,1523.66,12.46
,,,,,35757,6,1522.4,12.46
,,,,,35757,9,1517.36,12.46
,,,,,35757,12,1528.91,12.46
,,,,,35758,3,1335.58,5.2
,,,,,35758,6,1345.43,5.2
,,,,,35758,9,1347.68,5.2
,,,,,35758,12,1354.13,5.2
,,,,,35759,3,1705.61,16.6
,,,,,35759,6,1693.52,16.6
,,,,,35759,9,1710.61,16.6
,,,,,35759,12,1719.59,16.6
,,,,,35763,3,1979.82,10.72
,,,,,35763,6,1977.09,10.72
,,,,,35763,9,2002.85,10.72
,,,,,35763,12,2005.76,10.72
,,,,,35801,3,1467.05,15.54
,,,,,35801,6,1479.38,15.54
,,,,,35801,9,1509.4,15.54
,,,,,35801,12,1526.63,15.54
,,,,,35802,3,1221.39,10.03
,,,,,35802,6,1222.45,10.03
,,,,,35802,9,1220.9,10.03
,,,,,35802,12,1237.27,10.03
,,,,,35803,3,1521.56,18.31
,,,,,35803,6,1546.21,18.31
,,,,,35803,9,1553.23,18.31
,,,,,35803,12,1554.35,18.31
,,,,,35805,3,1298,12.85
,,,,,35805,6,1300.66,12.85
,,,,,35805,9,1313.12,12.85
,,,,,35805,12,1320.11,12.85
,,,,,35806,3,1362.59,8.71
,,,,,35806,6,1368.07,8.71
,,,,,35806,9,1363.47,8.71
,,,,,35806,12,1363.5,8.71
,,,,,35810,3,1420.21,10.6
,,,,,35810,6,1435.14,10.6
,,,,,35810,9,1446.18,10.6
,,,,,35810,12,1465.67,10.6
,,,,,35811,3,1434.56,11.88
,,,,,35811,6,1430.54,11.88
,,,,,35811,9,1423.4,11.88
,,,,,35811,12,1429.02,11.88
,,,,,35816,3,963.87,11.11
,,,,,35816,6,978.15,11.11
,,,,,35816,9,996.5,11.11
,,,,,35816,12,1002.43,11.11
,,,,,35824,3,1563.6,15.62
,,,,,35824,6,1578.34,15.62
,,,,,35824,9,1558.61,15.62
,,,,,35824,12,1576.85,15.62
,,,,,36054,3,1308.86,8.29
,,,,,36054,6,1313.3,8.29
,,,,,36054,9,1299.77,8.29
,,,,,36054,12,1309.35,8.29
,,,,,36064,3,1897.01,9.18
,,,,,36064,6,1895.2,9.18
,,,,,36064,9,1909.44,9.18
,,,,,36064,12,1958.45,9.18
,,,,,36066,3,1713.78,17.99
,,,,,36066,6,1744.7,17.99
,,,,,36066,9,1739.34,17.99
,,,,,36066,12,1740.01,17.99
,,,,,36067,3,1744.75,25.09
,,,,,36067,6,1795.71,25.09
,,,,,36067,9,1824.9,25.09
,,,,,36067,12,1892.06,25.09
,,,,,36106,3,1324.31,11.39
,,,,,36106,6,1326.02,11.39
,,,,,36106,9,1332.66,11.39
,,,,,36106,12,1340.18,11.39
,,,,,36107,3,977.45,12.08
,,,,,36107,6,985.6,12.08
,,,,,36107,9,991.28,12.08
,,,,,36107,12,985.6,12.08
,,,,,36109,3,1201.11,4.85
,,,,,36109,6,1214.93,4.85
,,,,,36109,9,1234.14,4.85
,,,,,36109,12,1249.01,4.85
,,,,,36111,3,1391.09,21.35
,,,,,36111,6,1406.74,21.35
,,,,,36111,9,1406.89,21.35
,,,,,36111,12,1427.08,21.35
,,,,,36116,3,1334.73,5.65
,,,,,36116,6,1351.21,5.65
,,,,,36116,9,1360.68,5.65
,,,,,36116,12,1366.69,5.65
,,,,,36117,3,1368.49,6.22
,,,,,36117,6,1384.28,6.22
,,,,,36117,9,1397.46,6.22
,,,,,36117,12,1419.47,6.22
,,,,,36265,3,905.74,0.27
,,,,,36265,6,905.74,0.27
,,,,,36265,9,905.74,0.27
,,,,,36265,12,906.72,0.27
,,,,,36330,3,1353.74,4.84
,,,,,36330,6,1376.82,4.84
,,,,,36330,9,1387.53,4.84
,,,,,36330,12,1398.12,4.84
,,,,,36526,3,1624.24,7.51
,,,,,36526,6,1641.13,7.51
,,,,,36526,9,1655.09,7.51
,,,,,36526,12,1666.36,7.51
,,,,,36527,3,1623.74,8.35
,,,,,36527,6,1635.69,8.35
,,,,,36527,9,1636.76,8.35
,,,,,36527,12,1643.17,8.35
,,,,,36532,3,2147.45,30.42
,,,,,36532,6,2146.67,30.42
,,,,,36532,9,2139.96,30.42
,,,,,36532,12,2162.29,30.42
,,,,,36535,3,1674.49,6.75
,,,,,36535,6,1676.01,6.75
,,,,,36535,9,1688.27,6.75
,,,,,36535,12,1662.98,6.75
,,,,,36542,3,1498.51,16.07
,,,,,36542,6,1541.47,16.07
,,,,,36542,9,1556.07,16.07
,,,,,36542,12,1519.17,16.07
,,,,,36604,3,970.55,15.1
,,,,,36604,6,989.34,15.1
,,,,,36604,9,1024.49,15.1
,,,,,36604,12,1035.84,15.1
,,,,,36605,3,1209.2,23.18
,,,,,36605,6,1219.82,23.18
,,,,,36605,9,1261.6,23.18
,,,,,36605,12,1291.69,23.18
,,,,,36606,3,1141.17,8.53
,,,,,36606,6,1165.22,8.53
,,,,,36606,9,1181.78,8.53
,,,,,36606,12,1197.58,8.53
,,,,,36608,3,1244.01,4.92
,,,,,36608,6,1247.37,4.92
,,,,,36608,9,1260.47,4.92
,,,,,36608,12,1275.36,4.92
,,,,,36609,3,1040.73,18.6
,,,,,36609,6,1069.66,18.6
,,,,,36609,9,1078.51,18.6
,,,,,36609,12,1097.23,18.6
,,,,,36693,3,1586.45,11.97
,,,,,36693,6,1711.73,11.97
,,,,,36693,9,1833.16,11.97
,,,,,36693,12,2009.5,11.97
,,,,,36695,3,1426.33,11.08
,,,,,36695,6,1433.48,11.08
,,,,,36695,9,1433.41,11.08
,,,,,36695,12,1443.8,11.08
,,,,,36801,3,1508.49,7.85
,,,,,36801,6,1510.35,7.85
,,,,,36801,9,1515.56,7.85
,,,,,36801,12,1488.27,7.85
,,,,,36830,3,1647.75,11.12
,,,,,36830,6,1679.41,11.12
,,,,,36830,9,1706.07,11.12
,,,,,36830,12,1731.65,11.12
,,,,,36832,3,1628.08,0.37
,,,,,36832,6,1628.08,0.37
,,,,,36832,9,1628.08,0.37
,,,,,36832,12,1629.42,0.37
,,,,,36867,3,1265.31,15.82
,,,,,36867,6,1298.41,15.82
,,,,,36867,9,1353.58,15.82
,,,,,36867,12,1347.76,15.82
,,,,,37013,3,1589.72,4.09
,,,,,37013,6,1601.29,4.09
,,,,,37013,9,1615.95,4.09
,,,,,37013,12,1626.83,4.09
,,,,,37015,3,1620.02,12.33
,,,,,37015,6,1613.99,12.33
,,,,,37015,9,1638.47,12.33
,,,,,37015,12,1624.61,12.33
,,,,,37027,3,2052.18,13.91
,,,,,37027,6,2083.95,13.91
,,,,,37027,9,2101.43,13.91
,,,,,37027,12,2117.87,13.91
,,,,,37040,3,1411.2,5.98
,,,,,37040,6,1425.61,5.98
,,,,,37040,9,1434.23,5.98
,,,,,37040,12,1445.22,5.98
,,,,,37042,3,1449.02,6.48
,,,,,37042,6,1466.4,6.48
,,,,,37042,9,1481.54,6.48
,,,,,37042,12,1490.42,6.48
,,,,,37043,3,1471.56,6.6
,,,,,37043,6,1479.02,6.6
,,,,,37043,9,1497.12,6.6
,,,,,37043,12,1512,6.6
,,,,,37064,3,2269.6,12.09
,,,,,37064,6,2282.97,12.09
,,,,,37064,9,2300.75,12.09
,,,,,37064,12,2328.17,12.09
,,,,,37066,3,1608.81,5.65
,,,,,37066,6,1609.03,5.65
,,,,,37066,9,1617.44,5.65
,,,,,37066,12,1620.16,5.65
,,,,,37067,3,1942.3,12.99
,,,,,37067,6,1952.47,12.99
,,,,,37067,9,1965.71,12.99
,,,,,37067,12,1985.08,12.99
,,,,,37072,3,1847.21,18.91
,,,,,37072,6,1847.86,18.91
,,,,,37072,9,1846.37,18.91
,,,,,37072,12,1834.96,18.91
,,,,,37075,3,1605.45,6.1
,,,,,37075,6,1613.95,6.1
,,,,,37075,9,1626.68,6.1
,,,,,37075,12,1639.2,6.1
,,,,,37076,3,1461.86,9.12
,,,,,37076,6,1472.49,9.12
,,,,,37076,9,1477.91,9.12
,,,,,37076,12,1497.25,9.12
,,,,,37086,3,2095.36,17.73
,,,,,37086,6,2121.33,17.73
,,,,,37086,9,2149.91,17.73
,,,,,37086,12,2163.7,17.73
,,,,,37087,3,1666.04,7.7
,,,,,37087,6,1677.52,7.7
,,,,,37087,9,1695.98,7.7
,,,,,37087,12,1703.76,7.7
,,,,,37090,3,1527.48,7.97
,,,,,37090,6,1545.53,7.97
,,,,,37090,9,1576.68,7.97
,,,,,37090,12,1557.49,7.97
,,,,,37115,3,1439.5,8.6
,,,,,37115,6,1440.05,8.6
,,,,,37115,9,1451.58,8.6
,,,,,37115,12,1472.27,8.6
,,,,,37122,3,2183.96,10.6
,,,,,37122,6,2204.1,10.6
,,,,,37122,9,2226.22,10.6
,,,,,37122,12,2240.85,10.6
,,,,,37127,3,1855.48,13.88
,,,,,37127,6,1854.67,13.88
,,,,,37127,9,1860.09,13.88
,,,,,37127,12,1850.01,13.88
,,,,,37128,3,1797.9,10.43
,,,,,37128,6,1809.13,10.43
,,,,,37128,9,1837.93,10.43
,,,,,37128,12,1850.5,10.43
,,,,,37129,3,1708.41,8.24
,,,,,37129,6,1723.37,8.24
,,,,,37129,9,1734.08,8.24
,,,,,37129,12,1748.99,8.24
,,,,,37130,3,1535.6,12.16
,,,,,37130,6,1544.95,12.16
,,,,,37130,9,1546.64,12.16
,,,,,37130,12,1572.35,12.16
,,,,,37135,3,2864.13,29.1
,,,,,37135,6,2862.23,29.1
,,,,,37135,9,2841.33,29.1
,,,,,37135,12,2933.4,29.1
,,,,,37138,3,1928.71,16.86
,,,,,37138,6,1940.66,16.86
,,,,,37138,9,1954.78,16.86
,,,,,37138,12,1962,16.86
,,,,,37167,3,1634.49,8.79
,,,,,37167,6,1636.98,8.79
,,,,,37167,9,1647.19,8.79
,,,,,37167,12,1649.73,8.79
,,,,,37172,3,1501.84,13.16
,,,,,37172,6,1520.38,13.16
,,,,,37172,9,1518.8,13.16
,,,,,37172,12,1525.96,13.16
,,,,,37174,3,2053.1,11.88
,,,,,37174,6,2069.49,11.88
,,,,,37174,9,2088.06,11.88
,,,,,37174,12,2102.14,11.88
,,,,,37179,3,2257.81,34.44
,,,,,37179,6,2178.57,34.44
,,,,,37179,9,2251.76,34.44
,,,,,37179,12,2216.9,34.44
,,,,,37201,3,2098.16,28.41
,,,,,37201,6,2026.75,28.41
,,,,,37201,9,2055.17,28.41
,,,,,37201,12,2032.35,28.41
,,,,,37203,3,2100.83,10.14
,,,,,37203,6,2096.16,10.14
,,,,,37203,9,2109.16,10.14
,,,,,37203,12,2122.08,10.14
,,,,,37204,3,1926.05,20.41
,,,,,37204,6,1937.06,20.41
,,,,,37204,9,1941.51,20.41
,,,,,37204,12,1952.22,20.41
,,,,,37205,3,2070.37,13.76
,,,,,37205,6,2054.8,13.76
,,,,,37205,9,2064.14,13.76
,,,,,37205,12,2079.33,13.76
,,,,,37206,3,2008.18,6.9
,,,,,37206,6,2031.67,6.9
,,,,,37206,9,2046.3,6.9
,,,,,37206,12,2060.86,6.9
,,,,,37207,3,2023.63,9.93
,,,,,37207,6,2028.87,9.93
,,,,,37207,9,2052.07,9.93
,,,,,37207,12,2061.1,9.93
,,,,,37208,3,2150.2,12.24
,,,,,37208,6,2173.92,12.24
,,,,,37208,9,2190,12.24
,,,,,37208,12,2200.19,12.24
,,,,,37209,3,1845.15,6.9
,,,,,37209,6,1857.76,6.9
,,,,,37209,9,1872.28,6.9
,,,,,37209,12,1892.54,6.9
,,,,,37210,3,1782.94,11.34
,,,,,37210,6,1795.54,11.34
,,,,,37210,9,1805.24,11.34
,,,,,37210,12,1814.96,11.34
,,,,,37211,3,1495.89,7.06
,,,,,37211,6,1505.55,7.06
,,,,,37211,9,1518.15,7.06
,,,,,37211,12,1535.8,7.06
,,,,,37212,3,1958.25,16.68
,,,,,37212,6,1963.77,16.68
,,,,,37212,9,1974.89,16.68
,,,,,37212,12,1994.67,16.68
,,,,,37214,3,1642.93,10.61
,,,,,37214,6,1648.09,10.61
,,,,,37214,9,1664.61,10.61
,,,,,37214,12,1687.23,10.61
,,,,,37215,3,2638.68,21.53
,,,,,37215,6,2656.38,21.53
,,,,,37215,9,2702.67,21.53
,,,,,37215,12,2718.14,21.53
,,,,,37216,3,1849.93,6.18
,,,,,37216,6,1870.89,6.18
,,,,,37216,9,1883.56,6.18
,,,,,37216,12,1900.14,6.18
,,,,,37217,3,1413.19,8.44
,,,,,37217,6,1428.14,8.44
,,,,,37217,9,1443.04,8.44
,,,,,37217,12,1454.17,8.44
,,,,,37218,3,2098.05,25.49
,,,,,37218,6,2123,25.49
,,,,,37218,9,2176.53,25.49
,,,,,37218,12,2217.68,25.49
,,,,,37219,3,2125.2,29.86
,,,,,37219,6,2232.8,29.86
,,,,,37219,9,2138.66,29.86
,,,,,37219,12,2137.13,29.86
,,,,,37221,3,1694.12,10.07
,,,,,37221,6,1719.7,10.07
,,,,,37221,9,1732.61,10.07
,,,,,37221,12,1732.48,10.07
,,,,,37228,3,1809.51,14.55
,,,,,37228,6,1811.62,14.55
,,,,,37228,9,1770.35,14.55
,,,,,37228,12,1753.62,14.55
,,,,,37311,3,1412.4,7.25
,,,,,37311,6,1418.82,7.25
,,,,,37311,9,1417.13,7.25
,,,,,37311,12,1422.22,7.25
,,,,,37312,3,1403.51,10.23
,,,,,37312,6,1421.41,10.23
,,,,,37312,9,1425.17,10.23
,,,,,37312,12,1424.15,10.23
,,,,,37343,3,1557.5,9.54
,,,,,37343,6,1562.89,9.54
,,,,,37343,9,1576.71,9.54
,,,,,37343,12,1590.72,9.54
,,,,,37363,3,2157.6,11.3
,,,,,37363,6,2154.11,11.3
,,,,,37363,9,2173.78,11.3
,,,,,37363,12,2190.48,11.3
,,,,,37402,3,1453.87,26.79
,,,,,37402,6,1432.73,26.79
,,,,,37402,9,1440.79,26.79
,,,,,37402,12,1433.68,26.79
,,,,,37403,3,1570.26,1.64
,,,,,37403,6,1570.26,1.64
,,,,,37403,9,1570.26,1.64
,,,,,37403,12,1576.19,1.64
,,,,,37404,3,1446.7,12.49
,,,,,37404,6,1455.31,12.49
,,,,,37404,9,1467.82,12.49
,,,,,37404,12,1479.65,12.49
,,,,,37405,3,1458.36,12.49
,,,,,37405,6,1452.23,12.49
,,,,,37405,9,1448.91,12.49
,,,,,37405,12,1463.46,12.49
,,,,,37408,3,1462.97,18.53
,,,,,37408,6,1455.88,18.53
,,,,,37408,9,1489.99,18.53
,,,,,37408,12,1486.85,18.53
,,,,,37411,3,1313.9,10.36
,,,,,37411,6,1313.04,10.36
,,,,,37411,9,1322.42,10.36
,,,,,37411,12,1332.94,10.36
,,,,,37412,3,1311.68,17.11
,,,,,37412,6,1333.14,17.11
,,,,,37412,9,1334.53,17.11
,,,,,37412,12,1357.98,17.11
,,,,,37415,3,1414.57,12.65
,,,,,37415,6,1429.64,12.65
,,,,,37415,9,1427.18,12.65
,,,,,37415,12,1436.44,12.65
,,,,,37416,3,1298.81,13.47
,,,,,37416,6,1304.99,13.47
,,,,,37416,9,1313.93,13.47
,,,,,37416,12,1307.66,13.47
,,,,,37421,3,1550.57,11.94
,,,,,37421,6,1552.36,11.94
,,,,,37421,9,1557.65,11.94
,,,,,37421,12,1567.28,11.94
,,,,,37601,3,1249.43,11.7
,,,,,37601,6,1274.46,11.7
,,,,,37601,9,1296.94,11.7
,,,,,37601,12,1297.48,11.7
,,,,,37604,3,1435.01,10.96
,,,,,37604,6,1445.86,10.96
,,,,,37604,9,1460.24,10.96
,,,,,37604,12,1483.35,10.96
,,,,,37660,3,1201.03,10.27
,,,,,37660,6,1205.38,10.27
,,,,,37660,9,1238.22,10.27
,,,,,37660,12,1260.65,10.27
,,,,,37701,3,1653.64,5
,,,,,37701,6,1653.64,5
,,,,,37701,9,1653.64,5
,,,,,37701,12,1671.73,5
,,,,,37801,3,1674.24,11.67
,,,,,37801,6,1712.5,11.67
,,,,,37801,9,1728.18,11.67
,,,,,37801,12,1734.58,11.67
,,,,,37803,3,1933.48,12.34
,,,,,37803,6,1933.84,12.34
,,,,,37803,9,1949.07,12.34
,,,,,37803,12,1972.67,12.34
,,,,,37804,3,1765.38,8.87
,,,,,37804,6,1764.41,8.87
,,,,,37804,9,1794.3,8.87
,,,,,37804,12,1800.61,8.87
,,,,,37830,3,1621.18,15.41
,,,,,37830,6,1627.22,15.41
,,,,,37830,9,1685.95,15.41
,,,,,37830,12,1698.73,15.41
,,,,,37876,3,1615.76,39.49
,,,,,37876,6,1604.33,39.49
,,,,,37876,9,1506.85,39.49
,,,,,37876,12,1533.82,39.49
,,,,,37902,3,2135.54,52.35
,,,,,37902,6,2145.26,52.35
,,,,,37902,9,2303.54,52.35
,,,,,37902,12,2290.52,52.35
,,,,,37909,3,2064.93,8.02
,,,,,37909,6,2064.35,8.02
,,,,,37909,9,2054.1,8.02
,,,,,37909,12,2072.23,8.02
,,,,,37912,3,1328.6,7.35
,,,,,37912,6,1347.93,7.35
,,,,,37912,9,1358.55,7.35
,,,,,37912,12,1366.22,7.35
,,,,,37917,3,1558.1,11.53
,,,,,37917,6,1553.83,11.53
,,,,,37917,9,1559.47,11.53
,,,,,37917,12,1574.42,11.53
,,,,,37918,3,1653.11,7.72
,,,,,37918,6,1673.31,7.72
,,,,,37918,9,1687.48,7.72
,,,,,37918,12,1706.51,7.72
,,,,,37919,3,1729.83,14.76
,,,,,37919,6,1738.28,14.76
,,,,,37919,9,1769.29,14.76
,,,,,37919,12,1775.15,14.76
,,,,,37920,3,1879.48,31.96
,,,,,37920,6,1913.1,31.96
,,,,,37920,9,1950.19,31.96
,,,,,37920,12,1986.39,31.96
,,,,,37921,3,1737.66,10.5
,,,,,37921,6,1746.2,10.5
,,,,,37921,9,1769.69,10.5
,,,,,37921,12,1794.28,10.5
,,,,,37922,3,1780.42,18.02
,,,,,37922,6,1799.62,18.02
,,,,,37922,9,1802.52,18.02
,,,,,37922,12,1810.13,18.02
,,,,,37923,3,1962.18,17.44
,,,,,37923,6,1986.28,17.44
,,,,,37923,9,2014.67,17.44
,,,,,37923,12,2011.88,17.44
,,,,,37931,3,1715.95,13.77
,,,,,37931,6,1727.06,13.77
,,,,,37931,9,1734.83,13.77
,,,,,37931,12,1738.22,13.77
,,,,,37932,3,2016.88,12.81
,,,,,37932,6,2032.56,12.81
,,,,,37932,9,2034.24,12.81
,,,,,37932,12,2032.37,12.81
,,,,,37934,3,2159.03,10.86
,,,,,37934,6,2164.45,10.86
,,,,,37934,9,2173.84,10.86
,,,,,37934,12,2180.56,10.86
,,,,,38002,3,2200.14,17.67
,,,,,38002,6,2218.16,17.67
,,,,,38002,9,2245.3,17.67
,,,,,38002,12,2252.81,17.67
,,,,,38016,3,1698,11.49
,,,,,38016,6,1720.27,11.49
,,,,,38016,9,1729.8,11.49
,,,,,38016,12,1746.9,11.49
,,,,,38017,3,1954.97,17.61
,,,,,38017,6,1959.36,17.61
,,,,,38017,9,1982.81,17.61
,,,,,38017,12,1996.24,17.61
,,,,,38018,3,1579.37,11.6
,,,,,38018,6,1592.53,11.6
,,,,,38018,9,1600.03,11.6
,,,,,38018,12,1611.64,11.6
,,,,,38053,3,1486.82,13.59
,,,,,38053,6,1471.45,13.59
,,,,,38053,9,1507.56,13.59
,,,,,38053,12,1513.43,13.59
,,,,,38060,3,1982.62,17.86
,,,,,38060,6,2020.83,17.86
,,,,,38060,9,2031.77,17.86
,,,,,38060,12,1994.52,17.86
,,,,,38103,3,1519.95,7.62
,,,,,38103,6,1518.42,7.62
,,,,,38103,9,1517.16,7.62
,,,,,38103,12,1520.25,7.62
,,,,,38104,3,1242.98,8.45
,,,,,38104,6,1260.01,8.45
,,,,,38104,9,1275.16,8.45
,,,,,38104,12,1293.97,8.45
,,,,,38106,3,866.05,10.94
,,,,,38106,6,864.8,10.94
,,,,,38106,9,892.54,10.94
,,,,,38106,12,911.27,10.94
,,,,,38107,3,1328.46,15.31
,,,,,38107,6,1334.89,15.31
,,,,,38107,9,1358.92,15.31
,,,,,38107,12,1367.83,15.31
,,,,,38108,3,986.06,16.58
,,,,,38108,6,1041.73,16.58
,,,,,38108,9,1011.79,16.58
,,,,,38108,12,1079.49,16.58
,,,,,38109,3,1167.38,10.2
,,,,,38109,6,1178.06,10.2
,,,,,38109,9,1188.11,10.2
,,,,,38109,12,1199.56,10.2
,,,,,38111,3,1205.55,10.05
,,,,,38111,6,1229.68,10.05
,,,,,38111,9,1239.01,10.05
,,,,,38111,12,1248.68,10.05
,,,,,38112,3,1121.68,9.57
,,,,,38112,6,1133.87,9.57
,,,,,38112,9,1149.76,9.57
,,,,,38112,12,1165.52,9.57
,,,,,38114,3,930.7,10.86
,,,,,38114,6,941.78,10.86
,,,,,38114,9,951.25,10.86
,,,,,38114,12,956.82,10.86
,,,,,38115,3,1133.92,6.89
,,,,,38115,6,1142.36,6.89
,,,,,38115,9,1150.67,6.89
,,,,,38115,12,1154.79,6.89
,,,,,38116,3,1051.66,7.7
,,,,,38116,6,1061.37,7.7
,,,,,38116,9,1056.39,7.7
,,,,,38116,12,1058.43,7.7
,,,,,38117,3,1624.71,16.2
,,,,,38117,6,1642.43,16.2
,,,,,38117,9,1658.82,16.2
,,,,,38117,12,1667.74,16.2
,,,,,38118,3,1273.66,7.29
,,,,,38118,6,1286.34,7.29
,,,,,38118,9,1295.59,7.29
,,,,,38118,12,1305.19,7.29
,,,,,38119,3,1645.65,26.57
,,,,,38119,6,1717.22,26.57
,,,,,38119,9,1696.21,26.57
,,,,,38119,12,1745.36,26.57
,,,,,38120,3,1445.95,13.33
,,,,,38120,6,1436.2,13.33
,,,,,38120,9,1488.17,13.33
,,,,,38120,12,1503.77,13.33
,,,,,38122,3,1101.89,8.09
,,,,,38122,6,1113.64,8.09
,,,,,38122,9,1122.69,8.09
,,,,,38122,12,1136.93,8.09
,,,,,38125,3,1541.31,11.84
,,,,,38125,6,1560.6,11.84
,,,,,38125,9,1578.57,11.84
,,,,,38125,12,1589.03,11.84
,,,,,38127,3,1036.05,5.96
,,,,,38127,6,1039.68,5.96
,,,,,38127,9,1044.35,5.96
,,,,,38127,12,1054.7,5.96
,,,,,38128,3,1258.75,5.56
,,,,,38128,6,1267.96,5.56
,,,,,38128,9,1281.59,5.56
,,,,,38128,12,1292.13,5.56
,,,,,38133,3,1654.98,8.69
,,,,,38133,6,1665.81,8.69
,,,,,38133,9,1676.17,8.69
,,,,,38133,12,1680.85,8.69
,,,,,38134,3,1362.53,7.8
,,,,,38134,6,1375.49,7.8
,,,,,38134,9,1380.35,7.8
,,,,,38134,12,1393.58,7.8
,,,,,38135,3,1879.83,15.19
,,,,,38135,6,1898.25,15.19
,,,,,38135,9,1916.43,15.19
,,,,,38135,12,1925.78,15.19
,,,,,38138,3,2223,44.06
,,,,,38138,6,2347.4,44.06
,,,,,38138,9,2341.46,44.06
,,,,,38138,12,2395.33,44.06
,,,,,38141,3,1591.02,6.45
,,,,,38141,6,1600.23,6.45
,,,,,38141,9,1613.05,6.45
,,,,,38141,12,1618.79,6.45
,,,,,38301,3,1224.56,11.22
,,,,,38301,6,1222.59,11.22
,,,,,38301,9,1285.8,11.22
,,,,,38301,12,1292.54,11.22
,,,,,38305,3,1473.96,11.71
,,,,,38305,6,1495.14,11.71
,,,,,38305,9,1515.26,11.71
,,,,,38305,12,1538.65,11.71
,,,,,38401,3,1613.3,6.72
,,,,,38401,6,1629.74,6.72
,,,,,38401,9,1652.54,6.72
,,,,,38401,12,1668.59,6.72
,,,,,38501,3,1313.91,12.26
,,,,,38501,6,1335.03,12.26
,,,,,38501,9,1334.27,12.26
,,,,,38501,12,1346.18,12.26
,,,,,38632,3,1928.12,25.82
,,,,,38632,6,1954.13,25.82
,,,,,38632,9,1955.61,25.82
,,,,,38632,12,1960.96,25.82
,,,,,38637,3,1499.85,9.93
,,,,,38637,6,1509.28,9.93
,,,,,38637,9,1530.58,9.93
,,,,,38637,12,1520.89,9.93
,,,,,38654,3,1884.47,15.92
,,,,,38654,6,1903.09,15.92
,,,,,38654,9,1918.61,15.92
,,,,,38654,12,1927.12,15.92
,,,,,38655,3,2056.82,17.38
,,,,,38655,6,2090.03,17.38
,,,,,38655,9,2110.53,17.38
,,,,,38655,12,2122.98,17.38
,,,,,38671,3,1571.68,9.55
,,,,,38671,6,1588.34,9.55
,,,,,38671,9,1597.91,9.55
,,,,,38671,12,1609.76,9.55
,,,,,38672,3,2356.96,35.73
,,,,,38672,6,2418.58,35.73
,,,,,38672,9,2384.89,35.73
,,,,,38672,12,2465.91,35.73
,,,,,38801,3,1027.36,7.38
,,,,,38801,6,1029.32,7.38
,,,,,38801,9,1079.28,7.38
,,,,,38801,12,1081.44,7.38
,,,,,39042,3,1752,11.79
,,,,,39042,6,1800.29,11.79
,,,,,39042,9,1797.05,11.79
,,,,,39042,12,1780.86,11.79
,,,,,39047,3,1765.42,11.04
,,,,,39047,6,1800.28,11.04
,,,,,39047,9,1815.13,11.04
,,,,,39047,12,1831.88,11.04
,,,,,39056,3,1602.76,19.8
,,,,,39056,6,1708.65,19.8
,,,,,39056,9,1708.25,19.8
,,,,,39056,12,1716.52,19.8
,,,,,39110,3,2209.73,14.43
,,,,,39110,6,2236.28,14.43
,,,,,39110,9,2254.29,14.43
,,,,,39110,12,2246.04,14.43
,,,,,39157,3,1465.58,7.85
,,,,,39157,6,1459.33,7.85
,,,,,39157,9,1459.63,7.85
,,,,,39157,12,1457.7,7.85
,,,,,39204,3,1021.4,0
,,,,,39204,6,1021.4,0
,,,,,39204,9,1021.4,0
,,,,,39204,12,1021.4,0
,,,,,39206,3,1182.12,15.12
,,,,,39206,6,1219.93,15.12
,,,,,39206,9,1224.75,15.12
,,,,,39206,12,1243.72,15.12
,,,,,39208,3,1402.13,12.19
,,,,,39208,6,1412.97,12.19
,,,,,39208,9,1420.8,12.19
,,,,,39208,12,1429.44,12.19
,,,,,39209,3,979.71,18.89
,,,,,39209,6,998.21,18.89
,,,,,39209,9,1026.61,18.89
,,,,,39209,12,1045.35,18.89
,,,,,39211,3,1536.43,23.11
,,,,,39211,6,1608.57,23.11
,,,,,39211,9,1605.71,23.11
,,,,,39211,12,1632.99,23.11
,,,,,39212,3,1075.65,10.48
,,,,,39212,6,1070.87,10.48
,,,,,39212,9,1083.92,10.48
,,,,,39212,12,1097.52,10.48
,,,,,39232,3,1454.58,7.48
,,,,,39232,6,1454.59,7.48
,,,,,39232,9,1454.59,7.48
,,,,,39232,12,1490.64,7.48
,,,,,39401,3,1059.24,10.03
,,,,,39401,6,1047.72,10.03
,,,,,39401,9,1057.39,10.03
,,,,,39401,12,1082.18,10.03
,,,,,39402,3,1398.26,6.28
,,,,,39402,6,1415.55,6.28
,,,,,39402,9,1431.96,6.28
,,,,,39402,12,1428.01,6.28
,,,,,39501,3,1162.62,18.43
,,,,,39501,6,1178.33,18.43
,,,,,39501,9,1150.91,18.43
,,,,,39501,12,1163.84,18.43
,,,,,39503,3,1570.95,14.8
,,,,,39503,6,1573.31,14.8
,,,,,39503,9,1573.34,14.8
,,,,,39503,12,1596.11,14.8
,,,,,39507,3,1249.71,18.59
,,,,,39507,6,1249.43,18.59
,,,,,39507,9,1280.64,18.59
,,,,,39507,12,1323.74,18.59
,,,,,39531,3,1309.38,23.33
,,,,,39531,6,1360.78,23.33
,,,,,39531,9,1336.07,23.33
,,,,,39531,12,1365.93,23.33
,,,,,39564,3,1680.95,6.56
,,,,,39564,6,1691.74,6.56
,,,,,39564,9,1692.36,6.56
,,,,,39564,12,1696.43,6.56
,,,,,39759,3,1217.52,7.76
,,,,,39759,6,1243.66,7.76
,,,,,39759,9,1297.89,7.76
,,,,,39759,12,1333.28,7.76
,,,,,40059,3,2412.2,37.46
,,,,,40059,6,2428.22,37.46
,,,,,40059,9,2402.72,37.46
,,,,,40059,12,2462.94,37.46
,,,,,40160,3,1009.34,9.95
,,,,,40160,6,1025.84,9.95
,,,,,40160,9,1027.13,9.95
,,,,,40160,12,1059.47,9.95
,,,,,40202,3,1307.99,8.8
,,,,,40202,6,1308.01,8.8
,,,,,40202,9,1306.56,8.8
,,,,,40202,12,1319.43,8.8
,,,,,40203,3,1014.01,13.21
,,,,,40203,6,1021.86,13.21
,,,,,40203,9,1033.65,13.21
,,,,,40203,12,1044.35,13.21
,,,,,40204,3,1305.44,12.69
,,,,,40204,6,1309.09,12.69
,,,,,40204,9,1319.67,12.69
,,,,,40204,12,1333.67,12.69
,,,,,40205,3,1363.05,9.76
,,,,,40205,6,1369.42,9.76
,,,,,40205,9,1394.96,9.76
,,,,,40205,12,1405.35,9.76
,,,,,40206,3,1380.81,6.84
,,,,,40206,6,1393.8,6.84
,,,,,40206,9,1412.47,6.84
,,,,,40206,12,1427.52,6.84
,,,,,40207,3,1485.08,12.7
,,,,,40207,6,1481.61,12.7
,,,,,40207,9,1495.54,12.7
,,,,,40207,12,1529.64,12.7
,,,,,40208,3,1033.18,6.82
,,,,,40208,6,1041.7,6.82
,,,,,40208,9,1052.84,6.82
,,,,,40208,12,1064.76,6.82
,,,,,40210,3,1102.55,23.78
,,,,,40210,6,1121.45,23.78
,,,,,40210,9,1150.84,23.78
,,,,,40210,12,1170.68,23.78
,,,,,40211,3,1200.27,15.61
,,,,,40211,6,1219.8,15.61
,,,,,40211,9,1224.09,15.61
,,,,,40211,12,1250.84,15.61
,,,,,40212,3,1085.8,17.43
,,,,,40212,6,1116.85,17.43
,,,,,40212,9,1108.44,17.43
,,,,,40212,12,1159.78,17.43
,,,,,40214,3,1142.24,10.83
,,,,,40214,6,1157.05,10.83
,,,,,40214,9,1172.14,10.83
,,,,,40214,12,1191.17,10.83
,,,,,40215,3,1169.66,16.1
,,,,,40215,6,1194.18,16.1
,,,,,40215,9,1196.19,16.1
,,,,,40215,12,1215.98,16.1
,,,,,40216,3,1121.95,8.18
,,,,,40216,6,1130.55,8.18
,,,,,40216,9,1140.37,8.18
,,,,,40216,12,1149.53,8.18
,,,,,40217,3,1305.63,7.05
,,,,,40217,6,1330.07,7.05
,,,,,40217,9,1344.36,7.05
,,,,,40217,12,1365.91,7.05
,,,,,40218,3,1217.66,11.48
,,,,,40218,6,1249.82,11.48
,,,,,40218,9,1270.05,11.48
,,,,,40218,12,1278.04,11.48
,,,,,40220,3,1310.91,16.06
,,,,,40220,6,1303.71,16.06
,,,,,40220,9,1324.29,16.06
,,,,,40220,12,1337.82,16.06
,,,,,40222,3,1358.94,5.18
,,,,,40222,6,1370.8,5.18
,,,,,40222,9,1380.64,5.18
,,,,,40222,12,1390.57,5.18
,,,,,40223,3,1603.04,12.28
,,,,,40223,6,1610.87,12.28
,,,,,40223,9,1631.73,12.28
,,,,,40223,12,1647.65,12.28
,,,,,40228,3,1858.93,5.43
,,,,,40228,6,1858.93,5.43
,,,,,40228,9,1858.93,5.43
,,,,,40228,12,1878.57,5.43
,,,,,40229,3,1472.36,10
,,,,,40229,6,1483.77,10
,,,,,40229,9,1493.91,10
,,,,,40229,12,1501.1,10
,,,,,40241,3,1539.72,6.11
,,,,,40241,6,1545.71,6.11
,,,,,40241,9,1561.04,6.11
,,,,,40241,12,1569,6.11
,,,,,40242,3,1289.51,9.07
,,,,,40242,6,1290.21,9.07
,,,,,40242,9,1294.08,9.07
,,,,,40242,12,1277.91,9.07
,,,,,40243,3,1445.49,10.51
,,,,,40243,6,1445.49,10.51
,,,,,40243,9,1438.39,10.51
,,,,,40243,12,1445.86,10.51
,,,,,40245,3,1659.63,10.23
,,,,,40245,6,1700.17,10.23
,,,,,40245,9,1705.15,10.23
,,,,,40245,12,1711.27,10.23
,,,,,40272,3,1292.19,8.57
,,,,,40272,6,1294.67,8.57
,,,,,40272,9,1311.86,8.57
,,,,,40272,12,1321.57,8.57
,,,,,40291,3,1524.74,12.8
,,,,,40291,6,1519.6,12.8
,,,,,40291,9,1521.53,12.8
,,,,,40291,12,1533.76,12.8
,,,,,40299,3,1631.52,4.11
,,,,,40299,6,1652.88,4.11
,,,,,40299,9,1669.06,4.11
,,,,,40299,12,1685.71,4.11
,,,,,40324,3,1497.38,7.68
,,,,,40324,6,1545.07,7.68
,,,,,40324,9,1574,7.68
,,,,,40324,12,1600.11,7.68
,,,,,40356,3,1424.51,14.94
,,,,,40356,6,1449.35,14.94
,,,,,40356,9,1462.24,14.94
,,,,,40356,12,1505.25,14.94
,,,,,40475,3,1018.78,5.34
,,,,,40475,6,1029.31,5.34
,,,,,40475,9,1031.1,5.34
,,,,,40475,12,1045.2,5.34
,,,,,40502,3,1428.93,9.16
,,,,,40502,6,1443.71,9.16
,,,,,40502,9,1461.8,9.16
,,,,,40502,12,1466.02,9.16
,,,,,40503,3,1729.87,11.13
,,,,,40503,6,1744.02,11.13
,,,,,40503,9,1752.68,11.13
,,,,,40503,12,1770.8,11.13
,,,,,40504,3,1436.33,11.65
,,,,,40504,6,1450.07,11.65
,,,,,40504,9,1464.19,11.65
,,,,,40504,12,1487.83,11.65
,,,,,40505,3,1265.45,8.39
,,,,,40505,6,1285.97,8.39
,,,,,40505,9,1307.88,8.39
,,,,,40505,12,1342.45,8.39
,,,,,40508,3,1311.32,8.32
,,,,,40508,6,1327.09,8.32
,,,,,40508,9,1336.91,8.32
,,,,,40508,12,1344.72,8.32
,,,,,40509,3,1539.27,11.87
,,,,,40509,6,1548.22,11.87
,,,,,40509,9,1555.79,11.87
,,,,,40509,12,1573.6,11.87
,,,,,40511,3,1796.54,8.74
,,,,,40511,6,1835.8,8.74
,,,,,40511,9,1865.02,8.74
,,,,,40511,12,1903.49,8.74
,,,,,40515,3,1509.17,11.87
,,,,,40515,6,1533.91,11.87
,,,,,40515,9,1553.62,11.87
,,,,,40515,12,1572.32,11.87
,,,,,40517,3,1305.66,7.18
,,,,,40517,6,1323.33,7.18
,,,,,40517,9,1343.02,7.18
,,,,,40517,12,1368.04,7.18
,,,,,40601,3,970.73,5.39
,,,,,40601,6,976.75,5.39
,,,,,40601,9,989.13,5.39
,,,,,40601,12,994.57,5.39
,,,,,41011,3,1594.74,10.23
,,,,,41011,6,1608.77,10.23
,,,,,41011,9,1622.97,10.23
,,,,,41011,12,1640.84,10.23
,,,,,41018,3,1218.87,8.52
,,,,,41018,6,1218.63,8.52
,,,,,41018,9,1225.15,8.52
,,,,,41018,12,1230.98,8.52
,,,,,41042,3,1615.96,8.99
,,,,,41042,6,1639.14,8.99
,,,,,41042,9,1641.36,8.99
,,,,,41042,12,1642.38,8.99
,,,,,41071,3,1579.22,10.59
,,,,,41071,6,1607.57,10.59
,,,,,41071,9,1641.97,10.59
,,,,,41071,12,1668.08,10.59
,,,,,41074,3,1837.45,3.35
,,,,,41074,6,1837.45,3.35
,,,,,41074,9,1837.45,3.35
,,,,,41074,12,1825.35,3.35
,,,,,42101,3,1306.97,7.62
,,,,,42101,6,1324.85,7.62
,,,,,42101,9,1340.84,7.62
,,,,,42101,12,1352.58,7.62
,,,,,42104,3,1345.08,5.49
,,,,,42104,6,1373.8,5.49
,,,,,42104,9,1382.48,5.49
,,,,,42104,12,1392.3,5.49
,,,,,42240,3,1036.64,6.61
,,,,,42240,6,1048.29,6.61
,,,,,42240,9,1070.72,6.61
,,,,,42240,12,1089.48,6.61
,,,,,42262,3,1205.58,5.87
,,,,,42262,6,1215.99,5.87
,,,,,42262,9,1226.93,5.87
,,,,,42262,12,1238.09,5.87
,,,,,42701,3,1504.93,19.04
,,,,,42701,6,1494.33,19.04
,,,,,42701,9,1553.66,19.04
,,,,,42701,12,1536.21,19.04
,,,,,43015,3,1553.58,10.46
,,,,,43015,6,1563.63,10.46
,,,,,43015,9,1583.26,10.46
,,,,,43015,12,1594.36,10.46
,,,,,43016,3,1882.54,14.11
,,,,,43016,6,1887.75,14.11
,,,,,43016,9,1919.17,14.11
,,,,,43016,12,1941.62,14.11
,,,,,43017,3,1969.4,11.37
,,,,,43017,6,2000.84,11.37
,,,,,43017,9,2024.25,11.37
,,,,,43017,12,2027.95,11.37
,,,,,43026,3,1627.72,9.69
,,,,,43026,6,1650.25,9.69
,,,,,43026,9,1667.21,9.69
,,,,,43026,12,1679.47,9.69
,,,,,43035,3,1987.85,7.54
,,,,,43035,6,1999.34,7.54
,,,,,43035,9,2013.08,7.54
,,,,,43035,12,2017.35,7.54
,,,,,43040,3,1473.74,11.1
,,,,,43040,6,1490.41,11.1
,,,,,43040,9,1507.59,11.1
,,,,,43040,12,1525.62,11.1
,,,,,43054,3,1780.54,14.55
,,,,,43054,6,1800.6,14.55
,,,,,43054,9,1815.41,14.55
,,,,,43054,12,1823.12,14.55
,,,,,43055,3,1314.26,7.47
,,,,,43055,6,1335.99,7.47
,,,,,43055,9,1342.32,7.47
,,,,,43055,12,1348.34,7.47
,,,,,43062,3,2339.04,13.38
,,,,,43062,6,2457.11,13.38
,,,,,43062,9,2583.45,13.38
,,,,,43062,12,2756.4,13.38
,,,,,43065,3,2246.9,17.97
,,,,,43065,6,2297.37,17.97
,,,,,43065,9,2277.87,17.97
,,,,,43065,12,2339.74,17.97
,,,,,43068,3,1689.76,4.01
,,,,,43068,6,1702.19,4.01
,,,,,43068,9,1709.66,4.01
,,,,,43068,12,1723.95,4.01
,,,,,43081,3,1619.39,15.15
,,,,,43081,6,1634.7,15.15
,,,,,43081,9,1643.27,15.15
,,,,,43081,12,1662.53,15.15
,,,,,43082,3,1609.4,8.86
,,,,,43082,6,1631.92,8.86
,,,,,43082,9,1637.46,8.86
,,,,,43082,12,1649.14,8.86
,,,,,43085,3,1500.1,8.93
,,,,,43085,6,1492.33,8.93
,,,,,43085,9,1488.59,8.93
,,,,,43085,12,1507.2,8.93
,,,,,43110,3,1608.88,7.77
,,,,,43110,6,1622.4,7.77
,,,,,43110,9,1636.96,7.77
,,,,,43110,12,1646.61,7.77
,,,,,43119,3,1987.86,21.48
,,,,,43119,6,1996.76,21.48
,,,,,43119,9,2058.64,21.48
,,,,,43119,12,2056.07,21.48
,,,,,43123,3,1659.73,9.29
,,,,,43123,6,1684.82,9.29
,,,,,43123,9,1691.16,9.29
,,,,,43123,12,1698.55,9.29
,,,,,43125,3,1437.01,13.79
,,,,,43125,6,1455.46,13.79
,,,,,43125,9,1447.06,13.79
,,,,,43125,12,1454.11,13.79
,,,,,43130,3,1237.97,11.52
,,,,,43130,6,1248.74,11.52
,,,,,43130,9,1271.75,11.52
,,,,,43130,12,1288.52,11.52
,,,,,43147,3,2182.86,14.93
,,,,,43147,6,2194.08,14.93
,,,,,43147,9,2233.22,14.93
,,,,,43147,12,2253.06,14.93
,,,,,43201,3,2231.21,8.39
,,,,,43201,6,2255.03,8.39
,,,,,43201,9,2277.23,8.39
,,,,,43201,12,2290.23,8.39
,,,,,43202,3,1696.71,6.41
,,,,,43202,6,1705.9,6.41
,,,,,43202,9,1719.83,6.41
,,,,,43202,12,1727.53,6.41
,,,,,43203,3,1365.93,18.28
,,,,,43203,6,1377.78,18.28
,,,,,43203,9,1382.31,18.28
,,,,,43203,12,1403.77,18.28
,,,,,43204,3,1410.23,8.84
,,,,,43204,6,1429.25,8.84
,,,,,43204,9,1437.76,8.84
,,,,,43204,12,1446.72,8.84
,,,,,43205,3,1323.07,11.18
,,,,,43205,6,1336.57,11.18
,,,,,43205,9,1343.77,11.18
,,,,,43205,12,1362.77,11.18
,,,,,43206,3,1628.95,6.27
,,,,,43206,6,1647.09,6.27
,,,,,43206,9,1666.11,6.27
,,,,,43206,12,1690.12,6.27
,,,,,43207,3,1247.5,4.51
,,,,,43207,6,1260.06,4.51
,,,,,43207,9,1270,4.51
,,,,,43207,12,1275.71,4.51
,,,,,43211,3,1289.97,7.73
,,,,,43211,6,1298.07,7.73
,,,,,43211,9,1317.83,7.73
,,,,,43211,12,1342.56,7.73
,,,,,43212,3,1546.04,9.06
,,,,,43212,6,1559.53,9.06
,,,,,43212,9,1569.2,9.06
,,,,,43212,12,1578.23,9.06
,,,,,43213,3,1209.71,13.16
,,,,,43213,6,1217.76,13.16
,,,,,43213,9,1230.61,13.16
,,,,,43213,12,1241.42,13.16
,,,,,43214,3,1638.75,24.24
,,,,,43214,6,1643.7,24.24
,,,,,43214,9,1659.28,24.24
,,,,,43214,12,1670.37,24.24
,,,,,43215,3,1557.19,14.96
,,,,,43215,6,1577.86,14.96
,,,,,43215,9,1574.26,14.96
,,,,,43215,12,1583.33,14.96
,,,,,43219,3,1273.12,14.64
,,,,,43219,6,1289.91,14.64
,,,,,43219,9,1307.58,14.64
,,,,,43219,12,1313.71,14.64
,,,,,43221,3,1954.41,16.68
,,,,,43221,6,1983.3,16.68
,,,,,43221,9,2004.75,16.68
,,,,,43221,12,2022.92,16.68
,,,,,43223,3,1353.51,11.54
,,,,,43223,6,1367.42,11.54
,,,,,43223,9,1382.98,11.54
,,,,,43223,12,1413.73,11.54
,,,,,43224,3,1197.2,8.06
,,,,,43224,6,1198.34,8.06
,,,,,43224,9,1208.38,8.06
,,,,,43224,12,1209.17,8.06
,,,,,43227,3,1396.9,13.21
,,,,,43227,6,1414.63,13.21
,,,,,43227,9,1441.14,13.21
,,,,,43227,12,1470.98,13.21
,,,,,43228,3,1253.54,11.55
,,,,,43228,6,1261.07,11.55
,,,,,43228,9,1268.26,11.55
,,,,,43228,12,1272.69,11.55
,,,,,43229,3,1325.19,9.79
,,,,,43229,6,1324.23,9.79
,,,,,43229,9,1347.36,9.79
,,,,,43229,12,1362.05,9.79
,,,,,43230,3,1559.15,7.28
,,,,,43230,6,1589.59,7.28
,,,,,43230,9,1617.16,7.28
,,,,,43230,12,1645.43,7.28
,,,,,43232,3,1170.81,10.61
,,,,,43232,6,1173.85,10.61
,,,,,43232,9,1161.02,10.61
,,,,,43232,12,1165.88,10.61
,,,,,43235,3,1400.94,7.7
,,,,,43235,6,1424.7,7.7
,,,,,43235,9,1446.57,7.7
,,,,,43235,12,1457.25,7.7
,,,,,43240,3,1592.2,19.05
,,,,,43240,6,1604.24,19.05
,,,,,43240,9,1619.16,19.05
,,,,,43240,12,1609.14,19.05
,,,,,43551,3,1562.15,11.37
,,,,,43551,6,1573.14,11.37
,,,,,43551,9,1592.72,11.37
,,,,,43551,12,1588.37,11.37
,,,,,43560,3,1881.42,11.02
,,,,,43560,6,1881.42,11.02
,,,,,43560,9,1881.42,11.02
,,,,,43560,12,1921.31,11.02
,,,,,43605,3,965.33,12.66
,,,,,43605,6,969.28,12.66
,,,,,43605,9,976.29,12.66
,,,,,43605,12,984.23,12.66
,,,,,43606,3,983.75,7.84
,,,,,43606,6,983.25,7.84
,,,,,43606,9,979.49,7.84
,,,,,43606,12,971.97,7.84
,,,,,43607,3,1114.19,19.36
,,,,,43607,6,1139.26,19.36
,,,,,43607,9,1147.76,19.36
,,,,,43607,12,1135.38,19.36
,,,,,43609,3,982.86,15.52
,,,,,43609,6,999.59,15.52
,,,,,43609,9,1005.48,15.52
,,,,,43609,12,1028.69,15.52
,,,,,43612,3,951.6,4.71
,,,,,43612,6,963.99,4.71
,,,,,43612,9,979.54,4.71
,,,,,43612,12,994.39,4.71
,,,,,43613,3,979.96,9.34
,,,,,43613,6,986.39,9.34
,,,,,43613,9,1000.93,9.34
,,,,,43613,12,1015.87,9.34
,,,,,43614,3,1040.04,7.75
,,,,,43614,6,1054.27,7.75
,,,,,43614,9,1033.06,7.75
,,,,,43614,12,1056.54,7.75
,,,,,43615,3,1280.38,9.65
,,,,,43615,6,1284.29,9.65
,,,,,43615,9,1287.34,9.65
,,,,,43615,12,1285.54,9.65
,,,,,43701,3,1035.05,8.77
,,,,,43701,6,1047.33,8.77
,,,,,43701,9,1040.26,8.77
,,,,,43701,12,1042.39,8.77
,,,,,44035,3,973.3,7.63
,,,,,44035,6,969.82,7.63
,,,,,44035,9,977.5,7.63
,,,,,44035,12,1012.74,7.63
,,,,,44052,3,1050.39,15.03
,,,,,44052,6,1072.01,15.03
,,,,,44052,9,1109.09,15.03
,,,,,44052,12,1106.18,15.03
,,,,,44060,3,1517.77,0.98
,,,,,44060,6,1517.77,0.98
,,,,,44060,9,1517.77,0.98
,,,,,44060,12,1514.22,0.98
,,,,,44077,3,1579.8,19.91
,,,,,44077,6,1558.96,19.91
,,,,,44077,9,1603.23,19.91
,,,,,44077,12,1620.59,19.91
,,,,,44092,3,1086.73,12.13
,,,,,44092,6,1097.42,12.13
,,,,,44092,9,1139.81,12.13
,,,,,44092,12,1126.37,12.13
,,,,,44094,3,1232.3,5.72
,,,,,44094,6,1242.85,5.72
,,,,,44094,9,1250.74,5.72
,,,,,44094,12,1271.57,5.72
,,,,,44102,3,1288.99,7.68
,,,,,44102,6,1303.4,7.68
,,,,,44102,9,1315.84,7.68
,,,,,44102,12,1327.09,7.68
,,,,,44105,3,1077.16,12.69
,,,,,44105,6,1096.96,12.69
,,,,,44105,9,1118.2,12.69
,,,,,44105,12,1138.13,12.69
,,,,,44106,3,1538.42,13.74
,,,,,44106,6,1542.88,13.74
,,,,,44106,9,1554.38,13.74
,,,,,44106,12,1558.71,13.74
,,,,,44107,3,1356.73,6.09
,,,,,44107,6,1370.83,6.09
,,,,,44107,9,1391.62,6.09
,,,,,44107,12,1403.4,6.09
,,,,,44108,3,1199.88,14.36
,,,,,44108,6,1251.6,14.36
,,,,,44108,9,1304.01,14.36
,,,,,44108,12,1307.09,14.36
,,,,,44109,3,1079.33,14.36
,,,,,44109,6,1098.71,14.36
,,,,,44109,9,1105.88,14.36
,,,,,44109,12,1118.36,14.36
,,,,,44110,3,1024.28,13.33
,,,,,44110,6,1036.88,13.33
,,,,,44110,9,1056.39,13.33
,,,,,44110,12,1067.17,13.33
,,,,,44111,3,1276.49,7.41
,,,,,44111,6,1292.96,7.41
,,,,,44111,9,1310.85,7.41
,,,,,44111,12,1331.03,7.41
,,,,,44112,3,986.46,18.08
,,,,,44112,6,993.46,18.08
,,,,,44112,9,1029.2,18.08
,,,,,44112,12,1031.58,18.08
,,,,,44113,3,1570.46,13.84
,,,,,44113,6,1584.29,13.84
,,,,,44113,9,1590.44,13.84
,,,,,44113,12,1598.04,13.84
,,,,,44114,3,1294.34,11.64
,,,,,44114,6,1283.24,11.64
,,,,,44114,9,1293.02,11.64
,,,,,44114,12,1312.35,11.64
,,,,,44115,3,1502.28,16.73
,,,,,44115,6,1495.76,16.73
,,,,,44115,9,1533,16.73
,,,,,44115,12,1534.67,16.73
,,,,,44116,3,1531.28,19.93
,,,,,44116,6,1590.87,19.93
,,,,,44116,9,1705.56,19.93
,,,,,44116,12,1831.36,19.93
,,,,,44118,3,1386.52,12.3
,,,,,44118,6,1412.5,12.3
,,,,,44118,9,1422.69,12.3
,,,,,44118,12,1446.01,12.3
,,,,,44120,3,1148.35,11.77
,,,,,44120,6,1176.47,11.77
,,,,,44120,9,1196.51,11.77
,,,,,44120,12,1218.66,11.77
,,,,,44121,3,1495.72,9.3
,,,,,44121,6,1495.9,9.3
,,,,,44121,9,1509.18,9.3
,,,,,44121,12,1537.16,9.3
,,,,,44122,3,1864.66,25.5
,,,,,44122,6,1854.56,25.5
,,,,,44122,9,1858.67,25.5
,,,,,44122,12,1896.39,25.5
,,,,,44123,3,1132.86,8.44
,,,,,44123,6,1141.26,8.44
,,,,,44123,9,1160.29,8.44
,,,,,44123,12,1155.72,8.44
,,,,,44124,3,1289.76,9.62
,,,,,44124,6,1287.69,9.62
,,,,,44124,9,1288.98,9.62
,,,,,44124,12,1287.56,9.62
,,,,,44125,3,1332.51,11.17
,,,,,44125,6,1358.65,11.17
,,,,,44125,9,1386.53,11.17
,,,,,44125,12,1410.46,11.17
,,,,,44128,3,1236.57,12.66
,,,,,44128,6,1268.37,12.66
,,,,,44128,9,1254.54,12.66
,,,,,44128,12,1291.39,12.66
,,,,,44129,3,1090.39,15.14
,,,,,44129,6,1077.75,15.14
,,,,,44129,9,1110.36,15.14
,,,,,44129,12,1101.1,15.14
,,,,,44130,3,1429.66,8.93
,,,,,44130,6,1445.57,8.93
,,,,,44130,9,1467.66,8.93
,,,,,44130,12,1485.31,8.93
,,,,,44132,3,1317.35,13.37
,,,,,44132,6,1317.35,13.37
,,,,,44132,9,1368.22,13.37
,,,,,44132,12,1375.4,13.37
,,,,,44134,3,1437.8,16.82
,,,,,44134,6,1454.7,16.82
,,,,,44134,9,1465.75,16.82
,,,,,44134,12,1476.1,16.82
,,,,,44135,3,1362.12,15.31
,,,,,44135,6,1385.23,15.31
,,,,,44135,9,1404.98,15.31
,,,,,44135,12,1423.64,15.31
,,,,,44137,3,1290.79,20.24
,,,,,44137,6,1333.98,20.24
,,,,,44137,9,1349.42,20.24
,,,,,44137,12,1395.53,20.24
,,,,,44145,3,1984.74,22.83
,,,,,44145,6,1984.48,22.83
,,,,,44145,9,1991.57,22.83
,,,,,44145,12,1978.64,22.83
,,,,,44146,3,1067.35,7.76
,,,,,44146,6,1092.49,7.76
,,,,,44146,9,1087.15,7.76
,,,,,44146,12,1097.95,7.76
,,,,,44203,3,1383.01,22.11
,,,,,44203,6,1448.05,22.11
,,,,,44203,9,1447.82,22.11
,,,,,44203,12,1411.26,22.11
,,,,,44221,3,1404.56,16.92
,,,,,44221,6,1415.46,16.92
,,,,,44221,9,1444.57,16.92
,,,,,44221,12,1459.22,16.92
,,,,,44240,3,1544.94,11.35
,,,,,44240,6,1553.6,11.35
,,,,,44240,9,1578.79,11.35
,,,,,44240,12,1585.85,11.35
,,,,,44256,3,1809.44,8.95
,,,,,44256,6,1802.15,8.95
,,,,,44256,9,1799.61,8.95
,,,,,44256,12,1816.12,8.95
,,,,,44305,3,1039.04,17.87
,,,,,44305,6,1050.65,17.87
,,,,,44305,9,1056.53,17.87
,,,,,44305,12,1070.34,17.87
,,,,,44306,3,1056.46,10.56
,,,,,44306,6,1090.04,10.56
,,,,,44306,9,1118.73,10.56
,,,,,44306,12,1160.77,10.56
,,,,,44310,3,1144.46,10.04
,,,,,44310,6,1177.81,10.04
,,,,,44310,9,1202.58,10.04
,,,,,44310,12,1237.63,10.04
,,,,,44313,3,1415.59,20.12
,,,,,44313,6,1410.1,20.12
,,,,,44313,9,1444.06,20.12
,,,,,44313,12,1432.43,20.12
,,,,,44314,3,978.86,9.53
,,,,,44314,6,996.45,9.53
,,,,,44314,9,1022.82,9.53
,,,,,44314,12,1023.92,9.53
,,,,,44320,3,1199.76,20.6
,,,,,44320,6,1191.26,20.6
,,,,,44320,9,1199.66,20.6
,,,,,44320,12,1212.89,20.6
,,,,,44512,3,863.35,9.11
,,,,,44512,6,863.58,9.11
,,,,,44512,9,909.2,9.11
,,,,,44512,12,906.64,9.11
,,,,,44601,3,908.63,7.08
,,,,,44601,6,913.58,7.08
,,,,,44601,9,948.49,7.08
,,,,,44601,12,932.95,7.08
,,,,,44646,3,976.46,14.19
,,,,,44646,6,983.06,14.19
,,,,,44646,9,983.36,14.19
,,,,,44646,12,995.22,14.19
,,,,,44691,3,1343.56,19.3
,,,,,44691,6,1425.98,19.3
,,,,,44691,9,1419.02,19.3
,,,,,44691,12,1427.88,19.3
,,,,,44703,3,827.15,16.68
,,,,,44703,6,783.98,16.68
,,,,,44703,9,827.05,16.68
,,,,,44703,12,827.19,16.68
,,,,,44705,3,1025.18,14.05
,,,,,44705,6,1084.77,14.05
,,,,,44705,9,1117.19,14.05
,,,,,44705,12,1144.89,14.05
,,,,,44708,3,1173.57,10.93
,,,,,44708,6,1163.66,10.93
,,,,,44708,9,1188.89,10.93
,,,,,44708,12,1207.95,10.93
,,,,,44709,3,926.03,12.02
,,,,,44709,6,924.16,12.02
,,,,,44709,9,919.25,12.02
,,,,,44709,12,936.85,12.02
,,,,,44720,3,1468.42,12.95
,,,,,44720,6,1464.15,12.95
,,,,,44720,9,1500.74,12.95
,,,,,44720,12,1507.25,12.95
,,,,,44805,3,820.12,4.16
,,,,,44805,6,820.01,4.16
,,,,,44805,9,820.01,4.16
,,,,,44805,12,830.6,4.16
,,,,,45005,3,1189.35,26.77
,,,,,45005,6,1274.82,26.77
,,,,,45005,9,1362.24,26.77
,,,,,45005,12,1446.47,26.77
,,,,,45011,3,1376.22,20.18
,,,,,45011,6,1416.9,20.18
,,,,,45011,9,1397.22,20.18
,,,,,45011,12,1429.38,20.18
,,,,,45013,3,1300.48,14.41
,,,,,45013,6,1274.51,14.41
,,,,,45013,9,1314.35,14.41
,,,,,45013,12,1319.5,14.41
,,,,,45014,3,1322.55,10.87
,,,,,45014,6,1330.22,10.87
,,,,,45014,9,1345.24,10.87
,,,,,45014,12,1347.7,10.87
,,,,,45036,3,1875.97,22.35
,,,,,45036,6,1886.33,22.35
,,,,,45036,9,1912.13,22.35
,,,,,45036,12,1916.34,22.35
,,,,,45039,3,2080.7,15.98
,,,,,45039,6,2106.15,15.98
,,,,,45039,9,2137.59,15.98
,,,,,45039,12,2156.17,15.98
,,,,,45040,3,2146.21,14.28
,,,,,45040,6,2162.49,14.28
,,,,,45040,9,2185.94,14.28
,,,,,45040,12,2198.58,14.28
,,,,,45044,3,1288.81,10.25
,,,,,45044,6,1310.88,10.25
,,,,,45044,9,1326.61,10.25
,,,,,45044,12,1338.25,10.25
,,,,,45069,3,2030.72,10.85
,,,,,45069,6,2043.13,10.85
,,,,,45069,9,2057.39,10.85
,,,,,45069,12,2060.26,10.85
,,,,,45103,3,1813.45,12.47
,,,,,45103,6,1828.75,12.47
,,,,,45103,9,1834.59,12.47
,,,,,45103,12,1851.11,12.47
,,,,,45140,3,1697.19,10.23
,,,,,45140,6,1736.22,10.23
,,,,,45140,9,1753.08,10.23
,,,,,45140,12,1766.42,10.23
,,,,,45150,3,1576.38,16.32
,,,,,45150,6,1590.26,16.32
,,,,,45150,9,1562.46,16.32
,,,,,45150,12,1600.35,16.32
,,,,,45202,3,1510.71,6.28
,,,,,45202,6,1526.73,6.28
,,,,,45202,9,1539.68,6.28
,,,,,45202,12,1550.86,6.28
,,,,,45205,3,1217.71,16.07
,,,,,45205,6,1218.87,16.07
,,,,,45205,9,1232.47,16.07
,,,,,45205,12,1272.34,16.07
,,,,,45206,3,1281.2,6.02
,,,,,45206,6,1268.92,6.02
,,,,,45206,9,1296.73,6.02
,,,,,45206,12,1308.8,6.02
,,,,,45208,3,1527.05,10.6
,,,,,45208,6,1542.88,10.6
,,,,,45208,9,1563.71,10.6
,,,,,45208,12,1581.61,10.6
,,,,,45209,3,1542.25,7.79
,,,,,45209,6,1555.28,7.79
,,,,,45209,9,1566.16,7.79
,,,,,45209,12,1572.75,7.79
,,,,,45211,3,1179.42,5.02
,,,,,45211,6,1193.02,5.02
,,,,,45211,9,1207.43,5.02
,,,,,45211,12,1221.07,5.02
,,,,,45212,3,1312.97,8.72
,,,,,45212,6,1329.26,8.72
,,,,,45212,9,1343.79,8.72
,,,,,45212,12,1357.39,8.72
,,,,,45213,3,1204.4,7.17
,,,,,45213,6,1217.77,7.17
,,,,,45213,9,1218.39,7.17
,,,,,45213,12,1225.61,7.17
,,,,,45214,3,1048.88,8.89
,,,,,45214,6,1056.53,8.89
,,,,,45214,9,1112.76,8.89
,,,,,45214,12,1140.25,8.89
,,,,,45215,3,1527.9,13.48
,,,,,45215,6,1554.99,13.48
,,,,,45215,9,1575.15,13.48
,,,,,45215,12,1589.9,13.48
,,,,,45219,3,1642.45,10.05
,,,,,45219,6,1661.19,10.05
,,,,,45219,9,1681.17,10.05
,,,,,45219,12,1697.15,10.05
,,,,,45220,3,1340.94,12.87
,,,,,45220,6,1372.45,12.87
,,,,,45220,9,1397.76,12.87
,,,,,45220,12,1406.68,12.87
,,,,,45224,3,1129.75,11.5
,,,,,45224,6,1175.87,11.5
,,,,,45224,9,1168.52,11.5
,,,,,45224,12,1169.49,11.5
,,,,,45226,3,1470.29,12.47
,,,,,45226,6,1495.55,12.47
,,,,,45226,9,1522.72,12.47
,,,,,45226,12,1522.66,12.47
,,,,,45227,3,1512.56,15.41
,,,,,45227,6,1528.21,15.41
,,,,,45227,9,1532.7,15.41
,,,,,45227,12,1543.57,15.41
,,,,,45229,3,1144.68,20.65
,,,,,45229,6,1132.37,20.65
,,,,,45229,9,1140.74,20.65
,,,,,45229,12,1172.24,20.65
,,,,,45230,3,1438.46,6.62
,,,,,45230,6,1468.7,6.62
,,,,,45230,9,1500.33,6.62
,,,,,45230,12,1532.07,6.62
,,,,,45231,3,1418.42,12.56
,,,,,45231,6,1432.09,12.56
,,,,,45231,9,1434.76,12.56
,,,,,45231,12,1445.02,12.56
,,,,,45236,3,1637.76,13.08
,,,,,45236,6,1629.93,13.08
,,,,,45236,9,1624.4,13.08
,,,,,45236,12,1670.25,13.08
,,,,,45237,3,1156.47,11.7
,,,,,45237,6,1179.08,11.7
,,,,,45237,9,1157.23,11.7
,,,,,45237,12,1153.15,11.7
,,,,,45238,3,1096.24,8.12
,,,,,45238,6,1097.28,8.12
,,,,,45238,9,1107.6,8.12
,,,,,45238,12,1115.65,8.12
,,,,,45239,3,1268.28,10.06
,,,,,45239,6,1278.13,10.06
,,,,,45239,9,1301.7,10.06
,,,,,45239,12,1328.36,10.06
,,,,,45240,3,1609.33,10.37
,,,,,45240,6,1627.65,10.37
,,,,,45240,9,1688.35,10.37
,,,,,45240,12,1738.25,10.37
,,,,,45242,3,1911.75,18.64
,,,,,45242,6,1937.36,18.64
,,,,,45242,9,1961.91,18.64
,,,,,45242,12,1977.46,18.64
,,,,,45244,3,1516.24,25.82
,,,,,45244,6,1596.75,25.82
,,,,,45244,9,1569.97,25.82
,,,,,45244,12,1579.95,25.82
,,,,,45246,3,1816.38,34.03
,,,,,45246,6,1945.31,34.03
,,,,,45246,9,1913.77,34.03
,,,,,45246,12,1933.72,34.03
,,,,,45251,3,1662.38,13.38
,,,,,45251,6,1662.56,13.38
,,,,,45251,9,1678.71,13.38
,,,,,45251,12,1695.35,13.38
,,,,,45322,3,1658.2,14.95
,,,,,45322,6,1678.8,14.95
,,,,,45322,9,1711.72,14.95
,,,,,45322,12,1723.48,14.95
,,,,,45324,3,1456.49,11.86
,,,,,45324,6,1483.28,11.86
,,,,,45324,9,1507.47,11.86
,,,,,45324,12,1529.13,11.86
,,,,,45342,3,1216.79,6.46
,,,,,45342,6,1225.19,6.46
,,,,,45342,9,1232.87,6.46
,,,,,45342,12,1240.48,6.46
,,,,,45373,3,1444.93,10.25
,,,,,45373,6,1459.25,10.25
,,,,,45373,9,1457.26,10.25
,,,,,45373,12,1472.54,10.25
,,,,,45385,3,1276.78,7.06
,,,,,45385,6,1279.85,7.06
,,,,,45385,9,1292.92,7.06
,,,,,45385,12,1288.98,7.06
,,,,,45402,3,1243.3,10.87
,,,,,45402,6,1268.35,10.87
,,,,,45402,9,1293.05,10.87
,,,,,45402,12,1300.47,10.87
,,,,,45403,3,978.71,7.95
,,,,,45403,6,986.04,7.95
,,,,,45403,9,996.42,7.95
,,,,,45403,12,1013.89,7.95
,,,,,45405,3,1009.35,8.29
,,,,,45405,6,1013.6,8.29
,,,,,45405,9,1021.94,8.29
,,,,,45405,12,1019.89,8.29
,,,,,45406,3,906.59,5.1
,,,,,45406,6,912.61,5.1
,,,,,45406,9,926.8,5.1
,,,,,45406,12,939.97,5.1
,,,,,45410,3,1211.49,11.8
,,,,,45410,6,1218.48,11.8
,,,,,45410,9,1226.54,11.8
,,,,,45410,12,1242.52,11.8
,,,,,45414,3,1593.37,32.21
,,,,,45414,6,1537.29,32.21
,,,,,45414,9,1607.46,32.21
,,,,,45414,12,1608.79,32.21
,,,,,45417,3,990.53,10.76
,,,,,45417,6,991.49,10.76
,,,,,45417,9,1003.84,10.76
,,,,,45417,12,1023.34,10.76
,,,,,45419,3,1258.72,10.19
,,,,,45419,6,1273.17,10.19
,,,,,45419,9,1304.89,10.19
,,,,,45419,12,1304.14,10.19
,,,,,45420,3,1293.12,13.6
,,,,,45420,6,1292.42,13.6
,,,,,45420,9,1310.18,13.6
,,,,,45420,12,1311.79,13.6
,,,,,45424,3,1352.64,5.86
,,,,,45424,6,1364.39,5.86
,,,,,45424,9,1380.08,5.86
,,,,,45424,12,1391.49,5.86
,,,,,45429,3,1486.66,14.51
,,,,,45429,6,1489.16,14.51
,,,,,45429,9,1518.93,14.51
,,,,,45429,12,1517.98,14.51
,,,,,45458,3,1709.25,16.55
,,,,,45458,6,1686.62,16.55
,,,,,45458,9,1704.07,16.55
,,,,,45458,12,1701.73,16.55
,,,,,45459,3,1569.14,7.77
,,,,,45459,6,1587.7,7.77
,,,,,45459,9,1596.34,7.77
,,,,,45459,12,1606.76,7.77
,,,,,45840,3,1305.3,16.01
,,,,,45840,6,1342.9,16.01
,,,,,45840,9,1350.86,16.01
,,,,,45840,12,1378.05,16.01
,,,,,46016,3,858.75,12.81
,,,,,46016,6,868.08,12.81
,,,,,46016,9,866.42,12.81
,,,,,46016,12,879.95,12.81
,,,,,46032,3,1715.69,11.48
,,,,,46032,6,1733.5,11.48
,,,,,46032,9,1750.57,11.48
,,,,,46032,12,1762.58,11.48
,,,,,46033,3,2354.23,14.69
,,,,,46033,6,2343.02,14.69
,,,,,46033,9,2337.82,14.69
,,,,,46033,12,2326.68,14.69
,,,,,46037,3,2002.04,13.6
,,,,,46037,6,2026.18,13.6
,,,,,46037,9,2042.77,13.6
,,,,,46037,12,2057.58,13.6
,,,,,46038,3,1842.3,9.52
,,,,,46038,6,1868.56,9.52
,,,,,46038,9,1885.68,9.52
,,,,,46038,12,1910.84,9.52
,,,,,46060,3,1712.98,6.94
,,,,,46060,6,1731.02,6.94
,,,,,46060,9,1751.65,6.94
,,,,,46060,12,1773.41,6.94
,,,,,46062,3,1789.05,9.05
,,,,,46062,6,1816.28,9.05
,,,,,46062,9,1828.84,9.05
,,,,,46062,12,1847.59,9.05
,,,,,46074,3,1917.47,9.24
,,,,,46074,6,1932.98,9.24
,,,,,46074,9,1943.92,9.24
,,,,,46074,12,1954.73,9.24
,,,,,46075,3,2053.69,17.29
,,,,,46075,6,2072.28,17.29
,,,,,46075,9,2110.09,17.29
,,,,,46075,12,2075.68,17.29
,,,,,46077,3,1701.07,10.19
,,,,,46077,6,1718.19,10.19
,,,,,46077,9,1721.53,10.19
,,,,,46077,12,1731.74,10.19
,,,,,46112,3,1961.37,13.88
,,,,,46112,6,1978.67,13.88
,,,,,46112,9,1991.34,13.88
,,,,,46112,12,2013.23,13.88
,,,,,46113,3,1842.58,19.23
,,,,,46113,6,1859.51,19.23
,,,,,46113,9,1880.8,19.23
,,,,,46113,12,1890.38,19.23
,,,,,46123,3,1750.36,7.22
,,,,,46123,6,1774.12,7.22
,,,,,46123,9,1790.44,7.22
,,,,,46123,12,1806.89,7.22
,,,,,46131,3,1705.32,15.12
,,,,,46131,6,1719.3,15.12
,,,,,46131,9,1737.85,15.12
,,,,,46131,12,1758.11,15.12
,,,,,46140,3,1569.08,11.5
,,,,,46140,6,1584.19,11.5
,,,,,46140,9,1592.12,11.5
,,,,,46140,12,1607.86,11.5
,,,,,46142,3,1467.71,12.83
,,,,,46142,6,1510.31,12.83
,,,,,46142,9,1543.27,12.83
,,,,,46142,12,1533.01,12.83
,,,,,46143,3,1651.66,5.56
,,,,,46143,6,1664.89,5.56
,,,,,46143,9,1681.21,5.56
,,,,,46143,12,1697.44,5.56
,,,,,46168,3,1660.05,6.95
,,,,,46168,6,1670.27,6.95
,,,,,46168,9,1684.71,6.95
,,,,,46168,12,1701.65,6.95
,,,,,46201,3,1124.86,5.51
,,,,,46201,6,1137.19,5.51
,,,,,46201,9,1151.72,5.51
,,,,,46201,12,1170.88,5.51
,,,,,46202,3,1469.01,6.66
,,,,,46202,6,1469.84,6.66
,,,,,46202,9,1479.55,6.66
,,,,,46202,12,1490.28,6.66
,,,,,46203,3,1399.29,9.66
,,,,,46203,6,1416.95,9.66
,,,,,46203,9,1432.2,9.66
,,,,,46203,12,1446.18,9.66
,,,,,46204,3,1605.36,6.76
,,,,,46204,6,1619.48,6.76
,,,,,46204,9,1621.7,6.76
,,,,,46204,12,1621.98,6.76
,,,,,46205,3,1247.22,7.95
,,,,,46205,6,1264.73,7.95
,,,,,46205,9,1279.53,7.95
,,,,,46205,12,1289.12,7.95
,,,,,46208,3,1256.22,13.78
,,,,,46208,6,1267.88,13.78
,,,,,46208,9,1293.37,13.78
,,,,,46208,12,1311.8,13.78
,,,,,46214,3,1218.17,18.53
,,,,,46214,6,1232.22,18.53
,,,,,46214,9,1243.64,18.53
,,,,,46214,12,1246.22,18.53
,,,,,46216,3,1522.22,0.03
,,,,,46216,6,1522.22,0.03
,,,,,46216,9,1522.22,0.03
,,,,,46216,12,1522.12,0.03
,,,,,46217,3,1623.88,14.71
,,,,,46217,6,1648.43,14.71
,,,,,46217,9,1653.91,14.71
,,,,,46217,12,1678.71,14.71
,,,,,46218,3,1019.88,7.54
,,,,,46218,6,1024.9,7.54
,,,,,46218,9,1037.58,7.54
,,,,,46218,12,1050.8,7.54
,,,,,46219,3,980.16,5.2
,,,,,46219,6,997.57,5.2
,,,,,46219,9,1008.53,5.2
,,,,,46219,12,1023.77,5.2
,,,,,46220,3,1458.55,9.13
,,,,,46220,6,1468.06,9.13
,,,,,46220,9,1476.08,9.13
,,,,,46220,12,1493.65,9.13
,,,,,46221,3,1423.35,10.96
,,,,,46221,6,1438.69,10.96
,,,,,46221,9,1456.54,10.96
,,,,,46221,12,1475.62,10.96
,,,,,46222,3,1146.25,9.47
,,,,,46222,6,1165.68,9.47
,,,,,46222,9,1187.85,9.47
,,,,,46222,12,1205.25,9.47
,,,,,46224,3,1090.84,11.34
,,,,,46224,6,1103.5,11.34
,,,,,46224,9,1102.59,11.34
,,,,,46224,12,1120.02,11.34
,,,,,46226,3,1212.36,7.98
,,,,,46226,6,1223.41,7.98
,,,,,46226,9,1236.77,7.98
,,,,,46226,12,1250.11,7.98
,,,,,46227,3,1269.73,7.81
,,,,,46227,6,1286.44,7.81
,,,,,46227,9,1297.15,7.81
,,,,,46227,12,1303.04,7.81
,,,,,46229,3,1636.92,11.48
,,,,,46229,6,1656.28,11.48
,,,,,46229,9,1673.44,11.48
,,,,,46229,12,1693.01,11.48
,,,,,46231,3,1744.4,28.52
,,,,,46231,6,1720.33,28.52
,,,,,46231,9,1781.71,28.52
,,,,,46231,12,1852.46,28.52
,,,,,46234,3,1913.02,25.57
,,,,,46234,6,1939.87,25.57
,,,,,46234,9,1948.91,25.57
,,,,,46234,12,1965.8,25.57
,,,,,46235,3,1676.3,7.56
,,,,,46235,6,1705.37,7.56
,,,,,46235,9,1725.49,7.56
,,,,,46235,12,1755.95,7.56
,,,,,46236,3,1894.92,20.86
,,,,,46236,6,1915.1,20.86
,,,,,46236,9,1943.84,20.86
,,,,,46236,12,1963.11,20.86
,,,,,46237,3,1760.98,10.58
,,,,,46237,6,1776.07,10.58
,,,,,46237,9,1793.46,10.58
,,,,,46237,12,1801.69,10.58
,,,,,46239,3,1927.62,13.34
,,,,,46239,6,1960.98,13.34
,,,,,46239,9,1992.49,13.34
,,,,,46239,12,2017.77,13.34
,,,,,46240,3,1432.95,5.11
,,,,,46240,6,1446.19,5.11
,,,,,46240,9,1462.37,5.11
,,,,,46240,12,1470.55,5.11
,,,,,46241,3,1173.45,11.62
,,,,,46241,6,1195.31,11.62
,,,,,46241,9,1203.1,11.62
,,,,,46241,12,1222.37,11.62
,,,,,46250,3,1299.82,10.33
,,,,,46250,6,1302.96,10.33
,,,,,46250,9,1294.33,10.33
,,,,,46250,12,1313.05,10.33
,,,,,46254,3,1374.28,12.71
,,,,,46254,6,1400.43,12.71
,,,,,46254,9,1426.39,12.71
,,,,,46254,12,1446.36,12.71
,,,,,46256,3,1301.49,15.72
,,,,,46256,6,1304.51,15.72
,,,,,46256,9,1293.89,15.72
,,,,,46256,12,1289.96,15.72
,,,,,46260,3,1216.15,10.18
,,,,,46260,6,1222.25,10.18
,,,,,46260,9,1226.88,10.18
,,,,,46260,12,1206.96,10.18
,,,,,46268,3,1524.21,12.18
,,,,,46268,6,1538.35,12.18
,,,,,46268,9,1566.32,12.18
,,,,,46268,12,1585.63,12.18
,,,,,46307,3,1873.53,19.38
,,,,,46307,6,1838.15,19.38
,,,,,46307,9,1901.76,19.38
,,,,,46307,12,1892.79,19.38
,,,,,46312,3,973.14,9.52
,,,,,46312,6,978.81,9.52
,,,,,46312,9,1006.65,9.52
,,,,,46312,12,1015.1,9.52
,,,,,46320,3,1243.33,17.14
,,,,,46320,6,1248.25,17.14
,,,,,46320,9,1247.03,17.14
,,,,,46320,12,1299.09,17.14
,,,,,46322,3,1482.12,10.43
,,,,,46322,6,1510.71,10.43
,,,,,46322,9,1547.09,10.43
,,,,,46322,12,1533.15,10.43
,,,,,46324,3,1386.93,15.1
,,,,,46324,6,1401.63,15.1
,,,,,46324,9,1406.45,15.1
,,,,,46324,12,1424.47,15.1
,,,,,46342,3,1273.34,10.68
,,,,,46342,6,1289.75,10.68
,,,,,46342,9,1263.06,10.68
,,,,,46342,12,1262.1,10.68
,,,,,46360,3,1259.39,7.71
,,,,,46360,6,1279.95,7.71
,,,,,46360,9,1295.16,7.71
,,,,,46360,12,1319.38,7.71
,,,,,46368,3,1438.28,8.44
,,,,,46368,6,1447.48,8.44
,,,,,46368,9,1459.45,8.44
,,,,,46368,12,1469.35,8.44
,,,,,46383,3,1320.85,11.8
,,,,,46383,6,1362.07,11.8
,,,,,46383,9,1367.88,11.8
,,,,,46383,12,1380.51,11.8
,,,,,46409,3,1130.65,12.59
,,,,,46409,6,1130.65,12.59
,,,,,46409,9,1130.65,12.59
,,,,,46409,12,1168.57,12.59
,,,,,46410,3,1493.47,8.67
,,,,,46410,6,1486.5,8.67
,,,,,46410,9,1483.14,8.67
,,,,,46410,12,1492.26,8.67
,,,,,46544,3,955.18,9.15
,,,,,46544,6,986.86,9.15
,,,,,46544,9,967.33,9.15
,,,,,46544,12,967.49,9.15
,,,,,46545,3,1264.72,12.54
,,,,,46545,6,1286.35,12.54
,,,,,46545,9,1253.83,12.54
,,,,,46545,12,1306.4,12.54
,,,,,46613,3,1083.55,15.71
,,,,,46613,6,1122.03,15.71
,,,,,46613,9,1146.12,15.71
,,,,,46613,12,1136.56,15.71
,,,,,46614,3,1312.39,18.69
,,,,,46614,6,1349.77,18.69
,,,,,46614,9,1337.15,18.69
,,,,,46614,12,1374.05,18.69
,,,,,46615,3,1102.52,14.44
,,,,,46615,6,1126.59,14.44
,,,,,46615,9,1131.95,14.44
,,,,,46615,12,1145.55,14.44
,,,,,46616,3,1213.57,12.06
,,,,,46616,6,1241.51,12.06
,,,,,46616,9,1271.74,12.06
,,,,,46616,12,1293.42,12.06
,,,,,46617,3,1697.41,19.08
,,,,,46617,6,1693.35,19.08
,,,,,46617,9,1702.86,19.08
,,,,,46617,12,1704.94,19.08
,,,,,46628,3,1194.52,15.86
,,,,,46628,6,1227.39,15.86
,,,,,46628,9,1222.93,15.86
,,,,,46628,12,1223.81,15.86
,,,,,46802,3,1076.9,5
,,,,,46802,6,1095.5,5
,,,,,46802,9,1104.3,5
,,,,,46802,12,1115.58,5
,,,,,46805,3,976.38,7.24
,,,,,46805,6,980.19,7.24
,,,,,46805,9,985.16,7.24
,,,,,46805,12,996.59,7.24
,,,,,46806,3,907.66,8.14
,,,,,46806,6,896.82,8.14
,,,,,46806,9,913.54,8.14
,,,,,46806,12,927.34,8.14
,,,,,46807,3,922.73,8.77
,,,,,46807,6,923.94,8.77
,,,,,46807,9,939.75,8.77
,,,,,46807,12,945.38,8.77
,,,,,46808,3,1031.02,13.95
,,,,,46808,6,1040.44,13.95
,,,,,46808,9,1048.92,13.95
,,,,,46808,12,1068.59,13.95
,,,,,46818,3,1666.77,13.91
,,,,,46818,6,1669.29,13.91
,,,,,46818,9,1669.08,13.91
,,,,,46818,12,1666.26,13.91
,,,,,46825,3,1322.4,12.74
,,,,,46825,6,1314.3,12.74
,,,,,46825,9,1316.04,12.74
,,,,,46825,12,1330.61,12.74
,,,,,46835,3,1206.23,8.44
,,,,,46835,6,1281.94,8.44
,,,,,46835,9,1341.06,8.44
,,,,,46835,12,1405.35,8.44
,,,,,46901,3,987.67,8.4
,,,,,46901,6,1016.35,8.4
,,,,,46901,9,1049.55,8.4
,,,,,46901,12,1075.45,8.4
,,,,,46902,3,1090.64,13.04
,,,,,46902,6,1144.85,13.04
,,,,,46902,9,1187.46,13.04
,,,,,46902,12,1180.94,13.04
,,,,,47130,3,1436.06,9.08
,,,,,47130,6,1459.46,9.08
,,,,,47130,9,1465.9,9.08
,,,,,47130,12,1469.43,9.08
,,,,,47150,3,1184.06,7.09
,,,,,47150,6,1194.53,7.09
,,,,,47150,9,1193.96,7.09
,,,,,47150,12,1200.2,7.09
,,,,,47201,3,1305.57,7.19
,,,,,47201,6,1311.38,7.19
,,,,,47201,9,1318.99,7.19
,,,,,47201,12,1329.42,7.19
,,,,,47302,3,862.31,9.78
,,,,,47302,6,860.56,9.78
,,,,,47302,9,890.65,9.78
,,,,,47302,12,906.87,9.78
,,,,,47303,3,934.02,5.93
,,,,,47303,6,945.06,5.93
,,,,,47303,9,950.68,5.93
,,,,,47303,12,954.09,5.93
,,,,,47304,3,1135.72,8.38
,,,,,47304,6,1148.46,8.38
,,,,,47304,9,1163.14,8.38
,,,,,47304,12,1179.22,8.38
,,,,,47305,3,752,2.21
,,,,,47305,6,752,2.21
,,,,,47305,9,752,2.21
,,,,,47305,12,759.99,2.21
,,,,,47401,3,1736.56,8.92
,,,,,47401,6,1752.94,8.92
,,,,,47401,9,1770.03,8.92
,,,,,47401,12,1782.81,8.92
,,,,,47403,3,1309.8,10.8
,,,,,47403,6,1317.75,10.8
,,,,,47403,9,1320.39,10.8
,,,,,47403,12,1315.68,10.8
,,,,,47404,3,1704.2,15.48
,,,,,47404,6,1706.02,15.48
,,,,,47404,9,1722.13,15.48
,,,,,47404,12,1740.84,15.48
,,,,,47408,3,2361.07,16.57
,,,,,47408,6,2410.43,16.57
,,,,,47408,9,2441.27,16.57
,,,,,47408,12,2477.63,16.57
,,,,,47630,3,1598.61,0
,,,,,47630,6,1598.61,0
,,,,,47630,9,1598.61,0
,,,,,47630,12,1598.61,0
,,,,,47711,3,913.91,8.33
,,,,,47711,6,914.22,8.33
,,,,,47711,9,944.37,8.33
,,,,,47711,12,958.13,8.33
,,,,,47713,3,877.75,11.08
,,,,,47713,6,876.98,11.08
,,,,,47713,9,849.91,11.08
,,,,,47713,12,902.57,11.08
,,,,,47714,3,926.24,14.89
,,,,,47714,6,939.54,14.89
,,,,,47714,9,938.63,14.89
,,,,,47714,12,947.11,14.89
,,,,,47802,3,873.33,8.75
,,,,,47802,6,874.27,8.75
,,,,,47802,9,898.97,8.75
,,,,,47802,12,918.16,8.75
,,,,,47803,3,1218.38,14.16
,,,,,47803,6,1242.13,14.16
,,,,,47803,9,1235.68,14.16
,,,,,47803,12,1257.57,14.16
,,,,,47807,3,787.81,8.06
,,,,,47807,6,802.28,8.06
,,,,,47807,9,812.28,8.06
,,,,,47807,12,830.77,8.06
,,,,,47901,3,3019.12,34.43
,,,,,47901,6,3059.22,34.43
,,,,,47901,9,3150.43,34.43
,,,,,47901,12,3221.01,34.43
,,,,,47904,3,1024.93,5.32
,,,,,47904,6,1031.03,5.32
,,,,,47904,9,1055.89,5.32
,,,,,47904,12,1061.67,5.32
,,,,,47905,3,1098.8,8.64
,,,,,47905,6,1107.87,8.64
,,,,,47905,9,1126.26,8.64
,,,,,47905,12,1140.86,8.64
,,,,,47906,3,1938.53,13.69
,,,,,47906,6,1951.13,13.69
,,,,,47906,9,1981.37,13.69
,,,,,47906,12,2000.31,13.69
,,,,,47909,3,1588.51,11.08
,,,,,47909,6,1606.02,11.08
,,,,,47909,9,1617.89,11.08
,,,,,47909,12,1624.42,11.08
,,,,,47933,3,1010.85,6.54
,,,,,47933,6,1044.76,6.54
,,,,,47933,9,1081.6,6.54
,,,,,47933,12,1088.52,6.54
,,,,,48009,3,2624.73,34.61
,,,,,48009,6,2636.45,34.61
,,,,,48009,9,2656.49,34.61
,,,,,48009,12,2687.58,34.61
,,,,,48021,3,1356.77,12.28
,,,,,48021,6,1375.14,12.28
,,,,,48021,9,1391.08,12.28
,,,,,48021,12,1399,12.28
,,,,,48030,3,1483.07,12.97
,,,,,48030,6,1497.6,12.97
,,,,,48030,9,1521.27,12.97
,,,,,48030,12,1539.78,12.97
,,,,,48033,3,1553.8,18.02
,,,,,48033,6,1545.61,18.02
,,,,,48033,9,1554.79,18.02
,,,,,48033,12,1546.26,18.02
,,,,,48034,3,1413.79,17.05
,,,,,48034,6,1375.21,17.05
,,,,,48034,9,1364.37,17.05
,,,,,48034,12,1379.79,17.05
,,,,,48035,3,1145.19,7.88
,,,,,48035,6,1146.06,7.88
,,,,,48035,9,1144.96,7.88
,,,,,48035,12,1158.45,7.88
,,,,,48036,3,1178.47,8.05
,,,,,48036,6,1178.47,8.05
,,,,,48036,9,1155.54,8.05
,,,,,48036,12,1173.93,8.05
,,,,,48038,3,1295.15,6.3
,,,,,48038,6,1319.35,6.3
,,,,,48038,9,1325.11,6.3
,,,,,48038,12,1339.49,6.3
,,,,,48045,3,1355.71,15.15
,,,,,48045,6,1343.95,15.15
,,,,,48045,9,1360.41,15.15
,,,,,48045,12,1361.48,15.15
,,,,,48060,3,1093.87,8.74
,,,,,48060,6,1119.21,8.74
,,,,,48060,9,1130.23,8.74
,,,,,48060,12,1129.89,8.74
,,,,,48066,3,1298.62,5.72
,,,,,48066,6,1310.82,5.72
,,,,,48066,9,1323.13,5.72
,,,,,48066,12,1335.87,5.72
,,,,,48067,3,2195.96,5.72
,,,,,48067,6,2213.04,5.72
,,,,,48067,9,2232.25,5.72
,,,,,48067,12,2253.84,5.72
,,,,,48071,3,1546.22,9.54
,,,,,48071,6,1556.34,9.54
,,,,,48071,9,1568.23,9.54
,,,,,48071,12,1586.39,9.54
,,,,,48073,3,1950.91,15.05
,,,,,48073,6,1979.67,15.05
,,,,,48073,9,2003.54,15.05
,,,,,48073,12,2008.21,15.05
,,,,,48075,3,1569.47,3.6
,,,,,48075,6,1569.6,3.6
,,,,,48075,9,1569.59,3.6
,,,,,48075,12,1567.34,3.6
,,,,,48076,3,1638.67,14.98
,,,,,48076,6,1642.94,14.98
,,,,,48076,9,1645.51,14.98
,,,,,48076,12,1649.61,14.98
,,,,,48083,3,1547.94,10.66
,,,,,48083,6,1574.53,10.66
,,,,,48083,9,1587.95,10.66
,,,,,48083,12,1602.47,10.66
,,,,,48084,3,1751.35,9.7
,,,,,48084,6,1771.59,9.7
,,,,,48084,9,1778.39,9.7
,,,,,48084,12,1785.91,9.7
,,,,,48089,3,1266.43,6.32
,,,,,48089,6,1281.89,6.32
,,,,,48089,9,1294.28,6.32
,,,,,48089,12,1308.17,6.32
,,,,,48091,3,1289.99,8.5
,,,,,48091,6,1296.12,8.5
,,,,,48091,9,1300.08,8.5
,,,,,48091,12,1309.18,8.5
,,,,,48093,3,1480.28,9.41
,,,,,48093,6,1481.81,9.41
,,,,,48093,9,1481.46,9.41
,,,,,48093,12,1487.36,9.41
,,,,,48098,3,2027.76,11.38
,,,,,48098,6,2029.37,11.38
,,,,,48098,9,2029.5,11.38
,,,,,48098,12,2090.4,11.38
,,,,,48103,3,2157.48,13.11
,,,,,48103,6,2180.78,13.11
,,,,,48103,9,2199.44,13.11
,,,,,48103,12,2223.2,13.11
,,,,,48104,3,2406.14,18.14
,,,,,48104,6,2428.16,18.14
,,,,,48104,9,2460.53,18.14
,,,,,48104,12,2478.69,18.14
,,,,,48105,3,2385.11,9.09
,,,,,48105,6,2403.14,9.09
,,,,,48105,9,2418.85,9.09
,,,,,48105,12,2429.25,9.09
,,,,,48108,3,1953.03,13.81
,,,,,48108,6,1952.54,13.81
,,,,,48108,9,2004.73,13.81
,,,,,48108,12,1997.87,13.81
,,,,,48124,3,1697.46,11.53
,,,,,48124,6,1759.32,11.53
,,,,,48124,9,1830.9,11.53
,,,,,48124,12,1904.07,11.53
,,,,,48125,3,1486.81,21.28
,,,,,48125,6,1488.23,21.28
,,,,,48125,9,1507.31,21.28
,,,,,48125,12,1518.88,21.28
,,,,,48126,3,1779.11,19.04
,,,,,48126,6,1784.44,19.04
,,,,,48126,9,1770.12,19.04
,,,,,48126,12,1778.9,19.04
,,,,,48127,3,1584.46,13.06
,,,,,48127,6,1601,13.06
,,,,,48127,9,1565.27,13.06
,,,,,48127,12,1552.67,13.06
,,,,,48141,3,1251.85,19.78
,,,,,48141,6,1267.87,19.78
,,,,,48141,9,1274.34,19.78
,,,,,48141,12,1280.86,19.78
,,,,,48146,3,1224.43,11.71
,,,,,48146,6,1236.81,11.71
,,,,,48146,9,1248.53,11.71
,,,,,48146,12,1269.87,11.71
,,,,,48152,3,1673.82,4.57
,,,,,48152,6,1673.82,4.57
,,,,,48152,9,1673.82,4.57
,,,,,48152,12,1685.28,4.57
,,,,,48167,3,1706.42,12.16
,,,,,48167,6,1726.43,12.16
,,,,,48167,9,1736.54,12.16
,,,,,48167,12,1742.01,12.16
,,,,,48170,3,1639.45,21.22
,,,,,48170,6,1626.2,21.22
,,,,,48170,9,1639.62,21.22
,,,,,48170,12,1656.73,21.22
,,,,,48180,3,1453.19,9.04
,,,,,48180,6,1460,9.04
,,,,,48180,9,1474.7,9.04
,,,,,48180,12,1496.44,9.04
,,,,,48185,3,1259.97,3.6
,,,,,48185,6,1264.07,3.6
,,,,,48185,9,1271.32,3.6
,,,,,48185,12,1278.07,3.6
,,,,,48186,3,1252.87,9.14
,,,,,48186,6,1268.56,9.14
,,,,,48186,9,1272.91,9.14
,,,,,48186,12,1274.87,9.14
,,,,,48187,3,1783.75,15.3
,,,,,48187,6,1778.06,15.3
,,,,,48187,9,1774.27,15.3
,,,,,48187,12,1764.12,15.3
,,,,,48188,3,2203.52,18.98
,,,,,48188,6,2208.12,18.98
,,,,,48188,9,2205.39,18.98
,,,,,48188,12,2227.17,18.98
,,,,,48192,3,1148.21,9.2
,,,,,48192,6,1170.44,9.2
,,,,,48192,9,1189.28,9.2
,,,,,48192,12,1201.27,9.2
,,,,,48195,3,1707.27,15.3
,,,,,48195,6,1700.79,15.3
,,,,,48195,9,1694.79,15.3
,,,,,48195,12,1706.36,15.3
,,,,,48197,3,1428.65,8.42
,,,,,48197,6,1436.44,8.42
,,,,,48197,9,1443.2,8.42
,,,,,48197,12,1462.23,8.42
,,,,,48198,3,1842.94,11.03
,,,,,48198,6,1863.16,11.03
,,,,,48198,9,1870.39,11.03
,,,,,48198,12,1875.58,11.03
,,,,,48201,3,1488.54,12.13
,,,,,48201,6,1486.4,12.13
,,,,,48201,9,1487.68,12.13
,,,,,48201,12,1501.23,12.13
,,,,,48202,3,1390.81,15.95
,,,,,48202,6,1421.27,15.95
,,,,,48202,9,1436.41,15.95
,,,,,48202,12,1437.74,15.95
,,,,,48204,3,1058.93,23.7
,,,,,48204,6,1076.6,23.7
,,,,,48204,9,1054.67,23.7
,,,,,48204,12,1114.4,23.7
,,,,,48205,3,1334.11,14.64
,,,,,48205,6,1334.2,14.64
,,,,,48205,9,1342.01,14.64
,,,,,48205,12,1362.06,14.64
,,,,,48206,3,1167.92,24.79
,,,,,48206,6,1163.84,24.79
,,,,,48206,9,1181.61,24.79
,,,,,48206,12,1187.37,24.79
,,,,,48207,3,1547.77,17.08
,,,,,48207,6,1540.12,17.08
,,,,,48207,9,1546.86,17.08
,,,,,48207,12,1551.1,17.08
,,,,,48214,3,1224.93,20.73
,,,,,48214,6,1224.57,20.73
,,,,,48214,9,1231.81,20.73
,,,,,48214,12,1242.8,20.73
,,,,,48216,3,1713.3,17.24
,,,,,48216,6,1694.66,17.24
,,,,,48216,9,1716.52,17.24
,,,,,48216,12,1704.27,17.24
,,,,,48219,3,1279.66,10.33
,,,,,48219,6,1300.76,10.33
,,,,,48219,9,1303.63,10.33
,,,,,48219,12,1329.51,10.33
,,,,,48220,3,1687.3,16.71
,,,,,48220,6,1703.65,16.71
,,,,,48220,9,1722.72,16.71
,,,,,48220,12,1758.77,16.71
,,,,,48221,3,1341.29,15.61
,,,,,48221,6,1320.93,15.61
,,,,,48221,9,1325.94,15.61
,,,,,48221,12,1363.47,15.61
,,,,,48224,3,1222.74,7.41
,,,,,48224,6,1232.58,7.41
,,,,,48224,9,1234.64,7.41
,,,,,48224,12,1238.53,7.41
,,,,,48225,3,1258.63,20.33
,,,,,48225,6,1262.45,20.33
,,,,,48225,9,1266.91,20.33
,,,,,48225,12,1269.9,20.33
,,,,,48226,3,1832.68,9.6
,,,,,48226,6,1829.7,9.6
,,,,,48226,9,1842.81,9.6
,,,,,48226,12,1839.28,9.6
,,,,,48227,3,1185.51,15.97
,,,,,48227,6,1190.79,15.97
,,,,,48227,9,1213.93,15.97
,,,,,48227,12,1212.92,15.97
,,,,,48228,3,1106.04,11.56
,,,,,48228,6,1116.67,11.56
,,,,,48228,9,1126.33,11.56
,,,,,48228,12,1139.27,11.56
,,,,,48230,3,1483.13,16.16
,,,,,48230,6,1498.79,16.16
,,,,,48230,9,1571.51,16.16
,,,,,48230,12,1557.42,16.16
,,,,,48234,3,1252.44,13.61
,,,,,48234,6,1255.67,13.61
,,,,,48234,9,1244.74,13.61
,,,,,48234,12,1212.78,13.61
,,,,,48235,3,1190.05,13.63
,,,,,48235,6,1200.16,13.63
,,,,,48235,9,1221.12,13.63
,,,,,48235,12,1237.69,13.63
,,,,,48237,3,1481.64,12.56
,,,,,48237,6,1487.69,12.56
,,,,,48237,9,1496.51,12.56
,,,,,48237,12,1503.23,12.56
,,,,,48238,3,1087.46,6.76
,,,,,48238,6,1105.31,6.76
,,,,,48238,9,1126.56,6.76
,,,,,48238,12,1150.7,6.76
,,,,,48239,3,1454.48,26.52
,,,,,48239,6,1454.35,26.52
,,,,,48239,9,1509.24,26.52
,,,,,48239,12,1432.97,26.52
,,,,,48240,3,1461.22,14
,,,,,48240,6,1476.16,14
,,,,,48240,9,1475.35,14
,,,,,48240,12,1500.46,14
,,,,,48307,3,1777.7,15.07
,,,,,48307,6,1801.66,15.07
,,,,,48307,9,1822.71,15.07
,,,,,48307,12,1832.05,15.07
,,,,,48310,3,1585.98,12.63
,,,,,48310,6,1597.26,12.63
,,,,,48310,9,1606.84,12.63
,,,,,48310,12,1623.48,12.63
,,,,,48312,3,1874.42,17.27
,,,,,48312,6,1910.4,17.27
,,,,,48312,9,1961.98,17.27
,,,,,48312,12,1979.74,17.27
,,,,,48313,3,1510.85,4.58
,,,,,48313,6,1520.71,4.58
,,,,,48313,9,1505.33,4.58
,,,,,48313,12,1528.23,4.58
,,,,,48317,3,1343.46,11.44
,,,,,48317,6,1350.87,11.44
,,,,,48317,9,1348.07,11.44
,,,,,48317,12,1350.03,11.44
,,,,,48322,3,2089.83,14.66
,,,,,48322,6,2101.09,14.66
,,,,,48322,9,2115.67,14.66
,,,,,48322,12,2103.28,14.66
,,,,,48326,3,1563.36,19.55
,,,,,48326,6,1569.94,19.55
,,,,,48326,9,1579.14,19.55
,,,,,48326,12,1583.59,19.55
,,,,,48331,3,1714.2,24.35
,,,,,48331,6,1733.25,24.35
,,,,,48331,9,1802.39,24.35
,,,,,48331,12,1780.55,24.35
,,,,,48334,3,1598.14,12.95
,,,,,48334,6,1550.39,12.95
,,,,,48334,9,1576.28,12.95
,,,,,48334,12,1596.44,12.95
,,,,,48335,3,1102.61,8.16
,,,,,48335,6,1101.78,8.16
,,,,,48335,9,1103.2,8.16
,,,,,48335,12,1102.31,8.16
,,,,,48336,3,1646.2,18.06
,,,,,48336,6,1657.67,18.06
,,,,,48336,9,1663.38,18.06
,,,,,48336,12,1673.53,18.06
,,,,,48340,3,1131.92,12.48
,,,,,48340,6,1156.61,12.48
,,,,,48340,9,1144.47,12.48
,,,,,48340,12,1182.56,12.48
,,,,,48342,3,1186.92,0
,,,,,48342,6,1186.92,0
,,,,,48342,9,1186.92,0
,,,,,48342,12,1186.92,0
,,,,,48346,3,1550.37,14.69
,,,,,48346,6,1603.97,14.69
,,,,,48346,9,1659.08,14.69
,,,,,48346,12,1709.09,14.69
,,,,,48375,3,1749.13,12.8
,,,,,48375,6,1758.08,12.8
,,,,,48375,9,1748.5,12.8
,,,,,48375,12,1739.94,12.8
,,,,,48377,3,2007.29,14.92
,,,,,48377,6,2040.37,14.92
,,,,,48377,9,2075.11,14.92
,,,,,48377,12,2075.92,14.92
,,,,,48390,3,2055.96,11.17
,,,,,48390,6,2072.15,11.17
,,,,,48390,9,2074.35,11.17
,,,,,48390,12,2073.89,11.17
,,,,,48430,3,1582.53,12.53
,,,,,48430,6,1590.76,12.53
,,,,,48430,9,1601.06,12.53
,,,,,48430,12,1605.69,12.53
,,,,,48439,3,1337.63,12.74
,,,,,48439,6,1348.87,12.74
,,,,,48439,9,1344.83,12.74
,,,,,48439,12,1366.15,12.74
,,,,,48503,3,878.62,9.25
,,,,,48503,6,873.22,9.25
,,,,,48503,9,896.22,9.25
,,,,,48503,12,918.99,9.25
,,,,,48507,3,981.1,11.08
,,,,,48507,6,1017.72,11.08
,,,,,48507,9,1035.9,11.08
,,,,,48507,12,1056.56,11.08
,,,,,48602,3,996.88,5.71
,,,,,48602,6,1006.59,5.71
,,,,,48602,9,999.46,5.71
,,,,,48602,12,1032.37,5.71
,,,,,48603,3,1047.49,7.56
,,,,,48603,6,1057.7,7.56
,,,,,48603,9,1073.6,7.56
,,,,,48603,12,1089.53,7.56
,,,,,48642,3,1692.18,10.49
,,,,,48642,6,1723.03,10.49
,,,,,48642,9,1705.9,10.49
,,,,,48642,12,1768.18,10.49
,,,,,48823,3,1994.62,19.1
,,,,,48823,6,2055.13,19.1
,,,,,48823,9,2034.26,19.1
,,,,,48823,12,2071.91,19.1
,,,,,48842,3,1483.57,18.38
,,,,,48842,6,1497.63,18.38
,,,,,48842,9,1514.11,18.38
,,,,,48842,12,1478.5,18.38
,,,,,48843,3,1829.66,20.59
,,,,,48843,6,1843.55,20.59
,,,,,48843,9,1887.19,20.59
,,,,,48843,12,1831.38,20.59
,,,,,48858,3,888.11,27.19
,,,,,48858,6,873.83,27.19
,,,,,48858,9,875.47,27.19
,,,,,48858,12,873.04,27.19
,,,,,48906,3,1130.14,15.26
,,,,,48906,6,1187.25,15.26
,,,,,48906,9,1199.25,15.26
,,,,,48906,12,1200.65,15.26
,,,,,48910,3,1280.54,8.51
,,,,,48910,6,1278.7,8.51
,,,,,48910,9,1284.34,8.51
,,,,,48910,12,1299.07,8.51
,,,,,48911,3,962.08,10.29
,,,,,48911,6,936.86,10.29
,,,,,48911,9,970.75,10.29
,,,,,48911,12,983.79,10.29
,,,,,48912,3,1205.53,12.87
,,,,,48912,6,1199.79,12.87
,,,,,48912,9,1197.92,12.87
,,,,,48912,12,1219.5,12.87
,,,,,48917,3,1458.99,10.53
,,,,,48917,6,1483.3,10.53
,,,,,48917,9,1491.16,10.53
,,,,,48917,12,1511.52,10.53
,,,,,49006,3,1316.17,16.83
,,,,,49006,6,1354.05,16.83
,,,,,49006,9,1390.37,16.83
,,,,,49006,12,1423.72,16.83
,,,,,49007,3,1084.72,6.24
,,,,,49007,6,1091.22,6.24
,,,,,49007,9,1093.76,6.24
,,,,,49007,12,1099.13,6.24
,,,,,49008,3,1213.04,6.65
,,,,,49008,6,1220.31,6.65
,,,,,49008,9,1225.5,6.65
,,,,,49008,12,1228.67,6.65
,,,,,49009,3,1151.35,13.34
,,,,,49009,6,1154.55,13.34
,,,,,49009,9,1172.21,13.34
,,,,,49009,12,1177.38,13.34
,,,,,49015,3,1296.3,10.76
,,,,,49015,6,1299.13,10.76
,,,,,49015,9,1300.52,10.76
,,,,,49015,12,1304.98,10.76
,,,,,49085,3,1720.8,17.87
,,,,,49085,6,1710.08,17.87
,,,,,49085,9,1738.49,17.87
,,,,,49085,12,1764.32,17.87
,,,,,49201,3,1255.49,2.21
,,,,,49201,6,1255.49,2.21
,,,,,49201,9,1255.49,2.21
,,,,,49201,12,1263.49,2.21
,,,,,49203,3,1207.09,14.43
,,,,,49203,6,1206.79,14.43
,,,,,49203,9,1242.77,14.43
,,,,,49203,12,1273.88,14.43
,,,,,49417,3,1652.33,7.69
,,,,,49417,6,1655.54,7.69
,,,,,49417,9,1694.81,7.69
,,,,,49417,12,1720.41,7.69
,,,,,49418,3,1853.12,8.25
,,,,,49418,6,1853.65,8.25
,,,,,49418,9,1856.84,8.25
,,,,,49418,12,1878.5,8.25
,,,,,49423,3,1420.25,21.98
,,,,,49423,6,1460.38,21.98
,,,,,49423,9,1466.58,21.98
,,,,,49423,12,1528.14,21.98
,,,,,49424,3,1869.57,8.3
,,,,,49424,6,1869.54,8.3
,,,,,49424,9,1910.27,8.3
,,,,,49424,12,1896.41,8.3
,,,,,49441,3,1306.21,12.11
,,,,,49441,6,1277.06,12.11
,,,,,49441,9,1325.91,12.11
,,,,,49441,12,1358.99,12.11
,,,,,49442,3,1225.29,13.23
,,,,,49442,6,1238.68,13.23
,,,,,49442,9,1227.36,13.23
,,,,,49442,12,1257.22,13.23
,,,,,49503,3,1500.91,8.64
,,,,,49503,6,1526.12,8.64
,,,,,49503,9,1543.23,8.64
,,,,,49503,12,1564.93,8.64
,,,,,49504,3,1447.54,7.33
,,,,,49504,6,1466.44,7.33
,,,,,49504,9,1491.49,7.33
,,,,,49504,12,1506.03,7.33
,,,,,49505,3,1598.36,12.07
,,,,,49505,6,1620.04,12.07
,,,,,49505,9,1636.54,12.07
,,,,,49505,12,1645.95,12.07
,,,,,49506,3,1882.48,10.4
,,,,,49506,6,1889.85,10.4
,,,,,49506,9,1912.77,10.4
,,,,,49506,12,1938.1,10.4
,,,,,49507,3,1614.74,11.54
,,,,,49507,6,1639.55,11.54
,,,,,49507,9,1660.76,11.54
,,,,,49507,12,1679.98,11.54
,,,,,49508,3,1666.87,7.25
,,,,,49508,6,1666.87,7.25
,,,,,49508,9,1666.87,7.25
,,,,,49508,12,1702.6,7.25
,,,,,49512,3,1587.03,3.85
,,,,,49512,6,1587.03,3.85
,,,,,49512,9,1587.03,3.85
,,,,,49512,12,1572.89,3.85
,,,,,49519,3,1349.65,19.03
,,,,,49519,6,1368.04,19.03
,,,,,49519,9,1386.71,19.03
,,,,,49519,12,1399.54,19.03
,,,,,49525,3,1928.31,10.94
,,,,,49525,6,1969.35,10.94
,,,,,49525,9,2018.97,10.94
,,,,,49525,12,2056.95,10.94
,,,,,49546,3,2233.74,7.96
,,,,,49546,6,2364.72,7.96
,,,,,49546,9,2487.99,7.96
,,,,,49546,12,2637.79,7.96
,,,,,49855,3,1528.37,22.99
,,,,,49855,6,1554.35,22.99
,,,,,49855,9,1594.57,22.99
,,,,,49855,12,1664.42,22.99
,,,,,50009,3,1227.6,17.26
,,,,,50009,6,1227.82,17.26
,,,,,50009,9,1226.86,17.26
,,,,,50009,12,1257.69,17.26
,,,,,50010,3,1177.39,6.94
,,,,,50010,6,1181.57,6.94
,,,,,50010,9,1187.65,6.94
,,,,,50010,12,1195.37,6.94
,,,,,50014,3,1024.45,12.88
,,,,,50014,6,1028.87,12.88
,,,,,50014,9,992.64,12.88
,,,,,50014,12,1035.07,12.88
,,,,,50021,3,1686.42,10.17
,,,,,50021,6,1684.6,10.17
,,,,,50021,9,1694.14,10.17
,,,,,50021,12,1706.67,10.17
,,,,,50023,3,1559.18,7.23
,,,,,50023,6,1565.11,7.23
,,,,,50023,9,1587.21,7.23
,,,,,50023,12,1597.16,7.23
,,,,,50111,3,1519.81,5.13
,,,,,50111,6,1512.38,5.13
,,,,,50111,9,1494.31,5.13
,,,,,50111,12,1497.56,5.13
,,,,,50219,3,1083.19,0
,,,,,50219,6,1083.19,0
,,,,,50219,9,1083.19,0
,,,,,50219,12,1083.19,0
,,,,,50263,3,1454.74,10.65
,,,,,50263,6,1460.77,10.65
,,,,,50263,9,1472.99,10.65
,,,,,50263,12,1472.69,10.65
,,,,,50265,3,1258.69,12.1
,,,,,50265,6,1265.33,12.1
,,,,,50265,9,1286.47,12.1
,,,,,50265,12,1284.94,12.1
,,,,,50266,3,1438.51,3.14
,,,,,50266,6,1443.78,3.14
,,,,,50266,9,1454.36,3.14
,,,,,50266,12,1461.46,3.14
,,,,,50309,3,1291.91,6.33
,,,,,50309,6,1290.62,6.33
,,,,,50309,9,1291.85,6.33
,,,,,50309,12,1298.87,6.33
,,,,,50310,3,1010.04,5.95
,,,,,50310,6,1019.18,5.95
,,,,,50310,9,1023,5.95
,,,,,50310,12,1026.77,5.95
,,,,,50311,3,972.83,10.06
,,,,,50311,6,972.1,10.06
,,,,,50311,9,978.61,10.06
,,,,,50311,12,989.49,10.06
,,,,,50312,3,988.98,9.19
,,,,,50312,6,1007.95,9.19
,,,,,50312,9,1000.71,9.19
,,,,,50312,12,1025.7,9.19
,,,,,50314,3,896.91,0
,,,,,50314,6,896.91,0
,,,,,50314,9,896.91,0
,,,,,50314,12,896.91,0
,,,,,50315,3,1008.33,6.96
,,,,,50315,6,1016.8,6.96
,,,,,50315,9,1027.82,6.96
,,,,,50315,12,1031.13,6.96
,,,,,50317,3,1372.13,16.78
,,,,,50317,6,1366.37,16.78
,,,,,50317,9,1420.54,16.78
,,,,,50317,12,1409.42,16.78
,,,,,50321,3,823.28,10.56
,,,,,50321,6,819.82,10.56
,,,,,50321,9,829.35,10.56
,,,,,50321,12,779.38,10.56
,,,,,50322,3,1172.86,4.86
,,,,,50322,6,1187.68,4.86
,,,,,50322,9,1197.1,4.86
,,,,,50322,12,1206.07,4.86
,,,,,50613,3,1196.87,9.8
,,,,,50613,6,1202.38,9.8
,,,,,50613,9,1212.35,9.8
,,,,,50613,12,1220.17,9.8
,,,,,50701,3,860.36,5.99
,,,,,50701,6,870.02,5.99
,,,,,50701,9,879.25,5.99
,,,,,50701,12,886.98,5.99
,,,,,50702,3,809.93,4.77
,,,,,50702,6,822.89,4.77
,,,,,50702,9,834.85,4.77
,,,,,50702,12,842.71,4.77
,,,,,50703,3,879.77,8.62
,,,,,50703,6,893.02,8.62
,,,,,50703,9,879.31,8.62
,,,,,50703,12,888.18,8.62
,,,,,51501,3,1314.05,8.8
,,,,,51501,6,1333.48,8.8
,,,,,51501,9,1351.95,8.8
,,,,,51501,12,1372.85,8.8
,,,,,51503,3,1178.09,11.73
,,,,,51503,6,1190.49,11.73
,,,,,51503,9,1225.05,11.73
,,,,,51503,12,1245.5,11.73
,,,,,52001,3,945.66,7.66
,,,,,52001,6,960.82,7.66
,,,,,52001,9,965.43,7.66
,,,,,52001,12,978.08,7.66
,,,,,52240,3,1574.05,13.03
,,,,,52240,6,1588.8,13.03
,,,,,52240,9,1613.24,13.03
,,,,,52240,12,1628.35,13.03
,,,,,52241,3,1161.98,5.29
,,,,,52241,6,1175.31,5.29
,,,,,52241,9,1183.68,5.29
,,,,,52241,12,1198.18,5.29
,,,,,52245,3,1858.22,9.61
,,,,,52245,6,1854.83,9.61
,,,,,52245,9,1884.38,9.61
,,,,,52245,12,1893.98,9.61
,,,,,52246,3,1707.62,8.12
,,,,,52246,6,1718.69,8.12
,,,,,52246,9,1737.42,8.12
,,,,,52246,12,1765.49,8.12
,,,,,52302,3,983.85,7.23
,,,,,52302,6,999.15,7.23
,,,,,52302,9,1005.68,7.23
,,,,,52302,12,1019.27,7.23
,,,,,52317,3,1445.22,12.24
,,,,,52317,6,1474.82,12.24
,,,,,52317,9,1472.18,12.24
,,,,,52317,12,1496.7,12.24
,,,,,52402,3,1052.75,8.58
,,,,,52402,6,1062.82,8.58
,,,,,52402,9,1064.2,8.58
,,,,,52402,12,1069.66,8.58
,,,,,52403,3,1103.18,10.8
,,,,,52403,6,1148.79,10.8
,,,,,52403,9,1140.52,10.8
,,,,,52403,12,1158.29,10.8
,,,,,52404,3,1127.98,12.55
,,,,,52404,6,1145.2,12.55
,,,,,52404,9,1156.51,12.55
,,,,,52404,12,1166.51,12.55
,,,,,52405,3,1157.72,9.54
,,,,,52405,6,1196.16,9.54
,,,,,52405,9,1216.9,9.54
,,,,,52405,12,1267.74,9.54
,,,,,52722,3,1409.5,5.31
,,,,,52722,6,1424.69,5.31
,,,,,52722,9,1437.59,5.31
,,,,,52722,12,1446.21,5.31
,,,,,52803,3,1009.15,6.15
,,,,,52803,6,1008.1,6.15
,,,,,52803,9,1012.87,6.15
,,,,,52803,12,1017.35,6.15
,,,,,52804,3,1078.81,8.83
,,,,,52804,6,1077.12,8.83
,,,,,52804,9,1116.25,8.83
,,,,,52804,12,1110.94,8.83
,,,,,52806,3,1107.22,6.95
,,,,,52806,6,1111.99,6.95
,,,,,52806,9,1118.76,6.95
,,,,,52806,12,1131.89,6.95
,,,,,52807,3,737.08,8.44
,,,,,52807,6,741.17,8.44
,,,,,52807,9,752.25,8.44
,,,,,52807,12,752.4,8.44
,,,,,53066,3,1591.05,10.34
,,,,,53066,6,1617.73,10.34
,,,,,53066,9,1644.42,10.34
,,,,,53066,12,1642.92,10.34
,,,,,53081,3,1065.68,10.06
,,,,,53081,6,1099.92,10.06
,,,,,53081,9,1087.71,10.06
,,,,,53081,12,1092.85,10.06
,,,,,53140,3,1390.93,10.7
,,,,,53140,6,1430.3,10.7
,,,,,53140,9,1469.32,10.7
,,,,,53140,12,1500.3,10.7
,,,,,53142,3,1955.34,22.03
,,,,,53142,6,2010.2,22.03
,,,,,53142,9,1990.86,22.03
,,,,,53142,12,1980.95,22.03
,,,,,53172,3,1248.01,18.98
,,,,,53172,6,1227.54,18.98
,,,,,53172,9,1311.42,18.98
,,,,,53172,12,1303.89,18.98
,,,,,53186,3,1206.57,8.04
,,,,,53186,6,1224.7,8.04
,,,,,53186,9,1229.75,8.04
,,,,,53186,12,1251.09,8.04
,,,,,53202,3,1617.6,4.8
,,,,,53202,6,1626.26,4.8
,,,,,53202,9,1633.8,4.8
,,,,,53202,12,1640.12,4.8
,,,,,53204,3,1232.94,10.12
,,,,,53204,6,1247.3,10.12
,,,,,53204,9,1251.21,10.12
,,,,,53204,12,1268.18,10.12
,,,,,53205,3,1357.27,9.42
,,,,,53205,6,1403.77,9.42
,,,,,53205,9,1408,9.42
,,,,,53205,12,1417.25,9.42
,,,,,53206,3,957.24,9.08
,,,,,53206,6,954.98,9.08
,,,,,53206,9,953.11,9.08
,,,,,53206,12,943.19,9.08
,,,,,53207,3,1523.46,10.76
,,,,,53207,6,1553.54,10.76
,,,,,53207,9,1567.27,10.76
,,,,,53207,12,1583.99,10.76
,,,,,53208,3,1147.23,9.34
,,,,,53208,6,1153.03,9.34
,,,,,53208,9,1156.39,9.34
,,,,,53208,12,1162.94,9.34
,,,,,53209,3,1278.11,18.64
,,,,,53209,6,1284.25,18.64
,,,,,53209,9,1313.19,18.64
,,,,,53209,12,1342.79,18.64
,,,,,53210,3,1134.8,11.71
,,,,,53210,6,1127.88,11.71
,,,,,53210,9,1132.46,11.71
,,,,,53210,12,1132.81,11.71
,,,,,53211,3,1405.74,8.78
,,,,,53211,6,1422.45,8.78
,,,,,53211,9,1435.98,8.78
,,,,,53211,12,1437.79,8.78
,,,,,53212,3,1218.62,9.87
,,,,,53212,6,1230.4,9.87
,,,,,53212,9,1245.98,9.87
,,,,,53212,12,1259.29,9.87
,,,,,53213,3,1682.56,8.62
,,,,,53213,6,1695.77,8.62
,,,,,53213,9,1710.74,8.62
,,,,,53213,12,1716.1,8.62
,,,,,53214,3,1281.45,12.01
,,,,,53214,6,1302.67,12.01
,,,,,53214,9,1315.04,12.01
,,,,,53214,12,1322.59,12.01
,,,,,53215,3,931.75,6.23
,,,,,53215,6,931.29,6.23
,,,,,53215,9,936.87,6.23
,,,,,53215,12,948.88,6.23
,,,,,53216,3,1086.83,15.77
,,,,,53216,6,1102.81,15.77
,,,,,53216,9,1122.09,15.77
,,,,,53216,12,1148.71,15.77
,,,,,53217,3,1796.69,14.05
,,,,,53217,6,1803,14.05
,,,,,53217,9,1798.43,14.05
,,,,,53217,12,1834.92,14.05
,,,,,53218,3,1269.08,6.97
,,,,,53218,6,1289.84,6.97
,,,,,53218,9,1305.82,6.97
,,,,,53218,12,1324.44,6.97
,,,,,53219,3,1104.4,11.22
,,,,,53219,6,1108.64,11.22
,,,,,53219,9,1131.97,11.22
,,,,,53219,12,1154.02,11.22
,,,,,53222,3,1477.61,8.04
,,,,,53222,6,1517.58,8.04
,,,,,53222,9,1592.52,8.04
,,,,,53222,12,1666.52,8.04
,,,,,53224,3,1370.52,10.46
,,,,,53224,6,1385.31,10.46
,,,,,53224,9,1406.59,10.46
,,,,,53224,12,1425.23,10.46
,,,,,53225,3,1112.66,5.5
,,,,,53225,6,1122.92,5.5
,,,,,53225,9,1149.35,5.5
,,,,,53225,12,1159.62,5.5
,,,,,53226,3,1643.54,7.39
,,,,,53226,6,1689.52,7.39
,,,,,53226,9,1688.34,7.39
,,,,,53226,12,1703.89,7.39
,,,,,53233,3,960.4,23.18
,,,,,53233,6,1002.26,23.18
,,,,,53233,9,990.17,23.18
,,,,,53233,12,1014.88,23.18
,,,,,53235,3,1758.26,0
,,,,,53235,6,1758.26,0
,,,,,53235,9,1758.26,0
,,,,,53235,12,1758.26,0
,,,,,53403,3,1118.65,19.3
,,,,,53403,6,1102.28,19.3
,,,,,53403,9,1156.69,19.3
,,,,,53403,12,1189.52,19.3
,,,,,53406,3,1561.44,9.48
,,,,,53406,6,1570.49,9.48
,,,,,53406,9,1604.15,9.48
,,,,,53406,12,1629.17,9.48
,,,,,53511,3,1116.93,9.73
,,,,,53511,6,1130.15,9.73
,,,,,53511,9,1144.96,9.73
,,,,,53511,12,1161.01,9.73
,,,,,53532,3,1749.42,15.22
,,,,,53532,6,1811.56,15.22
,,,,,53532,9,1810.73,15.22
,,,,,53532,12,1862.96,15.22
,,,,,53562,3,1700.85,8.3
,,,,,53562,6,1715.57,8.3
,,,,,53562,9,1727.42,8.3
,,,,,53562,12,1741.98,8.3
,,,,,53590,3,1608.46,8.6
,,,,,53590,6,1622.41,8.6
,,,,,53590,9,1635.2,8.6
,,,,,53590,12,1645.68,8.6
,,,,,53593,3,2013.08,14.74
,,,,,53593,6,2010.53,14.74
,,,,,53593,9,2018.72,14.74
,,,,,53593,12,2034.13,14.74
,,,,,53703,3,1616.61,12
,,,,,53703,6,1649.74,12
,,,,,53703,9,1688.6,12
,,,,,53703,12,1713.04,12
,,,,,53704,3,1471.44,8.87
,,,,,53704,6,1488.41,8.87
,,,,,53704,9,1515.46,8.87
,,,,,53704,12,1542.25,8.87
,,,,,53705,3,1848.21,20.64
,,,,,53705,6,1849.36,20.64
,,,,,53705,9,1899.88,20.64
,,,,,53705,12,1872.01,20.64
,,,,,53711,3,1830.62,11.5
,,,,,53711,6,1855.93,11.5
,,,,,53711,9,1891.7,11.5
,,,,,53711,12,1906.19,11.5
,,,,,53713,3,1356.36,7.45
,,,,,53713,6,1363.1,7.45
,,,,,53713,9,1372.73,7.45
,,,,,53713,12,1383.96,7.45
,,,,,53718,3,1734.37,7.64
,,,,,53718,6,1745.58,7.64
,,,,,53718,9,1758.09,7.64
,,,,,53718,12,1768.24,7.64
,,,,,53719,3,1528.47,7.31
,,,,,53719,6,1553.31,7.31
,,,,,53719,9,1571.16,7.31
,,,,,53719,12,1590.77,7.31
,,,,,54016,3,1799.23,15.09
,,,,,54016,6,1813.58,15.09
,,,,,54016,9,1832.05,15.09
,,,,,54016,12,1848.79,15.09
,,,,,54017,3,1663.8,0
,,,,,54017,6,1663.8,0
,,,,,54017,9,1663.8,0
,,,,,54017,12,1663.8,0
,,,,,54022,3,1604.93,8.78
,,,,,54022,6,1612.13,8.78
,,,,,54022,9,1603.03,8.78
,,,,,54022,12,1615.65,8.78
,,,,,54301,3,1102.11,13.73
,,,,,54301,6,1106.18,13.73
,,,,,54301,9,1107.03,13.73
,,,,,54301,12,1123.88,13.73
,,,,,54302,3,923.55,8.85
,,,,,54302,6,937.07,8.85
,,,,,54302,9,943.25,8.85
,,,,,54302,12,959.15,8.85
,,,,,54303,3,1105.12,7.22
,,,,,54303,6,1108.15,7.22
,,,,,54303,9,1117.38,7.22
,,,,,54303,12,1120.61,7.22
,,,,,54481,3,1087.13,12.75
,,,,,54481,6,1118.38,12.75
,,,,,54481,9,1143.44,12.75
,,,,,54481,12,1148.5,12.75
,,,,,54601,3,1319.47,10.77
,,,,,54601,6,1330.79,10.77
,,,,,54601,9,1338.89,10.77
,,,,,54601,12,1355.07,10.77
,,,,,54603,3,963.03,9.2
,,,,,54603,6,967.93,9.2
,,,,,54603,9,991.87,9.2
,,,,,54603,12,1000.12,9.2
,,,,,54650,3,1433.37,5.85
,,,,,54650,6,1426.75,5.85
,,,,,54650,9,1446.35,5.85
,,,,,54650,12,1468.13,5.85
,,,,,54701,3,1026.41,4.61
,,,,,54701,6,1034.06,4.61
,,,,,54701,9,1050.66,4.61
,,,,,54701,12,1064.34,4.61
,,,,,54703,3,957.54,9.86
,,,,,54703,6,961.91,9.86
,,,,,54703,9,967.09,9.86
,,,,,54703,12,971.95,9.86
,,,,,54729,3,1206.84,9.18
,,,,,54729,6,1258.46,9.18
,,,,,54729,9,1279.57,9.18
,,,,,54729,12,1298.46,9.18
,,,,,54751,3,1045.61,7.41
,,,,,54751,6,1061.84,7.41
,,,,,54751,9,1057.86,7.41
,,,,,54751,12,1073.26,7.41
,,,,,54880,3,1175.02,12.21
,,,,,54880,6,1221.3,12.21
,,,,,54880,9,1274.49,12.21
,,,,,54880,12,1277.86,12.21
,,,,,54901,3,1199.46,11.63
,,,,,54901,6,1211.57,11.63
,,,,,54901,9,1225.87,11.63
,,,,,54901,12,1241.22,11.63
,,,,,54902,3,1190.08,6.09
,,,,,54902,6,1230.52,6.09
,,,,,54902,9,1240.66,6.09
,,,,,54902,12,1253.91,6.09
,,,,,54914,3,1206,11.26
,,,,,54914,6,1235.93,11.26
,,,,,54914,9,1248.68,11.26
,,,,,54914,12,1254.06,11.26
,,,,,54935,3,1020.34,8.7
,,,,,54935,6,1045.55,8.7
,,,,,54935,9,1049.81,8.7
,,,,,54935,12,1052.44,8.7
,,,,,54956,3,1052.69,13.19
,,,,,54956,6,1081.82,13.19
,,,,,54956,9,1104.48,13.19
,,,,,54956,12,1101.53,13.19
,,,,,55016,3,1667.28,10.27
,,,,,55016,6,1662.57,10.27
,,,,,55016,9,1671.98,10.27
,,,,,55016,12,1693.21,10.27
,,,,,55025,3,1545.27,13.06
,,,,,55025,6,1568.33,13.06
,,,,,55025,9,1568.36,13.06
,,,,,55025,12,1573.74,13.06
,,,,,55044,3,1896.25,8.78
,,,,,55044,6,1899.12,8.78
,,,,,55044,9,1905.35,8.78
,,,,,55044,12,1911.68,8.78
,,,,,55068,3,1851.63,18.5
,,,,,55068,6,1864.13,18.5
,,,,,55068,9,1872.01,18.5
,,,,,55068,12,1886.76,18.5
,,,,,55075,3,1318.06,4.75
,,,,,55075,6,1319.97,4.75
,,,,,55075,9,1320.16,4.75
,,,,,55075,12,1325.27,4.75
,,,,,55077,3,1728.86,15.89
,,,,,55077,6,1762.7,15.89
,,,,,55077,9,1784.04,15.89
,,,,,55077,12,1776.72,15.89
,,,,,55101,3,1466.14,5.12
,,,,,55101,6,1467.04,5.12
,,,,,55101,9,1464.4,5.12
,,,,,55101,12,1467.98,5.12
,,,,,55102,3,1580.54,7.7
,,,,,55102,6,1591.91,7.7
,,,,,55102,9,1603.88,7.7
,,,,,55102,12,1616.07,7.7
,,,,,55103,3,1211.76,22.91
,,,,,55103,6,1216.2,22.91
,,,,,55103,9,1294.95,22.91
,,,,,55103,12,1276.68,22.91
,,,,,55104,3,1596.74,9.22
,,,,,55104,6,1599.05,9.22
,,,,,55104,9,1619.77,9.22
,,,,,55104,12,1628.53,9.22
,,,,,55105,3,1586.45,6.53
,,,,,55105,6,1593.13,6.53
,,,,,55105,9,1593.44,6.53
,,,,,55105,12,1601.71,6.53
,,,,,55106,3,1391.61,17.22
,,,,,55106,6,1400.61,17.22
,,,,,55106,9,1410.92,17.22
,,,,,55106,12,1420.56,17.22
,,,,,55107,3,1534.28,12.89
,,,,,55107,6,1542.69,12.89
,,,,,55107,9,1577.12,12.89
,,,,,55107,12,1606.05,12.89
,,,,,55108,3,1509.09,6.74
,,,,,55108,6,1500.49,6.74
,,,,,55108,9,1512.66,6.74
,,,,,55108,12,1515.56,6.74
,,,,,55109,3,1239.92,6.08
,,,,,55109,6,1244.11,6.08
,,,,,55109,9,1247.8,6.08
,,,,,55109,12,1251.02,6.08
,,,,,55110,3,1834.3,9.34
,,,,,55110,6,1853.63,9.34
,,,,,55110,9,1860.2,9.34
,,,,,55110,12,1842.47,9.34
,,,,,55112,3,1373.59,7.51
,,,,,55112,6,1376.65,7.51
,,,,,55112,9,1379.21,7.51
,,,,,55112,12,1382.15,7.51
,,,,,55113,3,1316.07,9.78
,,,,,55113,6,1334.75,9.78
,,,,,55113,9,1332.75,9.78
,,,,,55113,12,1351.24,9.78
,,,,,55114,3,1446.79,7.06
,,,,,55114,6,1441.35,7.06
,,,,,55114,9,1435.43,7.06
,,,,,55114,12,1439.48,7.06
,,,,,55116,3,1490.45,6.33
,,,,,55116,6,1489.31,6.33
,,,,,55116,9,1492.37,6.33
,,,,,55116,12,1501.3,6.33
,,,,,55117,3,1275.04,10.23
,,,,,55117,6,1288.13,10.23
,,,,,55117,9,1306.5,10.23
,,,,,55117,12,1317.13,10.23
,,,,,55118,3,1480.7,9.25
,,,,,55118,6,1485.21,9.25
,,,,,55118,9,1479.79,9.25
,,,,,55118,12,1510.65,9.25
,,,,,55119,3,1342.35,5.27
,,,,,55119,6,1346.67,5.27
,,,,,55119,9,1353.01,5.27
,,,,,55119,12,1357.17,5.27
,,,,,55122,3,1710.13,7.04
,,,,,55122,6,1711.72,7.04
,,,,,55122,9,1717.02,7.04
,,,,,55122,12,1718.83,7.04
,,,,,55123,3,1617.37,7.57
,,,,,55123,6,1626.74,7.57
,,,,,55123,9,1635.47,7.57
,,,,,55123,12,1637.82,7.57
,,,,,55124,3,2000.04,7.59
,,,,,55124,6,2014.87,7.59
,,,,,55124,9,2033.38,7.59
,,,,,55124,12,2050.55,7.59
,,,,,55125,3,1818.09,10.46
,,,,,55125,6,1853.67,10.46
,,,,,55125,9,1871.88,10.46
,,,,,55125,12,1880.37,10.46
,,,,,55128,3,1668.52,1.36
,,,,,55128,6,1668.52,1.36
,,,,,55128,9,1668.52,1.36
,,,,,55128,12,1673.45,1.36
,,,,,55129,3,2140.74,10.97
,,,,,55129,6,2157.76,10.97
,,,,,55129,9,2163.14,10.97
,,,,,55129,12,2170.56,10.97
,,,,,55130,3,1292.1,13.63
,,,,,55130,6,1257.39,13.63
,,,,,55130,9,1305.52,13.63
,,,,,55130,12,1253,13.63
,,,,,55303,3,1598.65,18.25
,,,,,55303,6,1593.32,18.25
,,,,,55303,9,1601.34,18.25
,,,,,55303,12,1642.15,18.25
,,,,,55305,3,1747.88,9.7
,,,,,55305,6,1759.95,9.7
,,,,,55305,9,1773.89,9.7
,,,,,55305,12,1775.98,9.7
,,,,,55306,3,1408.87,18.14
,,,,,55306,6,1393.23,18.14
,,,,,55306,9,1391.48,18.14
,,,,,55306,12,1398.46,18.14
,,,,,55311,3,2091.94,12.53
,,,,,55311,6,2106.45,12.53
,,,,,55311,9,2126.86,12.53
,,,,,55311,12,2141.39,12.53
,,,,,55316,3,2108.15,19.34
,,,,,55316,6,2111.08,19.34
,,,,,55316,9,2149.18,19.34
,,,,,55316,12,2150.33,19.34
,,,,,55317,3,2053.18,16.49
,,,,,55317,6,2050.59,16.49
,,,,,55317,9,2053.89,16.49
,,,,,55317,12,2098.05,16.49
,,,,,55318,3,1846.88,6.62
,,,,,55318,6,1866.27,6.62
,,,,,55318,9,1876.74,6.62
,,,,,55318,12,1890.52,6.62
,,,,,55330,3,1902.85,24.06
,,,,,55330,6,1891.61,24.06
,,,,,55330,9,1950.79,24.06
,,,,,55330,12,1969.39,24.06
,,,,,55337,3,1442.85,8.31
,,,,,55337,6,1450.56,8.31
,,,,,55337,9,1460.83,8.31
,,,,,55337,12,1464.73,8.31
,,,,,55343,3,1506.19,9.56
,,,,,55343,6,1511.74,9.56
,,,,,55343,9,1520.71,9.56
,,,,,55343,12,1529.36,9.56
,,,,,55344,3,1696.86,9.05
,,,,,55344,6,1703.61,9.05
,,,,,55344,9,1707.62,9.05
,,,,,55344,12,1711.83,9.05
,,,,,55346,3,1730.27,16.96
,,,,,55346,6,1732.46,16.96
,,,,,55346,9,1806.44,16.96
,,,,,55346,12,1873.37,16.96
,,,,,55362,3,1566.94,17.85
,,,,,55362,6,1575.2,17.85
,,,,,55362,9,1614.16,17.85
,,,,,55362,12,1562.64,17.85
,,,,,55369,3,1922.03,8.05
,,,,,55369,6,1928.96,8.05
,,,,,55369,9,1937.86,8.05
,,,,,55369,12,1948.37,8.05
,,,,,55374,3,1752.38,15.52
,,,,,55374,6,1743.96,15.52
,,,,,55374,9,1771.27,15.52
,,,,,55374,12,1805.09,15.52
,,,,,55378,3,2021.57,20.11
,,,,,55378,6,2030.89,20.11
,,,,,55378,9,2053.64,20.11
,,,,,55378,12,2050.07,20.11
,,,,,55379,3,1751.95,9.23
,,,,,55379,6,1764.53,9.23
,,,,,55379,9,1783.78,9.23
,,,,,55379,12,1790.17,9.23
,,,,,55401,3,1831.71,9.82
,,,,,55401,6,1820.9,9.82
,,,,,55401,9,1828.96,9.82
,,,,,55401,12,1838.88,9.82
,,,,,55403,3,1381.24,7.54
,,,,,55403,6,1372.44,7.54
,,,,,55403,9,1379.04,7.54
,,,,,55403,12,1385.84,7.54
,,,,,55404,3,1290.43,4.84
,,,,,55404,6,1295.07,4.84
,,,,,55404,9,1295.36,4.84
,,,,,55404,12,1295.29,4.84
,,,,,55405,3,1279.47,8.75
,,,,,55405,6,1277.98,8.75
,,,,,55405,9,1282.28,8.75
,,,,,55405,12,1281.05,8.75
,,,,,55406,3,1514.93,7.55
,,,,,55406,6,1519.72,7.55
,,,,,55406,9,1523.1,7.55
,,,,,55406,12,1526.44,7.55
,,,,,55407,3,1538.43,10.48
,,,,,55407,6,1541.91,10.48
,,,,,55407,9,1551.09,10.48
,,,,,55407,12,1555.12,10.48
,,,,,55408,3,1413.49,3.24
,,,,,55408,6,1417.63,3.24
,,,,,55408,9,1421.64,3.24
,,,,,55408,12,1420.49,3.24
,,,,,55409,3,1668.84,21.13
,,,,,55409,6,1718.05,21.13
,,,,,55409,9,1716.44,21.13
,,,,,55409,12,1714.13,21.13
,,,,,55410,3,2533.63,31.86
,,,,,55410,6,2496.68,31.86
,,,,,55410,9,2474.65,31.86
,,,,,55410,12,2519.49,31.86
,,,,,55411,3,1681.24,16.09
,,,,,55411,6,1702.18,16.09
,,,,,55411,9,1720,16.09
,,,,,55411,12,1728.49,16.09
,,,,,55412,3,1632.34,12.58
,,,,,55412,6,1633.62,12.58
,,,,,55412,9,1646.4,12.58
,,,,,55412,12,1660.67,12.58
,,,,,55413,3,1672.22,4.93
,,,,,55413,6,1675.77,4.93
,,,,,55413,9,1682.6,4.93
,,,,,55413,12,1684.77,4.93
,,,,,55414,3,2239.53,12.48
,,,,,55414,6,2248.92,12.48
,,,,,55414,9,2268.47,12.48
,,,,,55414,12,2272.65,12.48
,,,,,55415,3,1976.12,13.34
,,,,,55415,6,1979.73,13.34
,,,,,55415,9,1981.7,13.34
,,,,,55415,12,1981.12,13.34
,,,,,55416,3,1750.45,4.04
,,,,,55416,6,1760.76,4.04
,,,,,55416,9,1771.27,4.04
,,,,,55416,12,1781.8,4.04
,,,,,55417,3,1827.19,19.8
,,,,,55417,6,1827.4,19.8
,,,,,55417,9,1850.62,19.8
,,,,,55417,12,1864.41,19.8
,,,,,55418,3,1637.75,4.82
,,,,,55418,6,1650.62,4.82
,,,,,55418,9,1668.91,4.82
,,,,,55418,12,1685.32,4.82
,,,,,55421,3,1462.54,11.25
,,,,,55421,6,1474.35,11.25
,,,,,55421,9,1487.13,11.25
,,,,,55421,12,1496.32,11.25
,,,,,55422,3,1677.57,12.59
,,,,,55422,6,1683.24,12.59
,,,,,55422,9,1686.64,12.59
,,,,,55422,12,1692.43,12.59
,,,,,55423,3,1294.77,8.45
,,,,,55423,6,1298.21,8.45
,,,,,55423,9,1303.4,8.45
,,,,,55423,12,1308.77,8.45
,,,,,55425,3,1644.02,11.74
,,,,,55425,6,1647.1,11.74
,,,,,55425,9,1650.52,11.74
,,,,,55425,12,1661.4,11.74
,,,,,55426,3,1731.2,7.1
,,,,,55426,6,1733.67,7.1
,,,,,55426,9,1744.28,7.1
,,,,,55426,12,1754.09,7.1
,,,,,55427,3,1549.48,9.51
,,,,,55427,6,1539.29,9.51
,,,,,55427,9,1543.63,9.51
,,,,,55427,12,1555.39,9.51
,,,,,55428,3,1407.59,8.59
,,,,,55428,6,1435.77,8.59
,,,,,55428,9,1459.68,8.59
,,,,,55428,12,1464.54,8.59
,,,,,55432,3,1365.12,8.49
,,,,,55432,6,1362.88,8.49
,,,,,55432,9,1363.01,8.49
,,,,,55432,12,1375.01,8.49
,,,,,55433,3,1668.69,10.74
,,,,,55433,6,1703.19,10.74
,,,,,55433,9,1738.72,10.74
,,,,,55433,12,1745.54,10.74
,,,,,55434,3,1895.37,21.56
,,,,,55434,6,1916.64,21.56
,,,,,55434,9,1871.45,21.56
,,,,,55434,12,1911.75,21.56
,,,,,55435,3,1837.96,16.6
,,,,,55435,6,1847.81,16.6
,,,,,55435,9,1853.85,16.6
,,,,,55435,12,1829.74,16.6
,,,,,55436,3,1621.83,16.71
,,,,,55436,6,1634.79,16.71
,,,,,55436,9,1632.47,16.71
,,,,,55436,12,1635.76,16.71
,,,,,55437,3,1676.09,10.84
,,,,,55437,6,1689.41,10.84
,,,,,55437,9,1694.41,10.84
,,,,,55437,12,1698.97,10.84
,,,,,55438,3,1639.81,15.01
,,,,,55438,6,1635.19,15.01
,,,,,55438,9,1657.08,15.01
,,,,,55438,12,1681.37,15.01
,,,,,55441,3,1635.65,12.74
,,,,,55441,6,1644.78,12.74
,,,,,55441,9,1660.3,12.74
,,,,,55441,12,1660.68,12.74
,,,,,55442,3,1964.99,15.49
,,,,,55442,6,1971.4,15.49
,,,,,55442,9,1947.2,15.49
,,,,,55442,12,1956.6,15.49
,,,,,55443,3,1697.36,13.25
,,,,,55443,6,1703.41,13.25
,,,,,55443,9,1721.88,13.25
,,,,,55443,12,1731.15,13.25
,,,,,55446,3,2048.49,13.6
,,,,,55446,6,2064.12,13.6
,,,,,55446,9,2080.88,13.6
,,,,,55446,12,2092.98,13.6
,,,,,55447,3,1745.96,11.23
,,,,,55447,6,1754.57,11.23
,,,,,55447,9,1757.96,11.23
,,,,,55447,12,1763.6,11.23
,,,,,55449,3,2262.52,17.89
,,,,,55449,6,2324.66,17.89
,,,,,55449,9,2295.61,17.89
,,,,,55449,12,2375.34,17.89
,,,,,55805,3,1136.92,6.22
,,,,,55805,6,1166.1,6.22
,,,,,55805,9,1145.13,6.22
,,,,,55805,12,1183.03,6.22
,,,,,55811,3,1880.39,0.51
,,,,,55811,6,1880.39,0.51
,,,,,55811,9,1880.39,0.51
,,,,,55811,12,1878.54,0.51
,,,,,55812,3,1407.26,0.53
,,,,,55812,6,1407.26,0.53
,,,,,55812,9,1407.26,0.53
,,,,,55812,12,1409.18,0.53
,,,,,55901,3,1607.14,8.04
,,,,,55901,6,1622.04,8.04
,,,,,55901,9,1634.43,8.04
,,,,,55901,12,1638.11,8.04
,,,,,55902,3,1752.24,15.47
,,,,,55902,6,1783.7,15.47
,,,,,55902,9,1805.06,15.47
,,,,,55902,12,1799.69,15.47
,,,,,55904,3,1541.91,12.7
,,,,,55904,6,1541.29,12.7
,,,,,55904,9,1545.67,12.7
,,,,,55904,12,1551.13,12.7
,,,,,55912,3,843.72,9.68
,,,,,55912,6,849.85,9.68
,,,,,55912,9,863.2,9.68
,,,,,55912,12,875.44,9.68
,,,,,55987,3,1035.71,18
,,,,,55987,6,1056.75,18
,,,,,55987,9,1047.59,18
,,,,,55987,12,1075.28,18
,,,,,56001,3,1037.11,18.07
,,,,,56001,6,1046.08,18.07
,,,,,56001,9,1040.85,18.07
,,,,,56001,12,1072.72,18.07
,,,,,56301,3,1174.49,10.57
,,,,,56301,6,1191.29,10.57
,,,,,56301,9,1197.34,10.57
,,,,,56301,12,1207.06,10.57
,,,,,56303,3,1259.06,12.61
,,,,,56303,6,1245.46,12.61
,,,,,56303,9,1295.69,12.61
,,,,,56303,12,1287.22,12.61
,,,,,56304,3,1110.9,7.7
,,,,,56304,6,1121.31,7.7
,,,,,56304,9,1139.93,7.7
,,,,,56304,12,1150.57,7.7
,,,,,56560,3,1199.92,9.07
,,,,,56560,6,1201.35,9.07
,,,,,56560,9,1218.46,9.07
,,,,,56560,12,1234.34,9.07
,,,,,57006,3,1158.78,8.43
,,,,,57006,6,1168.11,8.43
,,,,,57006,9,1194.83,8.43
,,,,,57006,12,1213.03,8.43
,,,,,57103,3,1372.53,14.19
,,,,,57103,6,1386.82,14.19
,,,,,57103,9,1392.84,14.19
,,,,,57103,12,1411.29,14.19
,,,,,57104,3,1018.08,5.01
,,,,,57104,6,1030.23,5.01
,,,,,57104,9,1036.2,5.01
,,,,,57104,12,1044.73,5.01
,,,,,57105,3,1185.92,13.04
,,,,,57105,6,1199.47,13.04
,,,,,57105,9,1183.49,13.04
,,,,,57105,12,1199.5,13.04
,,,,,57106,3,1247.57,7.34
,,,,,57106,6,1260.68,7.34
,,,,,57106,9,1275.94,7.34
,,,,,57106,12,1282.93,7.34
,,,,,57108,3,1350.23,6.32
,,,,,57108,6,1359.03,6.32
,,,,,57108,9,1372.17,6.32
,,,,,57108,12,1373.29,6.32
,,,,,57110,3,1368.37,5.22
,,,,,57110,6,1386.27,5.22
,,,,,57110,9,1394.4,5.22
,,,,,57110,12,1400.79,5.22
,,,,,57701,3,1324.53,6.23
,,,,,57701,6,1339.46,6.23
,,,,,57701,9,1347.44,6.23
,,,,,57701,12,1360.37,6.23
,,,,,57702,3,1286.27,9.15
,,,,,57702,6,1244.25,9.15
,,,,,57702,9,1262.46,9.15
,,,,,57702,12,1275.94,9.15
,,,,,57703,3,1438.18,0
,,,,,57703,6,1438.18,0
,,,,,57703,9,1438.18,0
,,,,,57703,12,1438.18,0
,,,,,58075,3,763.29,1.71
,,,,,58075,6,763.29,1.71
,,,,,58075,9,763.29,1.71
,,,,,58075,12,769.46,1.71
,,,,,58078,3,1498.14,9.92
,,,,,58078,6,1502.91,9.92
,,,,,58078,9,1519.58,9.92
,,,,,58078,12,1525.87,9.92
,,,,,58102,3,1151.07,7.14
,,,,,58102,6,1170.99,7.14
,,,,,58102,9,1176.29,7.14
,,,,,58102,12,1181.29,7.14
,,,,,58103,3,871.78,6.13
,,,,,58103,6,877.63,6.13
,,,,,58103,9,895.64,6.13
,,,,,58103,12,910.25,6.13
,,,,,58104,3,1184.72,10.22
,,,,,58104,6,1208.97,10.22
,,,,,58104,9,1234.81,10.22
,,,,,58104,12,1255.66,10.22
,,,,,58201,3,1124.21,4.09
,,,,,58201,6,1142.51,4.09
,,,,,58201,9,1162.97,4.09
,,,,,58201,12,1180.35,4.09
,,,,,58203,3,1054.63,7.66
,,,,,58203,6,1075.34,7.66
,,,,,58203,9,1093.58,7.66
,,,,,58203,12,1105.88,7.66
,,,,,58401,3,1233.56,6.05
,,,,,58401,6,1248.57,6.05
,,,,,58401,9,1255.49,6.05
,,,,,58401,12,1268.08,6.05
,,,,,58501,3,893.71,8.74
,,,,,58501,6,928.71,8.74
,,,,,58501,9,941.04,8.74
,,,,,58501,12,944.76,8.74
,,,,,58504,3,1436.5,11.83
,,,,,58504,6,1468.36,11.83
,,,,,58504,9,1518.49,11.83
,,,,,58504,12,1514.56,11.83
,,,,,58554,3,1339.18,19.86
,,,,,58554,6,1375.44,19.86
,,,,,58554,9,1421.44,19.86
,,,,,58554,12,1545.28,19.86
,,,,,58701,3,1085.15,5.06
,,,,,58701,6,1109.45,5.06
,,,,,58701,9,1118.56,5.06
,,,,,58701,12,1154.22,5.06
,,,,,58703,3,983.49,2.41
,,,,,58703,6,990.21,2.41
,,,,,58703,9,992.61,2.41
,,,,,58703,12,999.02,2.41
,,,,,58801,3,1272.53,9.11
,,,,,58801,6,1284.83,9.11
,,,,,58801,9,1309.52,9.11
,,,,,58801,12,1331.4,9.11
,,,,,59101,3,1132.92,9.63
,,,,,59101,6,1113.06,9.63
,,,,,59101,9,1117.39,9.63
,,,,,59101,12,1123.76,9.63
,,,,,59102,3,1349.39,3.92
,,,,,59102,6,1358.81,3.92
,,,,,59102,9,1366.79,3.92
,,,,,59102,12,1373.23,3.92
,,,,,59105,3,1207.16,17.79
,,,,,59105,6,1198.83,17.79
,,,,,59105,9,1201.8,17.79
,,,,,59105,12,1216.5,17.79
,,,,,59106,3,1738.16,54.09
,,,,,59106,6,1994.26,54.09
,,,,,59106,9,2155.52,54.09
,,,,,59106,12,2239.63,54.09
,,,,,59401,3,1002.64,7.79
,,,,,59401,6,998.8,7.79
,,,,,59401,9,994.16,7.79
,,,,,59401,12,1000.73,7.79
,,,,,59405,3,1259.64,10.82
,,,,,59405,6,1278.32,10.82
,,,,,59405,9,1322.47,10.82
,,,,,59405,12,1315.86,10.82
,,,,,59601,3,1550.43,21.18
,,,,,59601,6,1587.42,21.18
,,,,,59601,9,1590.1,21.18
,,,,,59601,12,1612.23,21.18
,,,,,59701,3,1327.15,13.83
,,,,,59701,6,1312.01,13.83
,,,,,59701,9,1317.44,13.83
,,,,,59701,12,1323.66,13.83
,,,,,59714,3,2184.82,10.69
,,,,,59714,6,2149.6,10.69
,,,,,59714,9,2167.55,10.69
,,,,,59714,12,2200.5,10.69
,,,,,59715,3,2255.67,21.51
,,,,,59715,6,2277.3,21.51
,,,,,59715,9,2298.91,21.51
,,,,,59715,12,2312.06,21.51
,,,,,59718,3,2250.57,12.83
,,,,,59718,6,2277.68,12.83
,,,,,59718,9,2297.6,12.83
,,,,,59718,12,2305.98,12.83
,,,,,59801,3,1383.49,8.02
,,,,,59801,6,1411,8.02
,,,,,59801,9,1419.16,8.02
,,,,,59801,12,1438.13,8.02
,,,,,59802,3,1380.59,15.12
,,,,,59802,6,1412.84,15.12
,,,,,59802,9,1407.31,15.12
,,,,,59802,12,1403.85,15.12
,,,,,59808,3,1574.36,8.97
,,,,,59808,6,1586.03,8.97
,,,,,59808,9,1593.3,8.97
,,,,,59808,12,1612.16,8.97
,,,,,59901,3,1980.98,17.51
,,,,,59901,6,2004.66,17.51
,,,,,59901,9,1998.02,17.51
,,,,,59901,12,1993.41,17.51
,,,,,59937,3,2589.96,15.82
,,,,,59937,6,2615.21,15.82
,,,,,59937,9,2625.63,15.82
,,,,,59937,12,2652.19,15.82
,,,,,60004,3,2009.48,16.99
,,,,,60004,6,2026.82,16.99
,,,,,60004,9,2042.99,16.99
,,,,,60004,12,2046.3,16.99
,,,,,60005,3,1960.45,13.85
,,,,,60005,6,1963.52,13.85
,,,,,60005,9,1981.23,13.85
,,,,,60005,12,1975.47,13.85
,,,,,60007,3,1761.53,5.05
,,,,,60007,6,1776.28,5.05
,,,,,60007,9,1783.51,5.05
,,,,,60007,12,1796.56,5.05
,,,,,60008,3,1931.36,17.88
,,,,,60008,6,1976.15,17.88
,,,,,60008,9,1984.21,17.88
,,,,,60008,12,1993.37,17.88
,,,,,60014,3,1808.45,12.94
,,,,,60014,6,1861.99,12.94
,,,,,60014,9,1916.41,12.94
,,,,,60014,12,1947.92,12.94
,,,,,60016,3,2106.55,7.07
,,,,,60016,6,2136.48,7.07
,,,,,60016,9,2153.5,7.07
,,,,,60016,12,2173.51,7.07
,,,,,60025,3,2496.38,47.94
,,,,,60025,6,2547.72,47.94
,,,,,60025,9,2565.59,47.94
,,,,,60025,12,2602.92,47.94
,,,,,60030,3,2176.46,21.83
,,,,,60030,6,2227.09,21.83
,,,,,60030,9,2248.97,21.83
,,,,,60030,12,2322.94,21.83
,,,,,60031,3,1890.11,11.49
,,,,,60031,6,1904.12,11.49
,,,,,60031,9,1922.45,11.49
,,,,,60031,12,1934.91,11.49
,,,,,60035,3,2834.08,41.25
,,,,,60035,6,2880.35,41.25
,,,,,60035,9,2885.82,41.25
,,,,,60035,12,2858.22,41.25
,,,,,60056,3,1833.1,9.45
,,,,,60056,6,1852.87,9.45
,,,,,60056,9,1880.21,9.45
,,,,,60056,12,1902.45,9.45
,,,,,60060,3,2388.77,21.82
,,,,,60060,6,2534.13,21.82
,,,,,60060,9,2605.93,21.82
,,,,,60060,12,2692.26,21.82
,,,,,60061,3,2265.55,11.33
,,,,,60061,6,2292.08,11.33
,,,,,60061,9,2305.88,11.33
,,,,,60061,12,2310.94,11.33
,,,,,60062,3,2438.8,16.44
,,,,,60062,6,2482.25,16.44
,,,,,60062,9,2500.85,16.44
,,,,,60062,12,2524.55,16.44
,,,,,60067,3,1952.69,13.5
,,,,,60067,6,1981.58,13.5
,,,,,60067,9,1985.69,13.5
,,,,,60067,12,2012.52,13.5
,,,,,60068,3,2559.05,24.79
,,,,,60068,6,2588.83,24.79
,,,,,60068,9,2625.99,24.79
,,,,,60068,12,2657.44,24.79
,,,,,60073,3,2132.65,15.94
,,,,,60073,6,2138.55,15.94
,,,,,60073,9,2160.89,15.94
,,,,,60073,12,2168.35,15.94
,,,,,60074,3,1877.23,19.06
,,,,,60074,6,1936.2,19.06
,,,,,60074,9,1930.71,19.06
,,,,,60074,12,1929.96,19.06
,,,,,60076,3,1982.48,8.07
,,,,,60076,6,1984.5,8.07
,,,,,60076,9,2024.5,8.07
,,,,,60076,12,2054.63,8.07
,,,,,60077,3,2295.27,23.46
,,,,,60077,6,2303.02,23.46
,,,,,60077,9,2311.95,23.46
,,,,,60077,12,2328.25,23.46
,,,,,60085,3,1541.22,11.12
,,,,,60085,6,1549.14,11.12
,,,,,60085,9,1557.05,11.12
,,,,,60085,12,1565.86,11.12
,,,,,60089,3,2603.94,12.7
,,,,,60089,6,2636.32,12.7
,,,,,60089,9,2657.94,12.7
,,,,,60089,12,2693.08,12.7
,,,,,60090,3,2133.86,14.62
,,,,,60090,6,2168.75,14.62
,,,,,60090,9,2191.49,14.62
,,,,,60090,12,2214.54,14.62
,,,,,60102,3,2384.45,11.37
,,,,,60102,6,2444.13,11.37
,,,,,60102,9,2504.73,11.37
,,,,,60102,12,2520.38,11.37
,,,,,60110,3,2125.35,36.88
,,,,,60110,6,2281.59,36.88
,,,,,60110,9,2301.27,36.88
,,,,,60110,12,2477.77,36.88
,,,,,60115,3,1176.85,6.23
,,,,,60115,6,1190.18,6.23
,,,,,60115,9,1192.13,6.23
,,,,,60115,12,1186.06,6.23
,,,,,60118,3,2106.07,31.45
,,,,,60118,6,2056.01,31.45
,,,,,60118,9,2060.36,31.45
,,,,,60118,12,2109.77,31.45
,,,,,60120,3,1576.34,7.26
,,,,,60120,6,1592.67,7.26
,,,,,60120,9,1593.08,7.26
,,,,,60120,12,1617.45,7.26
,,,,,60123,3,1564.95,16.18
,,,,,60123,6,1586.79,16.18
,,,,,60123,9,1616.53,16.18
,,,,,60123,12,1655.86,16.18
,,,,,60124,3,2268.09,23.55
,,,,,60124,6,2271.53,23.55
,,,,,60124,9,2275.71,23.55
,,,,,60124,12,2314.54,23.55
,,,,,60126,3,2427.26,19.38
,,,,,60126,6,2451.87,19.38
,,,,,60126,9,2462.76,19.38
,,,,,60126,12,2480.17,19.38
,,,,,60130,3,1459.36,8.11
,,,,,60130,6,1471.73,8.11
,,,,,60130,9,1515.26,8.11
,,,,,60130,12,1532.85,8.11
,,,,,60133,3,2466.44,18.4
,,,,,60133,6,2514.27,18.4
,,,,,60133,9,2516.09,18.4
,,,,,60133,12,2584.29,18.4
,,,,,60134,3,1896.8,18.74
,,,,,60134,6,1946.85,18.74
,,,,,60134,9,1940.25,18.74
,,,,,60134,12,1961.43,18.74
,,,,,60139,3,1810.21,16.76
,,,,,60139,6,1826.49,16.76
,,,,,60139,9,1857.53,16.76
,,,,,60139,12,1880.16,16.76
,,,,,60143,3,2060.13,15.58
,,,,,60143,6,2079.72,15.58
,,,,,60143,9,2138.04,15.58
,,,,,60143,12,2114.18,15.58
,,,,,60148,3,2005.9,10.97
,,,,,60148,6,2029.48,10.97
,,,,,60148,9,2038.32,10.97
,,,,,60148,12,2039.33,10.97
,,,,,60169,3,1908.53,4.31
,,,,,60169,6,1905.7,4.31
,,,,,60169,9,1918.9,4.31
,,,,,60169,12,1933.64,4.31
,,,,,60173,3,2177.56,14.26
,,,,,60173,6,2221.96,14.26
,,,,,60173,9,2268.93,14.26
,,,,,60173,12,2306.35,14.26
,,,,,60174,3,1870.1,11.25
,,,,,60174,6,1905.09,11.25
,,,,,60174,9,1937.92,11.25
,,,,,60174,12,1966.92,11.25
,,,,,60181,3,2138.04,18.24
,,,,,60181,6,2162.78,18.24
,,,,,60181,9,2178.72,18.24
,,,,,60181,12,2196.62,18.24
,,,,,60187,3,2116.58,18.73
,,,,,60187,6,2155.6,18.73
,,,,,60187,9,2172.47,18.73
,,,,,60187,12,2192.51,18.73
,,,,,60188,3,1829.53,9.97
,,,,,60188,6,1846.69,9.97
,,,,,60188,9,1864.14,9.97
,,,,,60188,12,1884.94,9.97
,,,,,60189,3,2476.26,23.22
,,,,,60189,6,2527.54,23.22
,,,,,60189,9,2573.82,23.22
,,,,,60189,12,2610.3,23.22
,,,,,60193,3,2029.5,10.99
,,,,,60193,6,2042.35,10.99
,,,,,60193,9,2069.67,10.99
,,,,,60193,12,2091.65,10.99
,,,,,60194,3,2252.66,16.15
,,,,,60194,6,2287.72,16.15
,,,,,60194,9,2323.9,16.15
,,,,,60194,12,2362.31,16.15
,,,,,60201,3,2794.96,15.21
,,,,,60201,6,2821.67,15.21
,,,,,60201,9,2866.77,15.21
,,,,,60201,12,2899.57,15.21
,,,,,60202,3,1842.4,11.26
,,,,,60202,6,1846.27,11.26
,,,,,60202,9,1867.2,11.26
,,,,,60202,12,1876.57,11.26
,,,,,60301,3,2132.78,15.92
,,,,,60301,6,2167.6,15.92
,,,,,60301,9,2178.28,15.92
,,,,,60301,12,2185.95,15.92
,,,,,60302,3,1937.78,10.94
,,,,,60302,6,1946.05,10.94
,,,,,60302,9,1961.77,10.94
,,,,,60302,12,1972.31,10.94
,,,,,60304,3,1520.53,9.03
,,,,,60304,6,1528.62,9.03
,,,,,60304,9,1548.71,9.03
,,,,,60304,12,1556.74,9.03
,,,,,60402,3,1418.61,10.05
,,,,,60402,6,1431.24,10.05
,,,,,60402,9,1442.09,10.05
,,,,,60402,12,1458.09,10.05
,,,,,60403,3,1449.27,18.38
,,,,,60403,6,1473.72,18.38
,,,,,60403,9,1487.57,18.38
,,,,,60403,12,1483.01,18.38
,,,,,60409,3,1451.45,23.91
,,,,,60409,6,1468.97,23.91
,,,,,60409,9,1471.86,23.91
,,,,,60409,12,1503.01,23.91
,,,,,60411,3,1576.38,13.36
,,,,,60411,6,1571.7,13.36
,,,,,60411,9,1621.29,13.36
,,,,,60411,12,1626.44,13.36
,,,,,60419,3,2021.6,38.4
,,,,,60419,6,2113.83,38.4
,,,,,60419,9,2059.38,38.4
,,,,,60419,12,2229.02,38.4
,,,,,60435,3,1515.26,13.95
,,,,,60435,6,1533.02,13.95
,,,,,60435,9,1557.25,13.95
,,,,,60435,12,1573.23,13.95
,,,,,60440,3,2313.68,21.56
,,,,,60440,6,2352.43,21.56
,,,,,60440,9,2397,21.56
,,,,,60440,12,2438.55,21.56
,,,,,60441,3,1936.78,12.07
,,,,,60441,6,1969.58,12.07
,,,,,60441,9,1994.51,12.07
,,,,,60441,12,2020.95,12.07
,,,,,60446,3,2145.35,14.52
,,,,,60446,6,2163.64,14.52
,,,,,60446,9,2187.09,14.52
,,,,,60446,12,2208.81,14.52
,,,,,60453,3,1857.26,12.23
,,,,,60453,6,1833.03,12.23
,,,,,60453,9,1831.89,12.23
,,,,,60453,12,1850.73,12.23
,,,,,60458,3,1393.32,22.89
,,,,,60458,6,1436.09,22.89
,,,,,60458,9,1472.47,22.89
,,,,,60458,12,1467.98,22.89
,,,,,60466,3,1860.48,24.9
,,,,,60466,6,1929.07,24.9
,,,,,60466,9,1937.13,24.9
,,,,,60466,12,1934.01,24.9
,,,,,60477,3,1768.38,0
,,,,,60477,6,1768.38,0
,,,,,60477,9,1768.38,0
,,,,,60477,12,1768.38,0
,,,,,60502,3,2304.72,12.27
,,,,,60502,6,2308.29,12.27
,,,,,60502,9,2317.85,12.27
,,,,,60502,12,2328.68,12.27
,,,,,60504,3,2088.51,15.16
,,,,,60504,6,2116.13,15.16
,,,,,60504,9,2157.39,15.16
,,,,,60504,12,2196.62,15.16
,,,,,60515,3,2347.47,17.83
,,,,,60515,6,2370.77,17.83
,,,,,60515,9,2368.08,17.83
,,,,,60515,12,2372.6,17.83
,,,,,60517,3,1533.22,11.37
,,,,,60517,6,1550.37,11.37
,,,,,60517,9,1545.6,11.37
,,,,,60517,12,1550.56,11.37
,,,,,60525,3,2091.09,30.6
,,,,,60525,6,2097.68,30.6
,,,,,60525,9,2092.7,30.6
,,,,,60525,12,2173.2,30.6
,,,,,60527,3,2148.93,16.83
,,,,,60527,6,2178.48,16.83
,,,,,60527,9,2201.52,16.83
,,,,,60527,12,2180.93,16.83
,,,,,60532,3,1845.55,8.87
,,,,,60532,6,1869.53,8.87
,,,,,60532,9,1886.58,8.87
,,,,,60532,12,1889.8,8.87
,,,,,60540,3,2276.21,18.04
,,,,,60540,6,2305.52,18.04
,,,,,60540,9,2339.43,18.04
,,,,,60540,12,2385.02,18.04
,,,,,60543,3,2422.55,23.17
,,,,,60543,6,2469.36,23.17
,,,,,60543,9,2491.39,23.17
,,,,,60543,12,2501.03,23.17
,,,,,60555,3,1976.44,21.09
,,,,,60555,6,2018.96,21.09
,,,,,60555,9,2035.71,21.09
,,,,,60555,12,2041.28,21.09
,,,,,60559,3,1810.63,8.14
,,,,,60559,6,1848.99,8.14
,,,,,60559,9,1865.31,8.14
,,,,,60559,12,1879.93,8.14
,,,,,60563,3,2081.85,14.08
,,,,,60563,6,2119.7,14.08
,,,,,60563,9,2154.34,14.08
,,,,,60563,12,2183.1,14.08
,,,,,60564,3,2450.13,23.79
,,,,,60564,6,2472.41,23.79
,,,,,60564,9,2479.62,23.79
,,,,,60564,12,2499.43,23.79
,,,,,60565,3,2167.84,17.01
,,,,,60565,6,2209.38,17.01
,,,,,60565,9,2232.92,17.01
,,,,,60565,12,2244.03,17.01
,,,,,60601,3,2770.74,14.86
,,,,,60601,6,2778.61,14.86
,,,,,60601,9,2800.14,14.86
,,,,,60601,12,2806.92,14.86
,,,,,60603,3,2219.09,23.72
,,,,,60603,6,2232.79,23.72
,,,,,60603,9,2211.35,23.72
,,,,,60603,12,2207.79,23.72
,,,,,60605,3,2498.76,4.26
,,,,,60605,6,2515.76,4.26
,,,,,60605,9,2520.95,4.26
,,,,,60605,12,2523.61,4.26
,,,,,60606,3,2562.74,11.22
,,,,,60606,6,2589.25,11.22
,,,,,60606,9,2593.05,11.22
,,,,,60606,12,2601.51,11.22
,,,,,60607,3,2702.73,8.03
,,,,,60607,6,2722.42,8.03
,,,,,60607,9,2748.33,8.03
,,,,,60607,12,2755.57,8.03
,,,,,60608,3,1746.49,5.6
,,,,,60608,6,1758.49,5.6
,,,,,60608,9,1772.62,5.6
,,,,,60608,12,1786.01,5.6
,,,,,60609,3,1649.44,12.22
,,,,,60609,6,1662.22,12.22
,,,,,60609,9,1673.49,12.22
,,,,,60609,12,1690.49,12.22
,,,,,60610,3,2562.24,6.16
,,,,,60610,6,2579.01,6.16
,,,,,60610,9,2598.5,6.16
,,,,,60610,12,2603.24,6.16
,,,,,60611,3,2671.4,10.38
,,,,,60611,6,2685.16,10.38
,,,,,60611,9,2706.09,10.38
,,,,,60611,12,2707.36,10.38
,,,,,60612,3,2215.16,14.35
,,,,,60612,6,2233.89,14.35
,,,,,60612,9,2240.34,14.35
,,,,,60612,12,2279.94,14.35
,,,,,60613,3,1980.37,7.83
,,,,,60613,6,2004.85,7.83
,,,,,60613,9,2018.87,7.83
,,,,,60613,12,2029.87,7.83
,,,,,60614,3,2508.52,9.47
,,,,,60614,6,2536.27,9.47
,,,,,60614,9,2557.85,9.47
,,,,,60614,12,2572.29,9.47
,,,,,60615,3,1746.12,7.5
,,,,,60615,6,1767.43,7.5
,,,,,60615,9,1782.9,7.5
,,,,,60615,12,1783.52,7.5
,,,,,60616,3,1722.57,11.07
,,,,,60616,6,1736.21,11.07
,,,,,60616,9,1744.84,11.07
,,,,,60616,12,1759.58,11.07
,,,,,60617,3,1277.91,9.06
,,,,,60617,6,1282.86,9.06
,,,,,60617,9,1295.16,9.06
,,,,,60617,12,1313.24,9.06
,,,,,60618,3,1989.8,5.51
,,,,,60618,6,2010.61,5.51
,,,,,60618,9,2030.07,5.51
,,,,,60618,12,2057.84,5.51
,,,,,60619,3,1291.94,10.57
,,,,,60619,6,1303.6,10.57
,,,,,60619,9,1311.97,10.57
,,,,,60619,12,1320.06,10.57
,,,,,60620,3,1314.75,8.58
,,,,,60620,6,1323.99,8.58
,,,,,60620,9,1331.44,8.58
,,,,,60620,12,1340.65,8.58
,,,,,60621,3,1454.06,15.74
,,,,,60621,6,1477.78,15.74
,,,,,60621,9,1467.95,15.74
,,,,,60621,12,1475.51,15.74
,,,,,60622,3,2199.66,7.2
,,,,,60622,6,2215.93,7.2
,,,,,60622,9,2231.96,7.2
,,,,,60622,12,2253.64,7.2
,,,,,60623,3,1482.28,21.14
,,,,,60623,6,1502.04,21.14
,,,,,60623,9,1518.32,21.14
,,,,,60623,12,1544.1,21.14
,,,,,60624,3,1523.77,13.01
,,,,,60624,6,1544.88,13.01
,,,,,60624,9,1588.26,13.01
,,,,,60624,12,1606.81,13.01
,,,,,60625,3,1752.21,5.33
,,,,,60625,6,1777.09,5.33
,,,,,60625,9,1801.62,5.33
,,,,,60625,12,1825.91,5.33
,,,,,60626,3,1520.19,5.46
,,,,,60626,6,1549.4,5.46
,,,,,60626,9,1571.42,5.46
,,,,,60626,12,1590.14,5.46
,,,,,60628,3,1564.54,22.01
,,,,,60628,6,1570.06,22.01
,,,,,60628,9,1582.03,22.01
,,,,,60628,12,1575.63,22.01
,,,,,60629,3,1188.48,12.63
,,,,,60629,6,1188.86,12.63
,,,,,60629,9,1186.19,12.63
,,,,,60629,12,1190.43,12.63
,,,,,60630,3,1621.28,8.97
,,,,,60630,6,1648.35,8.97
,,,,,60630,9,1667.76,8.97
,,,,,60630,12,1683.47,8.97
,,,,,60632,3,1368.08,16.47
,,,,,60632,6,1379.95,16.47
,,,,,60632,9,1397.55,16.47
,,,,,60632,12,1414.19,16.47
,,,,,60634,3,1608.39,13.6
,,,,,60634,6,1612.1,13.6
,,,,,60634,9,1635.19,13.6
,,,,,60634,12,1656,13.6
,,,,,60636,3,1359.26,19.43
,,,,,60636,6,1391.16,19.43
,,,,,60636,9,1421.37,19.43
,,,,,60636,12,1473.37,19.43
,,,,,60637,3,1559.21,8.34
,,,,,60637,6,1570.05,8.34
,,,,,60637,9,1584.21,8.34
,,,,,60637,12,1591.13,8.34
,,,,,60638,3,1680.21,18.06
,,,,,60638,6,1685.44,18.06
,,,,,60638,9,1674.56,18.06
,,,,,60638,12,1698.98,18.06
,,,,,60639,3,1552.84,11.44
,,,,,60639,6,1571.71,11.44
,,,,,60639,9,1576.54,11.44
,,,,,60639,12,1590.71,11.44
,,,,,60640,3,1754.86,5.37
,,,,,60640,6,1781.13,5.37
,,,,,60640,9,1801.47,5.37
,,,,,60640,12,1818.58,5.37
,,,,,60641,3,1614.23,8.24
,,,,,60641,6,1628.55,8.24
,,,,,60641,9,1638.94,8.24
,,,,,60641,12,1655.9,8.24
,,,,,60642,3,2556.17,14.32
,,,,,60642,6,2571.67,14.32
,,,,,60642,9,2595.94,14.32
,,,,,60642,12,2602.1,14.32
,,,,,60643,3,2124.08,64
,,,,,60643,6,2134.55,64
,,,,,60643,9,2155.9,64
,,,,,60643,12,2242.15,64
,,,,,60644,3,1161.97,6.88
,,,,,60644,6,1178.55,6.88
,,,,,60644,9,1189.55,6.88
,,,,,60644,12,1196.38,6.88
,,,,,60645,3,1600.82,13.01
,,,,,60645,6,1608.67,13.01
,,,,,60645,9,1615.05,13.01
,,,,,60645,12,1641.32,13.01
,,,,,60647,3,2141.81,5.27
,,,,,60647,6,2156.43,5.27
,,,,,60647,9,2172.61,5.27
,,,,,60647,12,2188.48,5.27
,,,,,60649,3,1214.17,9.8
,,,,,60649,6,1229.02,9.8
,,,,,60649,9,1234.26,9.8
,,,,,60649,12,1245.83,9.8
,,,,,60651,3,1624.18,4.42
,,,,,60651,6,1658.8,4.42
,,,,,60651,9,1686.57,4.42
,,,,,60651,12,1713.87,4.42
,,,,,60653,3,2006.35,14.03
,,,,,60653,6,2030.06,14.03
,,,,,60653,9,2044.25,14.03
,,,,,60653,12,2082.78,14.03
,,,,,60654,3,2744.97,9.78
,,,,,60654,6,2760.79,9.78
,,,,,60654,9,2781.95,9.78
,,,,,60654,12,2788.86,9.78
,,,,,60657,3,2116.79,6.56
,,,,,60657,6,2138.42,6.56
,,,,,60657,9,2167.54,6.56
,,,,,60657,12,2181.17,6.56
,,,,,60659,3,1756.63,13.04
,,,,,60659,6,1800.53,13.04
,,,,,60659,9,1833.07,13.04
,,,,,60659,12,1871.59,13.04
,,,,,60660,3,1790.6,7.39
,,,,,60660,6,1805.96,7.39
,,,,,60660,9,1822.56,7.39
,,,,,60660,12,1833.67,7.39
,,,,,60661,3,2583.11,7.33
,,,,,60661,6,2599.57,7.33
,,,,,60661,9,2605.66,7.33
,,,,,60661,12,2614.37,7.33
,,,,,60707,3,1661.14,19.9
,,,,,60707,6,1720.71,19.9
,,,,,60707,9,1737.17,19.9
,,,,,60707,12,1765.3,19.9
,,,,,60804,3,1262.09,7.18
,,,,,60804,6,1287.31,7.18
,,,,,60804,9,1290.76,7.18
,,,,,60804,12,1291.2,7.18
,,,,,60827,3,1141.04,9.82
,,,,,60827,6,1128.03,9.82
,,,,,60827,9,1153.79,9.82
,,,,,60827,12,1187.67,9.82
,,,,,60901,3,1128.04,3.39
,,,,,60901,6,1128.83,3.39
,,,,,60901,9,1128.92,3.39
,,,,,60901,12,1147.1,3.39
,,,,,61101,3,1072.74,12.75
,,,,,61101,6,1086.82,12.75
,,,,,61101,9,1105.09,12.75
,,,,,61101,12,1132.62,12.75
,,,,,61103,3,890.16,10.86
,,,,,61103,6,902.38,10.86
,,,,,61103,9,906.02,10.86
,,,,,61103,12,912.88,10.86
,,,,,61104,3,1075.02,14.19
,,,,,61104,6,1087.59,14.19
,,,,,61104,9,1126.19,14.19
,,,,,61104,12,1168.96,14.19
,,,,,61107,3,1425.89,16.15
,,,,,61107,6,1455.47,16.15
,,,,,61107,9,1472.61,16.15
,,,,,61107,12,1494.89,16.15
,,,,,61108,3,1218.98,7.13
,,,,,61108,6,1260.14,7.13
,,,,,61108,9,1281.96,7.13
,,,,,61108,12,1347.02,7.13
,,,,,61111,3,1504.04,8.25
,,,,,61111,6,1503.9,8.25
,,,,,61111,9,1519.86,8.25
,,,,,61111,12,1556.47,8.25
,,,,,61201,3,858.63,13.83
,,,,,61201,6,860.63,13.83
,,,,,61201,9,833.31,13.83
,,,,,61201,12,849.97,13.83
,,,,,61265,3,952.67,10.56
,,,,,61265,6,950.68,10.56
,,,,,61265,9,955.26,10.56
,,,,,61265,12,958.08,10.56
,,,,,61554,3,867.17,4.23
,,,,,61554,6,892.6,4.23
,,,,,61554,9,916.83,4.23
,,,,,61554,12,962.78,4.23
,,,,,61603,3,1062.67,17.48
,,,,,61603,6,1067.21,17.48
,,,,,61603,9,1091.31,17.48
,,,,,61603,12,1108.88,17.48
,,,,,61604,3,1004.56,14.12
,,,,,61604,6,1046.99,14.12
,,,,,61604,9,1054.25,14.12
,,,,,61604,12,1091.33,14.12
,,,,,61606,3,1176.79,11.54
,,,,,61606,6,1231.5,11.54
,,,,,61606,9,1276.79,11.54
,,,,,61606,12,1333.31,11.54
,,,,,61614,3,1302.9,13.73
,,,,,61614,6,1323.39,13.73
,,,,,61614,9,1298.51,13.73
,,,,,61614,12,1358.97,13.73
,,,,,61701,3,1180.09,9.6
,,,,,61701,6,1211.52,9.6
,,,,,61701,9,1233.68,9.6
,,,,,61701,12,1263.12,9.6
,,,,,61704,3,1415.2,13.04
,,,,,61704,6,1424.7,13.04
,,,,,61704,9,1437.09,13.04
,,,,,61704,12,1449.87,13.04
,,,,,61761,3,1558.42,26.53
,,,,,61761,6,1570.48,26.53
,,,,,61761,9,1568.65,26.53
,,,,,61761,12,1584.55,26.53
,,,,,61801,3,1321.95,12.57
,,,,,61801,6,1344.83,12.57
,,,,,61801,9,1346.29,12.57
,,,,,61801,12,1348.39,12.57
,,,,,61820,3,1214.51,6.67
,,,,,61820,6,1239.51,6.67
,,,,,61820,9,1264.72,6.67
,,,,,61820,12,1285.86,6.67
,,,,,61821,3,1289.24,15.87
,,,,,61821,6,1297.74,15.87
,,,,,61821,9,1312.42,15.87
,,,,,61821,12,1330.28,15.87
,,,,,61822,3,1824.24,13.01
,,,,,61822,6,1860.39,13.01
,,,,,61822,9,1890.85,13.01
,,,,,61822,12,1934.1,13.01
,,,,,61832,3,832.61,16.45
,,,,,61832,6,828.74,16.45
,,,,,61832,9,834.05,16.45
,,,,,61832,12,842.53,16.45
,,,,,61866,3,742.25,4.5
,,,,,61866,6,759.2,4.5
,,,,,61866,9,781.53,4.5
,,,,,61866,12,790.83,4.5
,,,,,62002,3,964.09,6.81
,,,,,62002,6,957.83,6.81
,,,,,62002,9,937.88,6.81
,,,,,62002,12,957.93,6.81
,,,,,62025,3,1357.1,16.32
,,,,,62025,6,1417.89,16.32
,,,,,62025,9,1407,16.32
,,,,,62025,12,1441.73,16.32
,,,,,62040,3,925.95,8.26
,,,,,62040,6,956.24,8.26
,,,,,62040,9,957.32,8.26
,,,,,62040,12,971.81,8.26
,,,,,62220,3,923.34,10.85
,,,,,62220,6,906.34,10.85
,,,,,62220,9,892.24,10.85
,,,,,62220,12,920.97,10.85
,,,,,62221,3,1241.51,8.45
,,,,,62221,6,1268.32,8.45
,,,,,62221,9,1292,8.45
,,,,,62221,12,1319.09,8.45
,,,,,62226,3,980.78,9.92
,,,,,62226,6,981.99,9.92
,,,,,62226,9,992.96,9.92
,,,,,62226,12,994.07,9.92
,,,,,62234,3,1048.2,10.51
,,,,,62234,6,1064.97,10.51
,,,,,62234,9,1068.93,10.51
,,,,,62234,12,1067.48,10.51
,,,,,62269,3,1328.57,6.48
,,,,,62269,6,1335.84,6.48
,,,,,62269,9,1344.06,6.48
,,,,,62269,12,1356.27,6.48
,,,,,62301,3,1022.58,13.58
,,,,,62301,6,1022.68,13.58
,,,,,62301,9,1092.62,13.58
,,,,,62301,12,1116.93,13.58
,,,,,62702,3,1191.09,19.09
,,,,,62702,6,1209.11,19.09
,,,,,62702,9,1225.67,19.09
,,,,,62702,12,1246.63,19.09
,,,,,62703,3,961.03,12.08
,,,,,62703,6,955.39,12.08
,,,,,62703,9,980.34,12.08
,,,,,62703,12,1007.36,12.08
,,,,,62704,3,1086.19,6.45
,,,,,62704,6,1104.14,6.45
,,,,,62704,9,1126.34,6.45
,,,,,62704,12,1146.87,6.45
,,,,,62901,3,608.98,6.75
,,,,,62901,6,613.07,6.75
,,,,,62901,9,629.59,6.75
,,,,,62901,12,619.69,6.75
,,,,,62959,3,1008.29,9.18
,,,,,62959,6,1009.42,9.18
,,,,,62959,9,1015.82,9.18
,,,,,62959,12,1031.05,9.18
,,,,,63011,3,2035.25,0
,,,,,63011,6,2035.25,0
,,,,,63011,9,2035.25,0
,,,,,63011,12,2035.25,0
,,,,,63017,3,1654.26,10.99
,,,,,63017,6,1677,10.99
,,,,,63017,9,1708.96,10.99
,,,,,63017,12,1698.74,10.99
,,,,,63021,3,1517.3,8.39
,,,,,63021,6,1539.46,8.39
,,,,,63021,9,1555.27,8.39
,,,,,63021,12,1568.79,8.39
,,,,,63026,3,1663.26,18.42
,,,,,63026,6,1662.61,18.42
,,,,,63026,9,1703.9,18.42
,,,,,63026,12,1760.9,18.42
,,,,,63031,3,1468.06,9.71
,,,,,63031,6,1473.66,9.71
,,,,,63031,9,1490.01,9.71
,,,,,63031,12,1507.22,9.71
,,,,,63033,3,1469.24,4.79
,,,,,63033,6,1479.36,4.79
,,,,,63033,9,1486.87,4.79
,,,,,63033,12,1498.58,4.79
,,,,,63042,3,1309.38,13.24
,,,,,63042,6,1363.37,13.24
,,,,,63042,9,1358.68,13.24
,,,,,63042,12,1344.64,13.24
,,,,,63043,3,1619.8,17.47
,,,,,63043,6,1619.84,17.47
,,,,,63043,9,1553.17,17.47
,,,,,63043,12,1587.59,17.47
,,,,,63074,3,1463.83,29.21
,,,,,63074,6,1479.15,29.21
,,,,,63074,9,1489.64,29.21
,,,,,63074,12,1533.41,29.21
,,,,,63101,3,1455.07,11.34
,,,,,63101,6,1462.19,11.34
,,,,,63101,9,1502.15,11.34
,,,,,63101,12,1512.75,11.34
,,,,,63102,3,1565.67,17.75
,,,,,63102,6,1560.43,17.75
,,,,,63102,9,1563.37,17.75
,,,,,63102,12,1540.84,17.75
,,,,,63103,3,1456.36,8.44
,,,,,63103,6,1467.11,8.44
,,,,,63103,9,1462.79,8.44
,,,,,63103,12,1476.81,8.44
,,,,,63104,3,1338.01,8.97
,,,,,63104,6,1350.82,8.97
,,,,,63104,9,1363.83,8.97
,,,,,63104,12,1379.59,8.97
,,,,,63105,3,1589.52,10.91
,,,,,63105,6,1592.12,10.91
,,,,,63105,9,1593.76,10.91
,,,,,63105,12,1595.61,10.91
,,,,,63108,3,1495.18,8
,,,,,63108,6,1511.87,8
,,,,,63108,9,1514.44,8
,,,,,63108,12,1532.18,8
,,,,,63109,3,1133.19,7.96
,,,,,63109,6,1142.89,7.96
,,,,,63109,9,1157.84,7.96
,,,,,63109,12,1168.41,7.96
,,,,,63110,3,1406.48,5.29
,,,,,63110,6,1424.47,5.29
,,,,,63110,9,1439.98,5.29
,,,,,63110,12,1452.1,5.29
,,,,,63111,3,848.61,10.73
,,,,,63111,6,852.1,10.73
,,,,,63111,9,867.26,10.73
,,,,,63111,12,878.88,10.73
,,,,,63112,3,1220.07,13.89
,,,,,63112,6,1231.52,13.89
,,,,,63112,9,1245.06,13.89
,,,,,63112,12,1259.06,13.89
,,,,,63114,3,1260.02,5.85
,,,,,63114,6,1273.54,5.85
,,,,,63114,9,1293.13,5.85
,,,,,63114,12,1315.64,5.85
,,,,,63116,3,1030.9,6.62
,,,,,63116,6,1041.59,6.62
,,,,,63116,9,1057.8,6.62
,,,,,63116,12,1075.84,6.62
,,,,,63117,3,1498.75,10.73
,,,,,63117,6,1511.25,10.73
,,,,,63117,9,1542.34,10.73
,,,,,63117,12,1548.2,10.73
,,,,,63118,3,1098.46,8.12
,,,,,63118,6,1105.27,8.12
,,,,,63118,9,1116.52,8.12
,,,,,63118,12,1128,8.12
,,,,,63119,3,1579.92,23.17
,,,,,63119,6,1608.62,23.17
,,,,,63119,9,1604.03,23.17
,,,,,63119,12,1611.68,23.17
,,,,,63121,3,1126.26,10.32
,,,,,63121,6,1132.54,10.32
,,,,,63121,9,1146.77,10.32
,,,,,63121,12,1147.68,10.32
,,,,,63122,3,2000.85,12.66
,,,,,63122,6,2020.67,12.66
,,,,,63122,9,2046.86,12.66
,,,,,63122,12,2077.29,12.66
,,,,,63123,3,1492.66,16.69
,,,,,63123,6,1523.2,16.69
,,,,,63123,9,1539.26,16.69
,,,,,63123,12,1562.77,16.69
,,,,,63128,3,1296.76,6.05
,,,,,63128,6,1296.78,6.05
,,,,,63128,9,1296.79,6.05
,,,,,63128,12,1326.56,6.05
,,,,,63130,3,1430.63,11.55
,,,,,63130,6,1447.45,11.55
,,,,,63130,9,1456.27,11.55
,,,,,63130,12,1475.15,11.55
,,,,,63132,3,1631.62,13.88
,,,,,63132,6,1645.75,13.88
,,,,,63132,9,1664.98,13.88
,,,,,63132,12,1667.74,13.88
,,,,,63134,3,1248.62,23.43
,,,,,63134,6,1293.92,23.43
,,,,,63134,9,1321.79,23.43
,,,,,63134,12,1327.15,23.43
,,,,,63135,3,1242.69,10.89
,,,,,63135,6,1243.86,10.89
,,,,,63135,9,1261.83,10.89
,,,,,63135,12,1268.9,10.89
,,,,,63136,3,1264.33,10.65
,,,,,63136,6,1277.12,10.65
,,,,,63136,9,1294.88,10.65
,,,,,63136,12,1306.33,10.65
,,,,,63137,3,1285.22,9.32
,,,,,63137,6,1288.19,9.32
,,,,,63137,9,1299.61,9.32
,,,,,63137,12,1302.99,9.32
,,,,,63138,3,1323.72,13.44
,,,,,63138,6,1354.2,13.44
,,,,,63138,9,1388.95,13.44
,,,,,63138,12,1410.71,13.44
,,,,,63139,3,1129.6,5.14
,,,,,63139,6,1145.63,5.14
,,,,,63139,9,1157.84,5.14
,,,,,63139,12,1171.5,5.14
,,,,,63141,3,1309.02,7.54
,,,,,63141,6,1320.45,7.54
,,,,,63141,9,1329.38,7.54
,,,,,63141,12,1344.91,7.54
,,,,,63143,3,1133.3,14.42
,,,,,63143,6,1161.95,14.42
,,,,,63143,9,1167.42,14.42
,,,,,63143,12,1186.91,14.42
,,,,,63144,3,1714.56,19.42
,,,,,63144,6,1727.62,19.42
,,,,,63144,9,1725.43,19.42
,,,,,63144,12,1729.14,19.42
,,,,,63146,3,1340.2,14.15
,,,,,63146,6,1360.71,14.15
,,,,,63146,9,1377.45,14.15
,,,,,63146,12,1384.94,14.15
,,,,,63301,3,1330,4.84
,,,,,63301,6,1338.76,4.84
,,,,,63301,9,1351.12,4.84
,,,,,63301,12,1359.74,4.84
,,,,,63303,3,1471.79,6.89
,,,,,63303,6,1484.5,6.89
,,,,,63303,9,1485.18,6.89
,,,,,63303,12,1499.49,6.89
,,,,,63304,3,1695.37,11.26
,,,,,63304,6,1687.54,11.26
,,,,,63304,9,1687.97,11.26
,,,,,63304,12,1695.21,11.26
,,,,,63366,3,1875.55,15.37
,,,,,63366,6,1887.17,15.37
,,,,,63366,9,1965.76,15.37
,,,,,63366,12,1955.28,15.37
,,,,,63367,3,1749.18,15.1
,,,,,63367,6,1770.13,15.1
,,,,,63367,9,1776.87,15.1
,,,,,63367,12,1816.74,15.1
,,,,,63368,3,1798.4,9.49
,,,,,63368,6,1811.6,9.49
,,,,,63368,9,1821.73,9.49
,,,,,63368,12,1828.75,9.49
,,,,,63376,3,1576.04,7.08
,,,,,63376,6,1587.82,7.08
,,,,,63376,9,1608.98,7.08
,,,,,63376,12,1622.05,7.08
,,,,,63385,3,1786.46,12.61
,,,,,63385,6,1796.9,12.61
,,,,,63385,9,1801.16,12.61
,,,,,63385,12,1804.22,12.61
,,,,,63501,3,870.78,6.24
,,,,,63501,6,872.85,6.24
,,,,,63501,9,872.65,6.24
,,,,,63501,12,867.9,6.24
,,,,,63701,3,871.85,5.87
,,,,,63701,6,896.27,5.87
,,,,,63701,9,907.6,5.87
,,,,,63701,12,918.07,5.87
,,,,,64012,3,1672.77,7.78
,,,,,64012,6,1694.13,7.78
,,,,,64012,9,1716.33,7.78
,,,,,64012,12,1740.92,7.78
,,,,,64014,3,1716.46,8
,,,,,64014,6,1737.88,8
,,,,,64014,9,1766.84,8
,,,,,64014,12,1788.43,8
,,,,,64015,3,1433.62,6.26
,,,,,64015,6,1443.98,6.26
,,,,,64015,9,1451.11,6.26
,,,,,64015,12,1464.38,6.26
,,,,,64029,3,1730.75,9.12
,,,,,64029,6,1728.83,9.12
,,,,,64029,9,1750.79,9.12
,,,,,64029,12,1757.9,9.12
,,,,,64030,3,1240.62,7.08
,,,,,64030,6,1250.42,7.08
,,,,,64030,9,1272.47,7.08
,,,,,64030,12,1300.85,7.08
,,,,,64050,3,1224.75,8.43
,,,,,64050,6,1248.27,8.43
,,,,,64050,9,1266.72,8.43
,,,,,64050,12,1283.92,8.43
,,,,,64052,3,1117.31,16.35
,,,,,64052,6,1130.73,16.35
,,,,,64052,9,1147.52,16.35
,,,,,64052,12,1158.12,16.35
,,,,,64055,3,1289.42,7.47
,,,,,64055,6,1291.12,7.47
,,,,,64055,9,1299.77,7.47
,,,,,64055,12,1305.59,7.47
,,,,,64057,3,1394.84,7.55
,,,,,64057,6,1428.87,7.55
,,,,,64057,9,1449.56,7.55
,,,,,64057,12,1476.17,7.55
,,,,,64063,3,1480.79,9.7
,,,,,64063,6,1507.61,9.7
,,,,,64063,9,1521.1,9.7
,,,,,64063,12,1542.81,9.7
,,,,,64068,3,1482.84,6.11
,,,,,64068,6,1500.68,6.11
,,,,,64068,9,1519.01,6.11
,,,,,64068,12,1536.51,6.11
,,,,,64081,3,1817.39,17.71
,,,,,64081,6,1816.5,17.71
,,,,,64081,9,1808.39,17.71
,,,,,64081,12,1819.8,17.71
,,,,,64083,3,1706.91,8.5
,,,,,64083,6,1720.79,8.5
,,,,,64083,9,1733.48,8.5
,,,,,64083,12,1748.97,8.5
,,,,,64086,3,1590.03,14.69
,,,,,64086,6,1610.82,14.69
,,,,,64086,9,1629.2,14.69
,,,,,64086,12,1639.33,14.69
,,,,,64093,3,1072,5.65
,,,,,64093,6,1081.07,5.65
,,,,,64093,9,1089.26,5.65
,,,,,64093,12,1104.56,5.65
,,,,,64105,3,1407.23,10.05
,,,,,64105,6,1415.18,10.05
,,,,,64105,9,1431.93,10.05
,,,,,64105,12,1430.94,10.05
,,,,,64106,3,1706.73,15.54
,,,,,64106,6,1707.1,15.54
,,,,,64106,9,1703.93,15.54
,,,,,64106,12,1679.44,15.54
,,,,,64108,3,1556,7.82
,,,,,64108,6,1564.45,7.82
,,,,,64108,9,1572.23,7.82
,,,,,64108,12,1576.05,7.82
,,,,,64109,3,1092.24,4.74
,,,,,64109,6,1105.49,4.74
,,,,,64109,9,1116.47,4.74
,,,,,64109,12,1129.33,4.74
,,,,,64110,3,1348.05,10.63
,,,,,64110,6,1361.7,10.63
,,,,,64110,9,1372.97,10.63
,,,,,64110,12,1389.94,10.63
,,,,,64111,3,1258.8,5.73
,,,,,64111,6,1268.8,5.73
,,,,,64111,9,1278.74,5.73
,,,,,64111,12,1293.01,5.73
,,,,,64112,3,1475.94,17.75
,,,,,64112,6,1495.62,17.75
,,,,,64112,9,1499.22,17.75
,,,,,64112,12,1508.74,17.75
,,,,,64114,3,1457.11,13.77
,,,,,64114,6,1468.47,13.77
,,,,,64114,9,1496.72,13.77
,,,,,64114,12,1519.75,13.77
,,,,,64116,3,1468.45,7.86
,,,,,64116,6,1483.53,7.86
,,,,,64116,9,1499.97,7.86
,,,,,64116,12,1513.76,7.86
,,,,,64117,3,1365.4,9.39
,,,,,64117,6,1395.95,9.39
,,,,,64117,9,1414.9,9.39
,,,,,64117,12,1429.49,9.39
,,,,,64118,3,1440.84,5.74
,,,,,64118,6,1461.12,5.74
,,,,,64118,9,1477.46,5.74
,,,,,64118,12,1497.62,5.74
,,,,,64119,3,1515.39,9.15
,,,,,64119,6,1525.06,9.15
,,,,,64119,9,1532.91,9.15
,,,,,64119,12,1543.1,9.15
,,,,,64120,3,1440.48,19.48
,,,,,64120,6,1509.25,19.48
,,,,,64120,9,1480.83,19.48
,,,,,64120,12,1520.93,19.48
,,,,,64124,3,1040.89,14.87
,,,,,64124,6,1037.5,14.87
,,,,,64124,9,1065.52,14.87
,,,,,64124,12,1088.9,14.87
,,,,,64127,3,1110.08,17.65
,,,,,64127,6,1125.01,17.65
,,,,,64127,9,1154.09,17.65
,,,,,64127,12,1178.39,17.65
,,,,,64128,3,1170.34,23.06
,,,,,64128,6,1195.98,23.06
,,,,,64128,9,1200.18,23.06
,,,,,64128,12,1202.39,23.06
,,,,,64129,3,953.8,17.84
,,,,,64129,6,934.25,17.84
,,,,,64129,9,931.14,17.84
,,,,,64129,12,949.33,17.84
,,,,,64130,3,1353.21,9.44
,,,,,64130,6,1372.67,9.44
,,,,,64130,9,1387.81,9.44
,,,,,64130,12,1398.82,9.44
,,,,,64131,3,1312.99,6.06
,,,,,64131,6,1325.49,6.06
,,,,,64131,9,1345.24,6.06
,,,,,64131,12,1365.76,6.06
,,,,,64132,3,1128.43,8.44
,,,,,64132,6,1147.69,8.44
,,,,,64132,9,1159.84,8.44
,,,,,64132,12,1175.55,8.44
,,,,,64133,3,1359.95,10.14
,,,,,64133,6,1366.49,10.14
,,,,,64133,9,1378.65,10.14
,,,,,64133,12,1383.51,10.14
,,,,,64134,3,1375.75,10.46
,,,,,64134,6,1398.9,10.46
,,,,,64134,9,1417.4,10.46
,,,,,64134,12,1437.69,10.46
,,,,,64137,3,1095.19,15.2
,,,,,64137,6,1091.85,15.2
,,,,,64137,9,1096.95,15.2
,,,,,64137,12,1108.39,15.2
,,,,,64138,3,1305.85,7.7
,,,,,64138,6,1318.2,7.7
,,,,,64138,9,1326.23,7.7
,,,,,64138,12,1344.95,7.7
,,,,,64151,3,1501.78,13.52
,,,,,64151,6,1516.22,13.52
,,,,,64151,9,1525.85,13.52
,,,,,64151,12,1540.99,13.52
,,,,,64152,3,1597.98,11.98
,,,,,64152,6,1623.37,11.98
,,,,,64152,9,1649.38,11.98
,,,,,64152,12,1673.99,11.98
,,,,,64153,3,1534.02,12.33
,,,,,64153,6,1515.95,12.33
,,,,,64153,9,1528.81,12.33
,,,,,64153,12,1524.66,12.33
,,,,,64154,3,1549.22,10.17
,,,,,64154,6,1586.85,10.17
,,,,,64154,9,1632.54,10.17
,,,,,64154,12,1615.78,10.17
,,,,,64155,3,1733.51,11.34
,,,,,64155,6,1754.87,11.34
,,,,,64155,9,1764.19,11.34
,,,,,64155,12,1773.36,11.34
,,,,,64801,3,998.1,6.81
,,,,,64801,6,1016.92,6.81
,,,,,64801,9,1044.16,6.81
,,,,,64801,12,1082.94,6.81
,,,,,64804,3,1288.72,6.27
,,,,,64804,6,1290.45,6.27
,,,,,64804,9,1302.08,6.27
,,,,,64804,12,1320.88,6.27
,,,,,65101,3,760.71,2.67
,,,,,65101,6,760.69,2.67
,,,,,65101,9,760.69,2.67
,,,,,65101,12,763.24,2.67
,,,,,65109,3,910.93,9.84
,,,,,65109,6,919.83,9.84
,,,,,65109,9,886.42,9.84
,,,,,65109,12,932.05,9.84
,,,,,65201,3,1536.26,11.15
,,,,,65201,6,1558.43,11.15
,,,,,65201,9,1579.89,11.15
,,,,,65201,12,1601.13,11.15
,,,,,65202,3,1029.87,4.37
,,,,,65202,6,1043.77,4.37
,,,,,65202,9,1059.66,4.37
,,,,,65202,12,1078,4.37
,,,,,65203,3,1250.6,6.45
,,,,,65203,6,1269.54,6.45
,,,,,65203,9,1289.06,6.45
,,,,,65203,12,1310.85,6.45
,,,,,65401,3,844.7,7.85
,,,,,65401,6,872.26,7.85
,,,,,65401,9,883.72,7.85
,,,,,65401,12,891.62,7.85
,,,,,65583,3,1084.46,14.62
,,,,,65583,6,1130.04,14.62
,,,,,65583,9,1122.61,14.62
,,,,,65583,12,1166.02,14.62
,,,,,65584,3,1049.46,9.62
,,,,,65584,6,1050.69,9.62
,,,,,65584,9,1028.95,9.62
,,,,,65584,12,1023.84,9.62
,,,,,65616,3,1270.18,14.17
,,,,,65616,6,1262.83,14.17
,,,,,65616,9,1291.63,14.17
,,,,,65616,12,1298.66,14.17
,,,,,65714,3,1537.36,14.62
,,,,,65714,6,1529.87,14.62
,,,,,65714,9,1547.39,14.62
,,,,,65714,12,1535.17,14.62
,,,,,65721,3,1357.5,8.46
,,,,,65721,6,1363.31,8.46
,,,,,65721,9,1374.85,8.46
,,,,,65721,12,1386.91,8.46
,,,,,65738,3,1410.01,13.07
,,,,,65738,6,1409.59,13.07
,,,,,65738,9,1410.39,13.07
,,,,,65738,12,1403.71,13.07
,,,,,65802,3,1023.6,3.95
,,,,,65802,6,1030.27,3.95
,,,,,65802,9,1044.03,3.95
,,,,,65802,12,1058.11,3.95
,,,,,65803,3,1024.51,11.1
,,,,,65803,6,1026.86,11.1
,,,,,65803,9,1036.12,11.1
,,,,,65803,12,1049.43,11.1
,,,,,65804,3,1332.61,6.52
,,,,,65804,6,1347.79,6.52
,,,,,65804,9,1363.2,6.52
,,,,,65804,12,1372.83,6.52
,,,,,65806,3,894.43,9.43
,,,,,65806,6,900.23,9.43
,,,,,65806,9,894.01,9.43
,,,,,65806,12,910.67,9.43
,,,,,65807,3,1210.11,7.17
,,,,,65807,6,1224.18,7.17
,,,,,65807,9,1240.43,7.17
,,,,,65807,12,1252.39,7.17
,,,,,65810,3,1666.69,22.74
,,,,,65810,6,1676.2,22.74
,,,,,65810,9,1671.72,22.74
,,,,,65810,12,1716.91,22.74
,,,,,66030,3,1481.3,5.68
,,,,,66030,6,1499.89,5.68
,,,,,66030,9,1516.51,5.68
,,,,,66030,12,1533.07,5.68
,,,,,66044,3,1433.43,16.09
,,,,,66044,6,1449.41,16.09
,,,,,66044,9,1465.43,16.09
,,,,,66044,12,1473.73,16.09
,,,,,66046,3,1323.16,13.19
,,,,,66046,6,1313.83,13.19
,,,,,66046,9,1314.46,13.19
,,,,,66046,12,1323.54,13.19
,,,,,66047,3,1363.76,5.94
,,,,,66047,6,1393.52,5.94
,,,,,66047,9,1414.66,5.94
,,,,,66047,12,1432.35,5.94
,,,,,66048,3,1200.86,6.34
,,,,,66048,6,1220.11,6.34
,,,,,66048,9,1238.81,6.34
,,,,,66048,12,1251.67,6.34
,,,,,66049,3,1746.3,11.57
,,,,,66049,6,1822.99,11.57
,,,,,66049,9,1867.96,11.57
,,,,,66049,12,1933.31,11.57
,,,,,66061,3,1724.8,18.87
,,,,,66061,6,1746.11,18.87
,,,,,66061,9,1755.35,18.87
,,,,,66061,12,1761.84,18.87
,,,,,66062,3,1699.7,9.13
,,,,,66062,6,1715.8,9.13
,,,,,66062,9,1731.09,9.13
,,,,,66062,12,1744.91,9.13
,,,,,66103,3,1206.56,5.78
,,,,,66103,6,1218.26,5.78
,,,,,66103,9,1226.8,5.78
,,,,,66103,12,1246.28,5.78
,,,,,66109,3,1448.97,14.8
,,,,,66109,6,1452.93,14.8
,,,,,66109,9,1468.48,14.8
,,,,,66109,12,1493.94,14.8
,,,,,66112,3,1025.09,21
,,,,,66112,6,1041.11,21
,,,,,66112,9,1093.14,21
,,,,,66112,12,1089.16,21
,,,,,66202,3,1499.36,15.83
,,,,,66202,6,1530.17,15.83
,,,,,66202,9,1547.81,15.83
,,,,,66202,12,1590.48,15.83
,,,,,66204,3,1684.62,12.01
,,,,,66204,6,1716.71,12.01
,,,,,66204,9,1733.09,12.01
,,,,,66204,12,1755.88,12.01
,,,,,66207,3,1938.42,18.27
,,,,,66207,6,1977.61,18.27
,,,,,66207,9,2034.54,18.27
,,,,,66207,12,2050.76,18.27
,,,,,66208,3,2147.22,17.96
,,,,,66208,6,2179.82,17.96
,,,,,66208,9,2211.5,17.96
,,,,,66208,12,2245,17.96
,,,,,66210,3,1604.16,10.08
,,,,,66210,6,1626.19,10.08
,,,,,66210,9,1636.18,10.08
,,,,,66210,12,1652.98,10.08
,,,,,66212,3,1749.46,15.95
,,,,,66212,6,1768.29,15.95
,,,,,66212,9,1803.98,15.95
,,,,,66212,12,1833.95,15.95
,,,,,66213,3,1754.62,14.43
,,,,,66213,6,1764.2,14.43
,,,,,66213,9,1774.81,14.43
,,,,,66213,12,1789.24,14.43
,,,,,66214,3,1245.55,12.55
,,,,,66214,6,1242.88,12.55
,,,,,66214,9,1249.93,12.55
,,,,,66214,12,1272.15,12.55
,,,,,66215,3,1517.22,8.04
,,,,,66215,6,1539.53,8.04
,,,,,66215,9,1557.4,8.04
,,,,,66215,12,1573.74,8.04
,,,,,66216,3,1734.01,16.92
,,,,,66216,6,1725.76,16.92
,,,,,66216,9,1748.55,16.92
,,,,,66216,12,1768.41,16.92
,,,,,66219,3,1576.58,5.22
,,,,,66219,6,1573.14,5.22
,,,,,66219,9,1570.81,5.22
,,,,,66219,12,1593.89,5.22
,,,,,66221,3,1925.57,0
,,,,,66221,6,1925.57,0
,,,,,66221,9,1925.57,0
,,,,,66221,12,1925.57,0
,,,,,66223,3,1907.47,11.03
,,,,,66223,6,1950.9,11.03
,,,,,66223,9,1966.59,11.03
,,,,,66223,12,2001.98,11.03
,,,,,66441,3,1125.98,5.85
,,,,,66441,6,1131.77,5.85
,,,,,66441,9,1142.25,5.85
,,,,,66441,12,1152.13,5.85
,,,,,66502,3,1165.21,3.54
,,,,,66502,6,1169.42,3.54
,,,,,66502,9,1173.17,3.54
,,,,,66502,12,1178.59,3.54
,,,,,66503,3,1366.66,19.28
,,,,,66503,6,1369.01,19.28
,,,,,66503,9,1350.98,19.28
,,,,,66503,12,1351.85,19.28
,,,,,66604,3,1121.71,12.43
,,,,,66604,6,1158.73,12.43
,,,,,66604,9,1155.8,12.43
,,,,,66604,12,1171.9,12.43
,,,,,66614,3,1383.88,7.08
,,,,,66614,6,1389.73,7.08
,,,,,66614,9,1430.88,7.08
,,,,,66614,12,1449.94,7.08
,,,,,67002,3,1846.18,10.33
,,,,,67002,6,1858.27,10.33
,,,,,67002,9,1865.82,10.33
,,,,,67002,12,1919.38,10.33
,,,,,67037,3,1326.21,9.36
,,,,,67037,6,1344.41,9.36
,,,,,67037,9,1338.69,9.36
,,,,,67037,12,1348.23,9.36
,,,,,67203,3,1126.95,10.89
,,,,,67203,6,1135.54,10.89
,,,,,67203,9,1145.67,10.89
,,,,,67203,12,1154.03,10.89
,,,,,67204,3,1220.84,4.84
,,,,,67204,6,1220.84,4.84
,,,,,67204,9,1220.84,4.84
,,,,,67204,12,1238.34,4.84
,,,,,67205,3,1419.12,7
,,,,,67205,6,1419.1,7
,,,,,67205,9,1441.25,7
,,,,,67205,12,1435.15,7
,,,,,67206,3,1076.24,12.13
,,,,,67206,6,1073.27,12.13
,,,,,67206,9,1080.17,12.13
,,,,,67206,12,1055.85,12.13
,,,,,67207,3,1306.33,11.35
,,,,,67207,6,1324.75,11.35
,,,,,67207,9,1339.35,11.35
,,,,,67207,12,1365.87,11.35
,,,,,67208,3,1038.47,7.05
,,,,,67208,6,1047.76,7.05
,,,,,67208,9,1058.41,7.05
,,,,,67208,12,1067.29,7.05
,,,,,67211,3,955.79,16.21
,,,,,67211,6,958.79,16.21
,,,,,67211,9,967.4,16.21
,,,,,67211,12,981.07,16.21
,,,,,67212,3,1289.91,10.49
,,,,,67212,6,1304.72,10.49
,,,,,67212,9,1318.28,10.49
,,,,,67212,12,1339.47,10.49
,,,,,67213,3,922.04,6.5
,,,,,67213,6,927.41,6.5
,,,,,67213,9,938.75,6.5
,,,,,67213,12,947.83,6.5
,,,,,67214,3,832.06,11.05
,,,,,67214,6,851.19,11.05
,,,,,67214,9,885.56,11.05
,,,,,67214,12,890.98,11.05
,,,,,67216,3,1006.03,22.56
,,,,,67216,6,1019.95,22.56
,,,,,67216,9,1022.09,22.56
,,,,,67216,12,1069.94,22.56
,,,,,67217,3,1056.58,9.17
,,,,,67217,6,1057.55,9.17
,,,,,67217,9,1070.21,9.17
,,,,,67217,12,1073.5,9.17
,,,,,67218,3,1067.94,7.42
,,,,,67218,6,1071.92,7.42
,,,,,67218,9,1079.22,7.42
,,,,,67218,12,1087.61,7.42
,,,,,67219,3,1239.87,8.47
,,,,,67219,6,1255.1,8.47
,,,,,67219,9,1283.02,8.47
,,,,,67219,12,1275.52,8.47
,,,,,67226,3,1296.24,6.71
,,,,,67226,6,1296.25,6.71
,,,,,67226,9,1288.83,6.71
,,,,,67226,12,1325.87,6.71
,,,,,67401,3,1044.94,6.21
,,,,,67401,6,1042.23,6.21
,,,,,67401,9,1039.05,6.21
,,,,,67401,12,1048.11,6.21
,,,,,67501,3,736.96,5.26
,,,,,67501,6,742.96,5.26
,,,,,67501,9,749.9,5.26
,,,,,67501,12,757.19,5.26
,,,,,68005,3,1257.04,8.74
,,,,,68005,6,1288.15,8.74
,,,,,68005,9,1297.76,8.74
,,,,,68005,12,1319.78,8.74
,,,,,68022,3,1762.88,7.96
,,,,,68022,6,1785.69,7.96
,,,,,68022,9,1803.81,7.96
,,,,,68022,12,1825.14,7.96
,,,,,68025,3,1182.49,6.95
,,,,,68025,6,1209.33,6.95
,,,,,68025,9,1226.01,6.95
,,,,,68025,12,1235.83,6.95
,,,,,68046,3,1454.15,15.72
,,,,,68046,6,1458.75,15.72
,,,,,68046,9,1474.73,15.72
,,,,,68046,12,1474.59,15.72
,,,,,68102,3,1226.85,4.83
,,,,,68102,6,1232.41,4.83
,,,,,68102,9,1238.25,4.83
,,,,,68102,12,1243.89,4.83
,,,,,68104,3,1410.97,16.87
,,,,,68104,6,1428.59,16.87
,,,,,68104,9,1447.59,16.87
,,,,,68104,12,1477.42,16.87
,,,,,68105,3,1156.71,5.17
,,,,,68105,6,1175.26,5.17
,,,,,68105,9,1191.73,5.17
,,,,,68105,12,1208.46,5.17
,,,,,68106,3,1778.15,7.37
,,,,,68106,6,1808.9,7.37
,,,,,68106,9,1834.56,7.37
,,,,,68106,12,1854.23,7.37
,,,,,68108,3,1326.53,16.23
,,,,,68108,6,1344.58,16.23
,,,,,68108,9,1337.11,16.23
,,,,,68108,12,1366.04,16.23
,,,,,68111,3,1263.96,17.32
,,,,,68111,6,1298.08,17.32
,,,,,68111,9,1315.92,17.32
,,,,,68111,12,1342.33,17.32
,,,,,68114,3,1376.16,11.43
,,,,,68114,6,1384.39,11.43
,,,,,68114,9,1382.16,11.43
,,,,,68114,12,1397.4,11.43
,,,,,68116,3,1884.23,7.03
,,,,,68116,6,1904.97,7.03
,,,,,68116,9,1926.93,7.03
,,,,,68116,12,1941.23,7.03
,,,,,68123,3,1420.95,5.8
,,,,,68123,6,1428.6,5.8
,,,,,68123,9,1436.37,5.8
,,,,,68123,12,1441.64,5.8
,,,,,68124,3,1513.17,13.21
,,,,,68124,6,1497.82,13.21
,,,,,68124,9,1539.23,13.21
,,,,,68124,12,1514.76,13.21
,,,,,68127,3,1095.84,3.56
,,,,,68127,6,1104.97,3.56
,,,,,68127,9,1112.01,3.56
,,,,,68127,12,1117.31,3.56
,,,,,68128,3,1263.42,6.78
,,,,,68128,6,1266.63,6.78
,,,,,68128,9,1274.41,6.78
,,,,,68128,12,1285.02,6.78
,,,,,68130,3,1539.06,13.25
,,,,,68130,6,1578.81,13.25
,,,,,68130,9,1569.33,13.25
,,,,,68130,12,1582.26,13.25
,,,,,68131,3,1169.49,6.22
,,,,,68131,6,1175.57,6.22
,,,,,68131,9,1189.35,6.22
,,,,,68131,12,1197.64,6.22
,,,,,68132,3,1167.33,9.64
,,,,,68132,6,1179.35,9.64
,,,,,68132,9,1189.05,9.64
,,,,,68132,12,1197.93,9.64
,,,,,68134,3,1170.91,7.06
,,,,,68134,6,1189.62,7.06
,,,,,68134,9,1200.09,7.06
,,,,,68134,12,1201.27,7.06
,,,,,68135,3,1848.38,7.91
,,,,,68135,6,1874.43,7.91
,,,,,68135,9,1893.34,7.91
,,,,,68135,12,1907.06,7.91
,,,,,68136,3,1883.37,10.42
,,,,,68136,6,1884.42,10.42
,,,,,68136,9,1884.88,10.42
,,,,,68136,12,1908.94,10.42
,,,,,68137,3,1788.37,14.59
,,,,,68137,6,1796.43,14.59
,,,,,68137,9,1814.93,14.59
,,,,,68137,12,1822.31,14.59
,,,,,68138,3,1455.2,6.92
,,,,,68138,6,1468.17,6.92
,,,,,68138,9,1484.01,6.92
,,,,,68138,12,1506.51,6.92
,,,,,68144,3,1543.24,8.24
,,,,,68144,6,1558.32,8.24
,,,,,68144,9,1571.7,8.24
,,,,,68144,12,1579.83,8.24
,,,,,68154,3,1200.09,4.26
,,,,,68154,6,1198.69,4.26
,,,,,68154,9,1204.29,4.26
,,,,,68154,12,1212.59,4.26
,,,,,68164,3,1325.15,5.25
,,,,,68164,6,1333.89,5.25
,,,,,68164,9,1338.21,5.25
,,,,,68164,12,1343.63,5.25
,,,,,68502,3,884.32,3.08
,,,,,68502,6,891.78,3.08
,,,,,68502,9,897.14,3.08
,,,,,68502,12,903.92,3.08
,,,,,68503,3,1079.28,7.61
,,,,,68503,6,1087.61,7.61
,,,,,68503,9,1096.11,7.61
,,,,,68503,12,1107.44,7.61
,,,,,68504,3,1176.97,3.83
,,,,,68504,6,1192.53,3.83
,,,,,68504,9,1208.35,3.83
,,,,,68504,12,1222.72,3.83
,,,,,68505,3,1300.01,6.87
,,,,,68505,6,1314.24,6.87
,,,,,68505,9,1335.55,6.87
,,,,,68505,12,1335.97,6.87
,,,,,68506,3,1178.21,7.07
,,,,,68506,6,1186.48,7.07
,,,,,68506,9,1192.54,7.07
,,,,,68506,12,1198.7,7.07
,,,,,68507,3,1708.86,7.15
,,,,,68507,6,1759.33,7.15
,,,,,68507,9,1810.78,7.15
,,,,,68507,12,1891.22,7.15
,,,,,68508,3,741.97,6.19
,,,,,68508,6,747.73,6.19
,,,,,68508,9,750.66,6.19
,,,,,68508,12,756.97,6.19
,,,,,68510,3,982.05,6.15
,,,,,68510,6,988.41,6.15
,,,,,68510,9,1013.89,6.15
,,,,,68510,12,1023.71,6.15
,,,,,68512,3,1554.14,13.13
,,,,,68512,6,1563,13.13
,,,,,68512,9,1575.55,13.13
,,,,,68512,12,1586.12,13.13
,,,,,68516,3,1410.21,4.29
,,,,,68516,6,1425.31,4.29
,,,,,68516,9,1439.8,4.29
,,,,,68516,12,1453.37,4.29
,,,,,68521,3,1395.11,7.58
,,,,,68521,6,1402.17,7.58
,,,,,68521,9,1421.72,7.58
,,,,,68521,12,1440.82,7.58
,,,,,68522,3,1270.03,0.3
,,,,,68522,6,1270.03,0.3
,,,,,68522,9,1270.03,0.3
,,,,,68522,12,1268.94,0.3
,,,,,68526,3,1433.63,6.54
,,,,,68526,6,1460.21,6.54
,,,,,68526,9,1476.88,6.54
,,,,,68526,12,1493.09,6.54
,,,,,69101,3,887.54,4.94
,,,,,69101,6,899.41,4.94
,,,,,69101,9,907.47,4.94
,,,,,69101,12,921.65,4.94
,,,,,70001,3,1712,10.41
,,,,,70001,6,1725.24,10.41
,,,,,70001,9,1742.45,10.41
,,,,,70001,12,1746.66,10.41
,,,,,70002,3,1372.96,12.18
,,,,,70002,6,1373.73,12.18
,,,,,70002,9,1365.03,12.18
,,,,,70002,12,1357.38,12.18
,,,,,70003,3,1649.24,8.62
,,,,,70003,6,1650.44,8.62
,,,,,70003,9,1654.35,8.62
,,,,,70003,12,1682.17,8.62
,,,,,70005,3,1819.74,14.96
,,,,,70005,6,1846.41,14.96
,,,,,70005,9,1874.15,14.96
,,,,,70005,12,1896.57,14.96
,,,,,70043,3,1401.17,12.42
,,,,,70043,6,1400.16,12.42
,,,,,70043,9,1446.85,12.42
,,,,,70043,12,1450.33,12.42
,,,,,70058,3,1343.13,8.05
,,,,,70058,6,1343.1,8.05
,,,,,70058,9,1382.55,8.05
,,,,,70058,12,1393.68,8.05
,,,,,70065,3,1746,14.98
,,,,,70065,6,1760.41,14.98
,,,,,70065,9,1777.75,14.98
,,,,,70065,12,1805.98,14.98
,,,,,70072,3,1516.68,21.21
,,,,,70072,6,1512.39,21.21
,,,,,70072,9,1467.74,21.21
,,,,,70072,12,1492.66,21.21
,,,,,70094,3,1338.47,0
,,,,,70094,6,1338.47,0
,,,,,70094,9,1338.47,0
,,,,,70094,12,1338.47,0
,,,,,70112,3,1860.5,9.78
,,,,,70112,6,1866.22,9.78
,,,,,70112,9,1874.09,9.78
,,,,,70112,12,1879.67,9.78
,,,,,70113,3,1591.14,25.62
,,,,,70113,6,1592.36,25.62
,,,,,70113,9,1597.82,25.62
,,,,,70113,12,1606.43,25.62
,,,,,70114,3,1525.89,13
,,,,,70114,6,1521.92,13
,,,,,70114,9,1532.72,13
,,,,,70114,12,1527.1,13
,,,,,70115,3,1612.33,6.75
,,,,,70115,6,1624.01,6.75
,,,,,70115,9,1631.05,6.75
,,,,,70115,12,1641.32,6.75
,,,,,70116,3,1746.73,17.93
,,,,,70116,6,1743.84,17.93
,,,,,70116,9,1748.71,17.93
,,,,,70116,12,1749.02,17.93
,,,,,70117,3,1490.16,11.56
,,,,,70117,6,1497.4,11.56
,,,,,70117,9,1515.26,11.56
,,,,,70117,12,1525.91,11.56
,,,,,70118,3,1673.32,8.02
,,,,,70118,6,1692.14,8.02
,,,,,70118,9,1706.59,8.02
,,,,,70118,12,1714.41,8.02
,,,,,70119,3,1620.96,5.38
,,,,,70119,6,1628.48,5.38
,,,,,70119,9,1644.46,5.38
,,,,,70119,12,1650.87,5.38
,,,,,70122,3,1556.8,19.05
,,,,,70122,6,1570.14,19.05
,,,,,70122,9,1581.54,19.05
,,,,,70122,12,1591.54,19.05
,,,,,70123,3,1625.53,14.28
,,,,,70123,6,1656.92,14.28
,,,,,70123,9,1643.7,14.28
,,,,,70123,12,1644.18,14.28
,,,,,70124,3,1960.63,11.32
,,,,,70124,6,1974.88,11.32
,,,,,70124,9,1989.8,11.32
,,,,,70124,12,2007.59,11.32
,,,,,70125,3,1635.79,8.34
,,,,,70125,6,1646.11,8.34
,,,,,70125,9,1653.19,8.34
,,,,,70125,12,1654.53,8.34
,,,,,70126,3,1470.75,10.4
,,,,,70126,6,1471.27,10.4
,,,,,70126,9,1471.53,10.4
,,,,,70126,12,1480.26,10.4
,,,,,70130,3,1723.03,9
,,,,,70130,6,1738,9
,,,,,70130,9,1746.52,9
,,,,,70130,12,1761.26,9
,,,,,70131,3,1541.22,11.18
,,,,,70131,6,1550.18,11.18
,,,,,70131,9,1594.49,11.18
,,,,,70131,12,1601.67,11.18
,,,,,70301,3,1369.01,12.54
,,,,,70301,6,1370.02,12.54
,,,,,70301,9,1377.37,12.54
,,,,,70301,12,1379.17,12.54
,,,,,70360,3,1281.55,10.94
,,,,,70360,6,1288.17,10.94
,,,,,70360,9,1281.56,10.94
,,,,,70360,12,1328.34,10.94
,,,,,70401,3,1034.37,6.53
,,,,,70401,6,1063.57,6.53
,,,,,70401,9,1066.02,6.53
,,,,,70401,12,1057.24,6.53
,,,,,70403,3,1303.21,8.49
,,,,,70403,6,1312.22,8.49
,,,,,70403,9,1321.58,8.49
,,,,,70403,12,1311.67,8.49
,,,,,70433,3,1542.43,8.85
,,,,,70433,6,1545.19,8.85
,,,,,70433,9,1547,8.85
,,,,,70433,12,1556.04,8.85
,,,,,70448,3,1823.74,13.63
,,,,,70448,6,1838.71,13.63
,,,,,70448,9,1830.53,13.63
,,,,,70448,12,1860.27,13.63
,,,,,70454,3,1525.1,14.54
,,,,,70454,6,1564.86,14.54
,,,,,70454,9,1587,14.54
,,,,,70454,12,1612.68,14.54
,,,,,70458,3,1506.89,15.83
,,,,,70458,6,1514.46,15.83
,,,,,70458,9,1525.86,15.83
,,,,,70458,12,1535.52,15.83
,,,,,70460,3,1632.15,16.61
,,,,,70460,6,1652.03,16.61
,,,,,70460,9,1648.28,16.61
,,,,,70460,12,1659.24,16.61
,,,,,70461,3,1693.75,14.34
,,,,,70461,6,1696.96,14.34
,,,,,70461,9,1701.34,14.34
,,,,,70461,12,1701.63,14.34
,,,,,70471,3,1393.22,8.5
,,,,,70471,6,1386.39,8.5
,,,,,70471,9,1385.39,8.5
,,,,,70471,12,1379.16,8.5
,,,,,70501,3,1061.02,10.36
,,,,,70501,6,1067.76,10.36
,,,,,70501,9,1072.45,10.36
,,,,,70501,12,1078.16,10.36
,,,,,70503,3,1272.97,9.16
,,,,,70503,6,1287.2,9.16
,,,,,70503,9,1295.08,9.16
,,,,,70503,12,1303.32,9.16
,,,,,70506,3,1299.55,4.39
,,,,,70506,6,1307.27,4.39
,,,,,70506,9,1321.2,4.39
,,,,,70506,12,1327.4,4.39
,,,,,70508,3,1388.4,12.63
,,,,,70508,6,1401.95,12.63
,,,,,70508,9,1404.91,12.63
,,,,,70508,12,1418.01,12.63
,,,,,70592,3,1841.08,20.27
,,,,,70592,6,1913.68,20.27
,,,,,70592,9,1937.61,20.27
,,,,,70592,12,1958.37,20.27
,,,,,70601,3,933.76,9.44
,,,,,70601,6,925.62,9.44
,,,,,70601,9,922.57,9.44
,,,,,70601,12,919.86,9.44
,,,,,70605,3,1037.28,6.81
,,,,,70605,6,1026.86,6.81
,,,,,70605,9,1027.02,6.81
,,,,,70605,12,1028.94,6.81
,,,,,70607,3,1088.13,12.9
,,,,,70607,6,1082.13,12.9
,,,,,70607,9,1087.15,12.9
,,,,,70607,12,1083.63,12.9
,,,,,70663,3,1093.51,10.38
,,,,,70663,6,1098.3,10.38
,,,,,70663,9,1109.41,10.38
,,,,,70663,12,1130.85,10.38
,,,,,70726,3,1440.64,10.8
,,,,,70726,6,1456.83,10.8
,,,,,70726,9,1464.85,10.8
,,,,,70726,12,1459.86,10.8
,,,,,70769,3,1942.07,7.9
,,,,,70769,6,1944.87,7.9
,,,,,70769,9,1952.51,7.9
,,,,,70769,12,1968.5,7.9
,,,,,70791,3,1640.95,11.24
,,,,,70791,6,1613.36,11.24
,,,,,70791,9,1645.16,11.24
,,,,,70791,12,1626.55,11.24
,,,,,70802,3,1091.41,8.17
,,,,,70802,6,1093.46,8.17
,,,,,70802,9,1098.97,8.17
,,,,,70802,12,1104.74,8.17
,,,,,70806,3,1210.4,12.4
,,,,,70806,6,1209.65,12.4
,,,,,70806,9,1216.39,12.4
,,,,,70806,12,1228.05,12.4
,,,,,70808,3,1317.61,15.23
,,,,,70808,6,1335.96,15.23
,,,,,70808,9,1337,15.23
,,,,,70808,12,1333.09,15.23
,,,,,70809,3,1354.58,9.23
,,,,,70809,6,1366.55,9.23
,,,,,70809,9,1374.15,9.23
,,,,,70809,12,1385.66,9.23
,,,,,70810,3,1527.66,9.54
,,,,,70810,6,1539.22,9.54
,,,,,70810,9,1544.84,9.54
,,,,,70810,12,1548.29,9.54
,,,,,70816,3,1134.59,7.24
,,,,,70816,6,1141.7,7.24
,,,,,70816,9,1134.92,7.24
,,,,,70816,12,1138.04,7.24
,,,,,70817,3,1465.64,7.96
,,,,,70817,6,1468.17,7.96
,,,,,70817,9,1479.39,7.96
,,,,,70817,12,1476.9,7.96
,,,,,70820,3,1301.06,8.95
,,,,,70820,6,1308.66,8.95
,,,,,70820,9,1314.96,8.95
,,,,,70820,12,1322.3,8.95
,,,,,71104,3,978.67,8.8
,,,,,71104,6,980.34,8.8
,,,,,71104,9,999.59,8.8
,,,,,71104,12,1001.41,8.8
,,,,,71105,3,1224.57,6.5
,,,,,71105,6,1228.44,6.5
,,,,,71105,9,1230.24,6.5
,,,,,71105,12,1233.61,6.5
,,,,,71106,3,1246.37,22.2
,,,,,71106,6,1244.7,22.2
,,,,,71106,9,1247.38,22.2
,,,,,71106,12,1244.94,22.2
,,,,,71108,3,777.66,9.61
,,,,,71108,6,778.9,9.61
,,,,,71108,9,784.88,9.61
,,,,,71108,12,807.65,9.61
,,,,,71109,3,717.19,11.25
,,,,,71109,6,727.5,11.25
,,,,,71109,9,737.35,11.25
,,,,,71109,12,779.81,11.25
,,,,,71111,3,1430.52,4.45
,,,,,71111,6,1436.3,4.45
,,,,,71111,9,1439.17,4.45
,,,,,71111,12,1441.28,4.45
,,,,,71112,3,1346.88,7.75
,,,,,71112,6,1358.17,7.75
,,,,,71112,9,1362.88,7.75
,,,,,71112,12,1370.09,7.75
,,,,,71115,3,1595.41,6.59
,,,,,71115,6,1626.55,6.59
,,,,,71115,9,1623.03,6.59
,,,,,71115,12,1624.28,6.59
,,,,,71118,3,1293.76,29.24
,,,,,71118,6,1320.37,29.24
,,,,,71118,9,1321.31,29.24
,,,,,71118,12,1243.74,29.24
,,,,,71270,3,1058.58,7.4
,,,,,71270,6,1060.3,7.4
,,,,,71270,9,1063.44,7.4
,,,,,71270,12,1067.55,7.4
,,,,,71291,3,1124.24,8.92
,,,,,71291,6,1163.38,8.92
,,,,,71291,9,1186.88,8.92
,,,,,71291,12,1193.32,8.92
,,,,,71446,3,1118.19,15.12
,,,,,71446,6,1128.49,15.12
,,,,,71446,9,1135.2,15.12
,,,,,71446,12,1159.67,15.12
,,,,,71913,3,1486.44,7.11
,,,,,71913,6,1515.85,7.11
,,,,,71913,9,1560.78,7.11
,,,,,71913,12,1610.68,7.11
,,,,,72015,3,1229.2,7.97
,,,,,72015,6,1239.77,7.97
,,,,,72015,9,1254.25,7.97
,,,,,72015,12,1273.69,7.97
,,,,,72019,3,1551.3,14.53
,,,,,72019,6,1528.21,14.53
,,,,,72019,9,1575.15,14.53
,,,,,72019,12,1600.61,14.53
,,,,,72023,3,1390.43,8.85
,,,,,72023,6,1395.97,8.85
,,,,,72023,9,1408.53,8.85
,,,,,72023,12,1420.2,8.85
,,,,,72032,3,1345.29,10.52
,,,,,72032,6,1369.18,10.52
,,,,,72032,9,1391.44,10.52
,,,,,72032,12,1398.13,10.52
,,,,,72034,3,1356.53,7.19
,,,,,72034,6,1369.76,7.19
,,,,,72034,9,1384.27,7.19
,,,,,72034,12,1398.96,7.19
,,,,,72076,3,1100.12,8.49
,,,,,72076,6,1105.65,8.49
,,,,,72076,9,1108.33,8.49
,,,,,72076,12,1114.73,8.49
,,,,,72113,3,1329.9,9.14
,,,,,72113,6,1343.59,9.14
,,,,,72113,9,1366.74,9.14
,,,,,72113,12,1354.97,9.14
,,,,,72114,3,1062.62,7
,,,,,72114,6,1061.83,7
,,,,,72114,9,1062.95,7
,,,,,72114,12,1075.4,7
,,,,,72116,3,1051.98,7.88
,,,,,72116,6,1058.3,7.88
,,,,,72116,9,1060.45,7.88
,,,,,72116,12,1065.11,7.88
,,,,,72118,3,1143.56,11.69
,,,,,72118,6,1148.73,11.69
,,,,,72118,9,1153.82,11.69
,,,,,72118,12,1158.04,11.69
,,,,,72120,3,1344.73,12.01
,,,,,72120,6,1344.02,12.01
,,,,,72120,9,1355.05,12.01
,,,,,72120,12,1375.7,12.01
,,,,,72202,3,1098.32,17.01
,,,,,72202,6,1118.68,17.01
,,,,,72202,9,1126.55,17.01
,,,,,72202,12,1142.89,17.01
,,,,,72204,3,1081.68,7.33
,,,,,72204,6,1094.63,7.33
,,,,,72204,9,1106.04,7.33
,,,,,72204,12,1120,7.33
,,,,,72205,3,1157.4,4.69
,,,,,72205,6,1173.44,4.69
,,,,,72205,9,1187.91,4.69
,,,,,72205,12,1200.56,4.69
,,,,,72206,3,937.37,14.44
,,,,,72206,6,938.63,14.44
,,,,,72206,9,923.84,14.44
,,,,,72206,12,961.71,14.44
,,,,,72207,3,1233.45,12.07
,,,,,72207,6,1230.69,12.07
,,,,,72207,9,1264.01,12.07
,,,,,72207,12,1244.27,12.07
,,,,,72209,3,1047.54,6.9
,,,,,72209,6,1058.26,6.9
,,,,,72209,9,1073.4,6.9
,,,,,72209,12,1087.34,6.9
,,,,,72210,3,1353.69,0
,,,,,72210,6,1353.69,0
,,,,,72210,9,1353.69,0
,,,,,72210,12,1353.69,0
,,,,,72223,3,1198.9,10.23
,,,,,72223,6,1208.27,10.23
,,,,,72223,9,1221.79,10.23
,,,,,72223,12,1232.37,10.23
,,,,,72227,3,1162.09,9.03
,,,,,72227,6,1172.11,9.03
,,,,,72227,9,1176.81,9.03
,,,,,72227,12,1178.33,9.03
,,,,,72401,3,1021.93,4.54
,,,,,72401,6,1018.31,4.54
,,,,,72401,9,1027.08,4.54
,,,,,72401,12,1033.33,4.54
,,,,,72404,3,1362.72,9.93
,,,,,72404,6,1390.6,9.93
,,,,,72404,9,1382.08,9.93
,,,,,72404,12,1426.13,9.93
,,,,,72450,3,867.25,3.96
,,,,,72450,6,867.25,3.96
,,,,,72450,9,867.25,3.96
,,,,,72450,12,881.56,3.96
,,,,,72701,3,1378.41,4.6
,,,,,72701,6,1397.87,4.6
,,,,,72701,9,1419.05,4.6
,,,,,72701,12,1441.75,4.6
,,,,,72703,3,1461.6,7.37
,,,,,72703,6,1486.47,7.37
,,,,,72703,9,1506.43,7.37
,,,,,72703,12,1528.01,7.37
,,,,,72704,3,1693.24,12.34
,,,,,72704,6,1715.55,12.34
,,,,,72704,9,1729.49,12.34
,,,,,72704,12,1749.8,12.34
,,,,,72712,3,1670.83,11.22
,,,,,72712,6,1694.62,11.22
,,,,,72712,9,1717.56,11.22
,,,,,72712,12,1721.07,11.22
,,,,,72713,3,1576.23,13.44
,,,,,72713,6,1566.89,13.44
,,,,,72713,9,1568.56,13.44
,,,,,72713,12,1602.92,13.44
,,,,,72715,3,1712.6,0
,,,,,72715,6,1712.6,0
,,,,,72715,9,1712.6,0
,,,,,72715,12,1712.6,0
,,,,,72719,3,1649.5,5.87
,,,,,72719,6,1676.4,5.87
,,,,,72719,9,1700.61,5.87
,,,,,72719,12,1717.01,5.87
,,,,,72730,3,1579.94,12.99
,,,,,72730,6,1583.73,12.99
,,,,,72730,9,1596.33,12.99
,,,,,72730,12,1618.41,12.99
,,,,,72756,3,1289.97,14.07
,,,,,72756,6,1295.3,14.07
,,,,,72756,9,1308.14,14.07
,,,,,72756,12,1304.03,14.07
,,,,,72758,3,1514.14,8.81
,,,,,72758,6,1535.62,8.81
,,,,,72758,9,1560.53,8.81
,,,,,72758,12,1578.03,8.81
,,,,,72761,3,1430.27,9.03
,,,,,72761,6,1443.51,9.03
,,,,,72761,9,1471.13,9.03
,,,,,72761,12,1492.6,9.03
,,,,,72762,3,1658.59,12.18
,,,,,72762,6,1662.78,12.18
,,,,,72762,9,1669.52,12.18
,,,,,72762,12,1712.14,12.18
,,,,,72764,3,1370.61,9.78
,,,,,72764,6,1392.69,9.78
,,,,,72764,9,1399.78,9.78
,,,,,72764,12,1424.03,9.78
,,,,,72901,3,736.83,6.97
,,,,,72901,6,735.87,6.97
,,,,,72901,9,734.2,6.97
,,,,,72901,12,740.89,6.97
,,,,,72903,3,1123.48,8.11
,,,,,72903,6,1145.06,8.11
,,,,,72903,9,1146.6,8.11
,,,,,72903,12,1155.09,8.11
,,,,,73003,3,1508.64,9.56
,,,,,73003,6,1517.87,9.56
,,,,,73003,9,1532.87,9.56
,,,,,73003,12,1544.38,9.56
,,,,,73008,3,1268.58,5.48
,,,,,73008,6,1269.46,5.48
,,,,,73008,9,1255.94,5.48
,,,,,73008,12,1260.67,5.48
,,,,,73012,3,1885.85,6.07
,,,,,73012,6,1900.39,6.07
,,,,,73012,9,1914.72,6.07
,,,,,73012,12,1914.2,6.07
,,,,,73013,3,1692.48,6.93
,,,,,73013,6,1705.31,6.93
,,,,,73013,9,1722.02,6.93
,,,,,73013,12,1734.92,6.93
,,,,,73034,3,1451.33,4.86
,,,,,73034,6,1467.1,4.86
,,,,,73034,9,1481.26,4.86
,,,,,73034,12,1495.32,4.86
,,,,,73036,3,1260.52,8.42
,,,,,73036,6,1281.86,8.42
,,,,,73036,9,1316.64,8.42
,,,,,73036,12,1312.16,8.42
,,,,,73064,3,1549.98,3.99
,,,,,73064,6,1571.38,3.99
,,,,,73064,9,1575.51,3.99
,,,,,73064,12,1596.26,3.99
,,,,,73065,3,1617.87,8.6
,,,,,73065,6,1628.61,8.6
,,,,,73065,9,1623.43,8.6
,,,,,73065,12,1652.76,8.6
,,,,,73069,3,1238.86,8.27
,,,,,73069,6,1255.03,8.27
,,,,,73069,9,1278.05,8.27
,,,,,73069,12,1287.56,8.27
,,,,,73071,3,1235.68,6.14
,,,,,73071,6,1250.81,6.14
,,,,,73071,9,1270.38,6.14
,,,,,73071,12,1281.59,6.14
,,,,,73072,3,1318.4,5.75
,,,,,73072,6,1331.72,5.75
,,,,,73072,9,1348.5,5.75
,,,,,73072,12,1363.38,5.75
,,,,,73099,3,1571.86,4.52
,,,,,73099,6,1582.77,4.52
,,,,,73099,9,1589.09,4.52
,,,,,73099,12,1600.38,4.52
,,,,,73102,3,1408.32,16.41
,,,,,73102,6,1398.66,16.41
,,,,,73102,9,1381.14,16.41
,,,,,73102,12,1399.65,16.41
,,,,,73103,3,1162.61,14.46
,,,,,73103,6,1161.1,14.46
,,,,,73103,9,1154.7,14.46
,,,,,73103,12,1177.92,14.46
,,,,,73104,3,1524.26,22.29
,,,,,73104,6,1538.37,22.29
,,,,,73104,9,1540.85,22.29
,,,,,73104,12,1563.43,22.29
,,,,,73105,3,1224.91,8.06
,,,,,73105,6,1227.59,8.06
,,,,,73105,9,1235.4,8.06
,,,,,73105,12,1232.78,8.06
,,,,,73106,3,1165.63,8.05
,,,,,73106,6,1179.65,8.05
,,,,,73106,9,1188.77,8.05
,,,,,73106,12,1205.19,8.05
,,,,,73107,3,1240.18,9.37
,,,,,73107,6,1257.02,9.37
,,,,,73107,9,1269.2,9.37
,,,,,73107,12,1282.71,9.37
,,,,,73109,3,942.3,7.79
,,,,,73109,6,927.03,7.79
,,,,,73109,9,934.78,7.79
,,,,,73109,12,942.97,7.79
,,,,,73110,3,1125.9,5.95
,,,,,73110,6,1133.72,5.95
,,,,,73110,9,1146.14,5.95
,,,,,73110,12,1155.68,5.95
,,,,,73111,3,1160.66,13.11
,,,,,73111,6,1191.52,13.11
,,,,,73111,9,1199.48,13.11
,,,,,73111,12,1207.89,13.11
,,,,,73112,3,1169.17,8.91
,,,,,73112,6,1182.07,8.91
,,,,,73112,9,1191,8.91
,,,,,73112,12,1202.74,8.91
,,,,,73114,3,1305,8.08
,,,,,73114,6,1315.04,8.08
,,,,,73114,9,1328.6,8.08
,,,,,73114,12,1344.21,8.08
,,,,,73115,3,1125.69,5.64
,,,,,73115,6,1136.52,5.64
,,,,,73115,9,1149.61,5.64
,,,,,73115,12,1162.38,5.64
,,,,,73116,3,1617.24,22.49
,,,,,73116,6,1645.98,22.49
,,,,,73116,9,1641.55,22.49
,,,,,73116,12,1647.03,22.49
,,,,,73118,3,1332.69,10.78
,,,,,73118,6,1363.63,10.78
,,,,,73118,9,1376.27,10.78
,,,,,73118,12,1399.35,10.78
,,,,,73119,3,1171.01,12.78
,,,,,73119,6,1156.16,12.78
,,,,,73119,9,1179.16,12.78
,,,,,73119,12,1208.48,12.78
,,,,,73120,3,1303.15,7.08
,,,,,73120,6,1316.61,7.08
,,,,,73120,9,1333.74,7.08
,,,,,73120,12,1341.4,7.08
,,,,,73127,3,1289.83,11.67
,,,,,73127,6,1294.51,11.67
,,,,,73127,9,1315.4,11.67
,,,,,73127,12,1334.24,11.67
,,,,,73130,3,1408.39,9.48
,,,,,73130,6,1423.84,9.48
,,,,,73130,9,1432.76,9.48
,,,,,73130,12,1457.36,9.48
,,,,,73132,3,1040.13,7.32
,,,,,73132,6,1049.03,7.32
,,,,,73132,9,1055.19,7.32
,,,,,73132,12,1064.21,7.32
,,,,,73134,3,1290.48,11.75
,,,,,73134,6,1320.53,11.75
,,,,,73134,9,1308.02,11.75
,,,,,73134,12,1321.55,11.75
,,,,,73135,3,1322.28,10.07
,,,,,73135,6,1329.9,10.07
,,,,,73135,9,1351.49,10.07
,,,,,73135,12,1361.89,10.07
,,,,,73139,3,950.6,8.04
,,,,,73139,6,948.96,8.04
,,,,,73139,9,953.29,8.04
,,,,,73139,12,955.46,8.04
,,,,,73142,3,1292.33,12.76
,,,,,73142,6,1289.91,12.76
,,,,,73142,9,1295.24,12.76
,,,,,73142,12,1302.14,12.76
,,,,,73159,3,1385.74,8.79
,,,,,73159,6,1399.7,8.79
,,,,,73159,9,1418.78,8.79
,,,,,73159,12,1439.13,8.79
,,,,,73160,3,1528.56,6.45
,,,,,73160,6,1536.1,6.45
,,,,,73160,9,1547.1,6.45
,,,,,73160,12,1559.26,6.45
,,,,,73162,3,1538.58,14.77
,,,,,73162,6,1548.78,14.77
,,,,,73162,9,1562.38,14.77
,,,,,73162,12,1578.81,14.77
,,,,,73170,3,1444.16,7.7
,,,,,73170,6,1456.47,7.7
,,,,,73170,9,1462,7.7
,,,,,73170,12,1471.06,7.7
,,,,,73401,3,1037.26,11.66
,,,,,73401,6,1042,11.66
,,,,,73401,9,1078.08,11.66
,,,,,73401,12,1083.38,11.66
,,,,,73501,3,1149.01,11.1
,,,,,73501,6,1155.56,11.1
,,,,,73501,9,1168.37,11.1
,,,,,73501,12,1190.83,11.1
,,,,,73505,3,994.91,9.5
,,,,,73505,6,994.96,9.5
,,,,,73505,9,993.39,9.5
,,,,,73505,12,1002.94,9.5
,,,,,73507,3,832.46,5.92
,,,,,73507,6,833.07,5.92
,,,,,73507,9,832.7,5.92
,,,,,73507,12,844.1,5.92
,,,,,73703,3,1237.5,9.11
,,,,,73703,6,1230.62,9.11
,,,,,73703,9,1231.51,9.11
,,,,,73703,12,1231.22,9.11
,,,,,74006,3,1368.99,5.78
,,,,,74006,6,1369.18,5.78
,,,,,74006,9,1376.58,5.78
,,,,,74006,12,1393.05,5.78
,,,,,74008,3,1855.93,17.41
,,,,,74008,6,1885.86,17.41
,,,,,74008,9,1900.58,17.41
,,,,,74008,12,1916.11,17.41
,,,,,74011,3,1730.18,11
,,,,,74011,6,1746.83,11
,,,,,74011,9,1755.96,11
,,,,,74011,12,1768.75,11
,,,,,74012,3,1601.45,8.97
,,,,,74012,6,1624.84,8.97
,,,,,74012,9,1635.61,8.97
,,,,,74012,12,1649.32,8.97
,,,,,74014,3,1654.98,12
,,,,,74014,6,1672.5,12
,,,,,74014,9,1686.63,12
,,,,,74014,12,1701.67,12
,,,,,74017,3,1234.62,9.84
,,,,,74017,6,1252.17,9.84
,,,,,74017,9,1255.65,9.84
,,,,,74017,12,1288.65,9.84
,,,,,74037,3,1636.21,10.74
,,,,,74037,6,1658.93,10.74
,,,,,74037,9,1661.93,10.74
,,,,,74037,12,1690.93,10.74
,,,,,74055,3,1339.72,6.73
,,,,,74055,6,1360.54,6.73
,,,,,74055,9,1371.85,6.73
,,,,,74055,12,1380.26,6.73
,,,,,74063,3,1206.02,9.6
,,,,,74063,6,1224.24,9.6
,,,,,74063,9,1226.02,9.6
,,,,,74063,12,1238.83,9.6
,,,,,74066,3,1192.96,13.47
,,,,,74066,6,1216.13,13.47
,,,,,74066,9,1192.09,13.47
,,,,,74066,12,1227.07,13.47
,,,,,74074,3,1346.04,11.09
,,,,,74074,6,1348.64,11.09
,,,,,74074,9,1356.96,11.09
,,,,,74074,12,1361.23,11.09
,,,,,74075,3,1299.74,11.74
,,,,,74075,6,1305.67,11.74
,,,,,74075,9,1310.25,11.74
,,,,,74075,12,1352.91,11.74
,,,,,74103,3,1453.52,1.66
,,,,,74103,6,1453.52,1.66
,,,,,74103,9,1453.52,1.66
,,,,,74103,12,1447.53,1.66
,,,,,74104,3,1387.36,10.28
,,,,,74104,6,1419.47,10.28
,,,,,74104,9,1436.92,10.28
,,,,,74104,12,1461.82,10.28
,,,,,74105,3,1495.27,7.19
,,,,,74105,6,1512.25,7.19
,,,,,74105,9,1528.61,7.19
,,,,,74105,12,1540.63,7.19
,,,,,74106,3,1191.26,11.39
,,,,,74106,6,1218.29,11.39
,,,,,74106,9,1208.97,11.39
,,,,,74106,12,1217.29,11.39
,,,,,74107,3,1033.13,8.37
,,,,,74107,6,1039.74,8.37
,,,,,74107,9,1042.4,8.37
,,,,,74107,12,1049.05,8.37
,,,,,74110,3,1015.42,6.66
,,,,,74110,6,1015.75,6.66
,,,,,74110,9,1015.7,6.66
,,,,,74110,12,1044.24,6.66
,,,,,74112,3,1205.83,10.21
,,,,,74112,6,1218.48,10.21
,,,,,74112,9,1232.2,10.21
,,,,,74112,12,1245.74,10.21
,,,,,74114,3,1475.86,10.16
,,,,,74114,6,1489.01,10.16
,,,,,74114,9,1503.68,10.16
,,,,,74114,12,1519.76,10.16
,,,,,74119,3,1505.88,13.02
,,,,,74119,6,1514.41,13.02
,,,,,74119,9,1513.65,13.02
,,,,,74119,12,1513.19,13.02
,,,,,74120,3,1288.74,12.15
,,,,,74120,6,1299.84,12.15
,,,,,74120,9,1308.63,12.15
,,,,,74120,12,1317.13,12.15
,,,,,74126,3,990.65,11.53
,,,,,74126,6,990.63,11.53
,,,,,74126,9,965.13,11.53
,,,,,74126,12,1018.22,11.53
,,,,,74127,3,1151.57,9.58
,,,,,74127,6,1167.96,9.58
,,,,,74127,9,1165.8,9.58
,,,,,74127,12,1193.1,9.58
,,,,,74133,3,1198.63,6.67
,,,,,74133,6,1220.64,6.67
,,,,,74133,9,1226.5,6.67
,,,,,74133,12,1232.54,6.67
,,,,,74135,3,1389.96,11.92
,,,,,74135,6,1402.03,11.92
,,,,,74135,9,1411.23,11.92
,,,,,74135,12,1417.79,11.92
,,,,,74136,3,904.11,6.02
,,,,,74136,6,912.87,6.02
,,,,,74136,9,920.31,6.02
,,,,,74136,12,926.39,6.02
,,,,,74137,3,1222.64,10.1
,,,,,74137,6,1238.3,10.1
,,,,,74137,9,1264.96,10.1
,,,,,74137,12,1313.5,10.1
,,,,,74145,3,1239.79,15.39
,,,,,74145,6,1242.42,15.39
,,,,,74145,9,1257.66,15.39
,,,,,74145,12,1265.49,15.39
,,,,,74464,3,1009.24,7.7
,,,,,74464,6,1009.32,7.7
,,,,,74464,9,1009.32,7.7
,,,,,74464,12,1014.62,7.7
,,,,,74701,3,1602.99,7.49
,,,,,74701,6,1610.66,7.49
,,,,,74701,9,1589.44,7.49
,,,,,74701,12,1608.67,7.49
,,,,,74801,3,971.86,10.62
,,,,,74801,6,974.36,10.62
,,,,,74801,9,984.3,10.62
,,,,,74801,12,984.93,10.62
,,,,,74804,3,1308.68,5.77
,,,,,74804,6,1299.03,5.77
,,,,,74804,9,1295.85,5.77
,,,,,74804,12,1318.92,5.77
,,,,,74820,3,1001.95,7.02
,,,,,74820,6,1010.89,7.02
,,,,,74820,9,1028.95,7.02
,,,,,74820,12,1028.93,7.02
,,,,,75001,3,1573.64,6.27
,,,,,75001,6,1589.87,6.27
,,,,,75001,9,1606.36,6.27
,,,,,75001,12,1609.91,6.27
,,,,,75002,3,2269.33,17.84
,,,,,75002,6,2273.06,17.84
,,,,,75002,9,2285.02,17.84
,,,,,75002,12,2304.58,17.84
,,,,,75006,3,1491.2,7.14
,,,,,75006,6,1512.86,7.14
,,,,,75006,9,1533.37,7.14
,,,,,75006,12,1558.58,7.14
,,,,,75007,3,1987.61,14.61
,,,,,75007,6,2009.61,14.61
,,,,,75007,9,2025.85,14.61
,,,,,75007,12,2040.28,14.61
,,,,,75009,3,2051.95,12.65
,,,,,75009,6,2060.44,12.65
,,,,,75009,9,2067.91,12.65
,,,,,75009,12,2064.93,12.65
,,,,,75010,3,1785.67,15.23
,,,,,75010,6,1786.71,15.23
,,,,,75010,9,1787.17,15.23
,,,,,75010,12,1807.46,15.23
,,,,,75013,3,1767.26,7.14
,,,,,75013,6,1784.77,7.14
,,,,,75013,9,1793.61,7.14
,,,,,75013,12,1804.84,7.14
,,,,,75019,3,2022.47,20.59
,,,,,75019,6,2043.54,20.59
,,,,,75019,9,2081.07,20.59
,,,,,75019,12,2094.2,20.59
,,,,,75020,3,1431.96,12.88
,,,,,75020,6,1406.74,12.88
,,,,,75020,9,1431.78,12.88
,,,,,75020,12,1427.59,12.88
,,,,,75023,3,1845.16,5.22
,,,,,75023,6,1861.38,5.22
,,,,,75023,9,1875.44,5.22
,,,,,75023,12,1900.29,5.22
,,,,,75024,3,1723.02,7.6
,,,,,75024,6,1744.08,7.6
,,,,,75024,9,1755.87,7.6
,,,,,75024,12,1771.81,7.6
,,,,,75025,3,2314.31,14.6
,,,,,75025,6,2318.12,14.6
,,,,,75025,9,2327.73,14.6
,,,,,75025,12,2335.95,14.6
,,,,,75028,3,2310.69,16.22
,,,,,75028,6,2319.93,16.22
,,,,,75028,9,2363.12,16.22
,,,,,75028,12,2370.75,16.22
,,,,,75032,3,1993.23,13.15
,,,,,75032,6,2014.57,13.15
,,,,,75032,9,2031.68,13.15
,,,,,75032,12,2054.74,13.15
,,,,,75033,3,1826.31,6.55
,,,,,75033,6,1850.54,6.55
,,,,,75033,9,1863.09,6.55
,,,,,75033,12,1877.31,6.55
,,,,,75034,3,1710.6,7.31
,,,,,75034,6,1728.3,7.31
,,,,,75034,9,1744.56,7.31
,,,,,75034,12,1756.27,7.31
,,,,,75035,3,2448.97,12.1
,,,,,75035,6,2450.17,12.1
,,,,,75035,9,2453.97,12.1
,,,,,75035,12,2482.57,12.1
,,,,,75036,3,2584.73,6.26
,,,,,75036,6,2584.73,6.26
,,,,,75036,9,2584.73,6.26
,,,,,75036,12,2560.16,6.26
,,,,,75038,3,1424.71,8.32
,,,,,75038,6,1416.21,8.32
,,,,,75038,9,1414.66,8.32
,,,,,75038,12,1412.7,8.32
,,,,,75039,3,1876.86,6.32
,,,,,75039,6,1880.02,6.32
,,,,,75039,9,1884.29,6.32
,,,,,75039,12,1891.48,6.32
,,,,,75040,3,1796.92,7.35
,,,,,75040,6,1822.41,7.35
,,,,,75040,9,1847.68,7.35
,,,,,75040,12,1862.88,7.35
,,,,,75041,3,1584.91,15.74
,,,,,75041,6,1616.85,15.74
,,,,,75041,9,1624.07,15.74
,,,,,75041,12,1661.33,15.74
,,,,,75042,3,1461.2,7.19
,,,,,75042,6,1476.37,7.19
,,,,,75042,9,1467.33,7.19
,,,,,75042,12,1485.54,7.19
,,,,,75043,3,1552.23,7.75
,,,,,75043,6,1573.88,7.75
,,,,,75043,9,1597.52,7.75
,,,,,75043,12,1619.15,7.75
,,,,,75044,3,1715.65,7.24
,,,,,75044,6,1733.25,7.24
,,,,,75044,9,1752.82,7.24
,,,,,75044,12,1767.78,7.24
,,,,,75048,3,1632.52,9.93
,,,,,75048,6,1635.69,9.93
,,,,,75048,9,1641.36,9.93
,,,,,75048,12,1641.8,9.93
,,,,,75050,3,1368.5,16.03
,,,,,75050,6,1378.45,16.03
,,,,,75050,9,1382.54,16.03
,,,,,75050,12,1377.64,16.03
,,,,,75051,3,1537.83,13.27
,,,,,75051,6,1554.43,13.27
,,,,,75051,9,1559.15,13.27
,,,,,75051,12,1578.7,13.27
,,,,,75052,3,1718.77,4.46
,,,,,75052,6,1726.51,4.46
,,,,,75052,9,1735.22,4.46
,,,,,75052,12,1750.16,4.46
,,,,,75054,3,2120.82,7.33
,,,,,75054,6,2122.03,7.33
,,,,,75054,9,2122.13,7.33
,,,,,75054,12,2161.4,7.33
,,,,,75056,3,1854.63,12.43
,,,,,75056,6,1874.45,12.43
,,,,,75056,9,1893.94,12.43
,,,,,75056,12,1919.59,12.43
,,,,,75057,3,1663.82,11.69
,,,,,75057,6,1685.29,11.69
,,,,,75057,9,1698.28,11.69
,,,,,75057,12,1702.64,11.69
,,,,,75060,3,2094.31,21.81
,,,,,75060,6,2103.5,21.81
,,,,,75060,9,2114.5,21.81
,,,,,75060,12,2130.12,21.81
,,,,,75061,3,1278.03,8.49
,,,,,75061,6,1272.8,8.49
,,,,,75061,9,1268.1,8.49
,,,,,75061,12,1279.64,8.49
,,,,,75062,3,1574.12,11.98
,,,,,75062,6,1587.43,11.98
,,,,,75062,9,1592.47,11.98
,,,,,75062,12,1599.02,11.98
,,,,,75063,3,1596.21,6.55
,,,,,75063,6,1592.46,6.55
,,,,,75063,9,1597.2,6.55
,,,,,75063,12,1603.22,6.55
,,,,,75067,3,1435.48,4.41
,,,,,75067,6,1442.46,4.41
,,,,,75067,9,1459.54,4.41
,,,,,75067,12,1472.4,4.41
,,,,,75068,3,2285.83,6.85
,,,,,75068,6,2310.28,6.85
,,,,,75068,9,2339.92,6.85
,,,,,75068,12,2366.33,6.85
,,,,,75069,3,1716.17,8.06
,,,,,75069,6,1729.38,8.06
,,,,,75069,9,1742.75,8.06
,,,,,75069,12,1751.77,8.06
,,,,,75070,3,1664.19,3.3
,,,,,75070,6,1669.68,3.3
,,,,,75070,9,1681.56,3.3
,,,,,75070,12,1694.05,3.3
,,,,,75071,3,2035.64,4.52
,,,,,75071,6,2053.04,4.52
,,,,,75071,9,2074.47,4.52
,,,,,75071,12,2093.83,4.52
,,,,,75072,3,2364.65,15.44
,,,,,75072,6,2383.9,15.44
,,,,,75072,9,2415.15,15.44
,,,,,75072,12,2444,15.44
,,,,,75074,3,1723.27,10.73
,,,,,75074,6,1728.52,10.73
,,,,,75074,9,1748.34,10.73
,,,,,75074,12,1759.13,10.73
,,,,,75075,3,1712.82,9.52
,,,,,75075,6,1721.73,9.52
,,,,,75075,9,1729.18,9.52
,,,,,75075,12,1740,9.52
,,,,,75077,3,1719.2,11.88
,,,,,75077,6,1730.65,11.88
,,,,,75077,9,1740.34,11.88
,,,,,75077,12,1744.6,11.88
,,,,,75078,3,2342.85,11.77
,,,,,75078,6,2335.49,11.77
,,,,,75078,9,2342.09,11.77
,,,,,75078,12,2345.61,11.77
,,,,,75080,3,1880.66,11.22
,,,,,75080,6,1921.65,11.22
,,,,,75080,9,1945.24,11.22
,,,,,75080,12,1967.14,11.22
,,,,,75081,3,1680.36,10.22
,,,,,75081,6,1695.45,10.22
,,,,,75081,9,1714.69,10.22
,,,,,75081,12,1727.63,10.22
,,,,,75082,3,1655.42,6.48
,,,,,75082,6,1662.59,6.48
,,,,,75082,9,1674.59,6.48
,,,,,75082,12,1682.86,6.48
,,,,,75087,3,2016.72,7.13
,,,,,75087,6,2018.71,7.13
,,,,,75087,9,2030.67,7.13
,,,,,75087,12,2042.73,7.13
,,,,,75088,3,1716.45,7.77
,,,,,75088,6,1736.17,7.77
,,,,,75088,9,1746.79,7.77
,,,,,75088,12,1759.95,7.77
,,,,,75089,3,1918.3,23.4
,,,,,75089,6,1931.75,23.4
,,,,,75089,9,1951.36,23.4
,,,,,75089,12,1949.6,23.4
,,,,,75090,3,1484.04,9.81
,,,,,75090,6,1487.58,9.81
,,,,,75090,9,1496.78,9.81
,,,,,75090,12,1516.08,9.81
,,,,,75092,3,1515.18,16.4
,,,,,75092,6,1544.65,16.4
,,,,,75092,9,1553,16.4
,,,,,75092,12,1553.19,16.4
,,,,,75093,3,1752.52,8.3
,,,,,75093,6,1759.54,8.3
,,,,,75093,9,1771.95,8.3
,,,,,75093,12,1786.94,8.3
,,,,,75098,3,1931.12,12.12
,,,,,75098,6,1929.27,12.12
,,,,,75098,9,1938.19,12.12
,,,,,75098,12,1958.46,12.12
,,,,,75104,3,1891.46,14.05
,,,,,75104,6,1888.86,14.05
,,,,,75104,9,1917.52,14.05
,,,,,75104,12,1937.3,14.05
,,,,,75110,3,1257.22,11.99
,,,,,75110,6,1269.15,11.99
,,,,,75110,9,1270.48,11.99
,,,,,75110,12,1280.58,11.99
,,,,,75115,3,1943.39,11.25
,,,,,75115,6,1969.93,11.25
,,,,,75115,9,1993.98,11.25
,,,,,75115,12,2009.19,11.25
,,,,,75119,3,1639.22,4.1
,,,,,75119,6,1636.59,4.1
,,,,,75119,9,1651.29,4.1
,,,,,75119,12,1648,4.1
,,,,,75126,3,2125.17,11.64
,,,,,75126,6,2144.97,11.64
,,,,,75126,9,2166.5,11.64
,,,,,75126,12,2187.21,11.64
,,,,,75134,3,2077.37,14.08
,,,,,75134,6,2089.15,14.08
,,,,,75134,9,2113.58,14.08
,,,,,75134,12,2135.55,14.08
,,,,,75137,3,1725.23,26.86
,,,,,75137,6,1738.93,26.86
,,,,,75137,9,1727.68,26.86
,,,,,75137,12,1730.51,26.86
,,,,,75146,3,1881.99,5.78
,,,,,75146,6,1896.45,5.78
,,,,,75146,9,1908.35,5.78
,,,,,75146,12,1922.1,5.78
,,,,,75147,3,1708.5,15.47
,,,,,75147,6,1710.95,15.47
,,,,,75147,9,1792.29,15.47
,,,,,75147,12,1823.09,15.47
,,,,,75149,3,1608.98,9.1
,,,,,75149,6,1626.38,9.1
,,,,,75149,9,1652.38,9.1
,,,,,75149,12,1663.58,9.1
,,,,,75150,3,1316.43,8.04
,,,,,75150,6,1328.62,8.04
,,,,,75150,9,1341.66,8.04
,,,,,75150,12,1353.33,8.04
,,,,,75154,3,2204.65,12.65
,,,,,75154,6,2217.35,12.65
,,,,,75154,9,2230.36,12.65
,,,,,75154,12,2243.14,12.65
,,,,,75159,3,2080.41,20.65
,,,,,75159,6,2167.3,20.65
,,,,,75159,9,2162.55,20.65
,,,,,75159,12,2208.05,20.65
,,,,,75165,3,1918.99,8.1
,,,,,75165,6,1933.49,8.1
,,,,,75165,9,1951.76,8.1
,,,,,75165,12,1960.26,8.1
,,,,,75181,3,2888.63,25.63
,,,,,75181,6,2923.7,25.63
,,,,,75181,9,2973.67,25.63
,,,,,75181,12,2994.53,25.63
,,,,,75189,3,2299.08,7.81
,,,,,75189,6,2310.93,7.81
,,,,,75189,9,2322.45,7.81
,,,,,75189,12,2329.35,7.81
,,,,,75201,3,2162.68,9.25
,,,,,75201,6,2167.02,9.25
,,,,,75201,9,2175.45,9.25
,,,,,75201,12,2185.58,9.25
,,,,,75202,3,2343.4,15.14
,,,,,75202,6,2340.7,15.14
,,,,,75202,9,2354.79,15.14
,,,,,75202,12,2366.44,15.14
,,,,,75203,3,1549.85,11.34
,,,,,75203,6,1552.85,11.34
,,,,,75203,9,1576.02,11.34
,,,,,75203,12,1579.78,11.34
,,,,,75204,3,2041.99,5.01
,,,,,75204,6,2070.19,5.01
,,,,,75204,9,2090.77,5.01
,,,,,75204,12,2102.56,5.01
,,,,,75205,3,2941.96,26.04
,,,,,75205,6,2994.13,26.04
,,,,,75205,9,3027.67,26.04
,,,,,75205,12,3066.56,26.04
,,,,,75206,3,1973.72,14.66
,,,,,75206,6,1998.73,14.66
,,,,,75206,9,2010.22,14.66
,,,,,75206,12,2035.87,14.66
,,,,,75207,3,1642.81,13.26
,,,,,75207,6,1647.62,13.26
,,,,,75207,9,1643.76,13.26
,,,,,75207,12,1653.59,13.26
,,,,,75208,3,1608.85,6.3
,,,,,75208,6,1622.07,6.3
,,,,,75208,9,1628.49,6.3
,,,,,75208,12,1635.21,6.3
,,,,,75209,3,1819.74,59.51
,,,,,75209,6,1829.64,59.51
,,,,,75209,9,1845.55,59.51
,,,,,75209,12,1873.14,59.51
,,,,,75211,3,1575.28,11.07
,,,,,75211,6,1589.54,11.07
,,,,,75211,9,1600.91,11.07
,,,,,75211,12,1613.45,11.07
,,,,,75212,3,1679.99,19.42
,,,,,75212,6,1667.59,19.42
,,,,,75212,9,1681.6,19.42
,,,,,75212,12,1675.17,19.42
,,,,,75214,3,1639.82,9.19
,,,,,75214,6,1662.59,9.19
,,,,,75214,9,1682.83,9.19
,,,,,75214,12,1699.01,9.19
,,,,,75215,3,1713.3,9.97
,,,,,75215,6,1723.98,9.97
,,,,,75215,9,1728,9.97
,,,,,75215,12,1729.16,9.97
,,,,,75216,3,1898.01,29.8
,,,,,75216,6,1903.15,29.8
,,,,,75216,9,1953.56,29.8
,,,,,75216,12,1960.45,29.8
,,,,,75217,3,1929.29,18.7
,,,,,75217,6,1935.13,18.7
,,,,,75217,9,1945.82,18.7
,,,,,75217,12,1953.9,18.7
,,,,,75218,3,1523.43,14.25
,,,,,75218,6,1554.85,14.25
,,,,,75218,9,1574.1,14.25
,,,,,75218,12,1583.57,14.25
,,,,,75219,3,1909.43,7.25
,,,,,75219,6,1937.78,7.25
,,,,,75219,9,1951.83,7.25
,,,,,75219,12,1972.74,7.25
,,,,,75220,3,1514.27,17.19
,,,,,75220,6,1509.55,17.19
,,,,,75220,9,1518.21,17.19
,,,,,75220,12,1526.81,17.19
,,,,,75225,3,2763.78,35.67
,,,,,75225,6,2785.64,35.67
,,,,,75225,9,2815.85,35.67
,,,,,75225,12,2829.19,35.67
,,,,,75226,3,1613,18.31
,,,,,75226,6,1614.36,18.31
,,,,,75226,9,1627.66,18.31
,,,,,75226,12,1625.21,18.31
,,,,,75227,3,1441.17,17
,,,,,75227,6,1468.45,17
,,,,,75227,9,1492.96,17
,,,,,75227,12,1506.82,17
,,,,,75228,3,1377.41,20.06
,,,,,75228,6,1370.98,20.06
,,,,,75228,9,1385.76,20.06
,,,,,75228,12,1390.31,20.06
,,,,,75229,3,2681.04,15.69
,,,,,75229,6,2681.03,15.69
,,,,,75229,9,2687.76,15.69
,,,,,75229,12,2675.58,15.69
,,,,,75230,3,1587.6,9.54
,,,,,75230,6,1616.47,9.54
,,,,,75230,9,1645.26,9.54
,,,,,75230,12,1656.31,9.54
,,,,,75231,3,1329.78,5.51
,,,,,75231,6,1337.37,5.51
,,,,,75231,9,1343.43,5.51
,,,,,75231,12,1347.96,5.51
,,,,,75234,3,1682.13,7.7
,,,,,75234,6,1695.51,7.7
,,,,,75234,9,1704.81,7.7
,,,,,75234,12,1714.22,7.7
,,,,,75235,3,1576.14,11.95
,,,,,75235,6,1564.13,11.95
,,,,,75235,9,1560.94,11.95
,,,,,75235,12,1564.76,11.95
,,,,,75236,3,1609,15.38
,,,,,75236,6,1645.02,15.38
,,,,,75236,9,1649.02,15.38
,,,,,75236,12,1697.12,15.38
,,,,,75237,3,1225.04,6.19
,,,,,75237,6,1216.51,6.19
,,,,,75237,9,1214.31,6.19
,,,,,75237,12,1220.98,6.19
,,,,,75238,3,1403.54,6.25
,,,,,75238,6,1402.11,6.25
,,,,,75238,9,1412.51,6.25
,,,,,75238,12,1405.92,6.25
,,,,,75240,3,1602.74,12.95
,,,,,75240,6,1602.64,12.95
,,,,,75240,9,1600.39,12.95
,,,,,75240,12,1605.54,12.95
,,,,,75241,3,1744.72,12.39
,,,,,75241,6,1775.74,12.39
,,,,,75241,9,1781.84,12.39
,,,,,75241,12,1790.6,12.39
,,,,,75243,3,1118.27,5.57
,,,,,75243,6,1116.81,5.57
,,,,,75243,9,1121.54,5.57
,,,,,75243,12,1122.56,5.57
,,,,,75244,3,1856.63,12.14
,,,,,75244,6,1866.18,12.14
,,,,,75244,9,1878.9,12.14
,,,,,75244,12,1885.42,12.14
,,,,,75248,3,1508.81,15.21
,,,,,75248,6,1541.5,15.21
,,,,,75248,9,1547.94,15.21
,,,,,75248,12,1567.96,15.21
,,,,,75251,3,1613.98,17.13
,,,,,75251,6,1623.04,17.13
,,,,,75251,9,1627.42,17.13
,,,,,75251,12,1636,17.13
,,,,,75252,3,1314.59,9.49
,,,,,75252,6,1298.54,9.49
,,,,,75252,9,1278.12,9.49
,,,,,75252,12,1279.6,9.49
,,,,,75253,3,1940.73,18.4
,,,,,75253,6,1940.63,18.4
,,,,,75253,9,1932.77,18.4
,,,,,75253,12,1971.47,18.4
,,,,,75254,3,1401.31,7.63
,,,,,75254,6,1409.11,7.63
,,,,,75254,9,1423.16,7.63
,,,,,75254,12,1439.68,7.63
,,,,,75287,3,1276.35,6.59
,,,,,75287,6,1283.28,6.59
,,,,,75287,9,1288.92,6.59
,,,,,75287,12,1291.85,6.59
,,,,,75401,3,1374.32,15.97
,,,,,75401,6,1400.03,15.97
,,,,,75401,9,1353.91,15.97
,,,,,75401,12,1378.14,15.97
,,,,,75402,3,1491.52,7.44
,,,,,75402,6,1499.6,7.44
,,,,,75402,9,1514.94,7.44
,,,,,75402,12,1505.49,7.44
,,,,,75407,3,2049.75,9.78
,,,,,75407,6,2062.07,9.78
,,,,,75407,9,2069.71,9.78
,,,,,75407,12,2069.32,9.78
,,,,,75409,3,2193.3,15.9
,,,,,75409,6,2206.37,15.9
,,,,,75409,9,2207.14,15.9
,,,,,75409,12,2211.95,15.9
,,,,,75454,3,1974.54,10.98
,,,,,75454,6,2004.95,10.98
,,,,,75454,9,1975.01,10.98
,,,,,75454,12,1977.62,10.98
,,,,,75501,3,1017.14,4.17
,,,,,75501,6,1018.59,4.17
,,,,,75501,9,1018.79,4.17
,,,,,75501,12,1041.21,4.17
,,,,,75601,3,1539.24,12.55
,,,,,75601,6,1548.42,12.55
,,,,,75601,9,1600.52,12.55
,,,,,75601,12,1577.16,12.55
,,,,,75604,3,1077.15,15.33
,,,,,75604,6,1074.82,15.33
,,,,,75604,9,1081.39,15.33
,,,,,75604,12,1067.76,15.33
,,,,,75605,3,1259.81,6.74
,,,,,75605,6,1269.87,6.74
,,,,,75605,9,1275.45,6.74
,,,,,75605,12,1280.49,6.74
,,,,,75662,3,1132.6,20.1
,,,,,75662,6,1139.02,20.1
,,,,,75662,9,1135.36,20.1
,,,,,75662,12,1190.53,20.1
,,,,,75701,3,1604.42,12.08
,,,,,75701,6,1619.24,12.08
,,,,,75701,9,1638.16,12.08
,,,,,75701,12,1628.15,12.08
,,,,,75702,3,1333.18,12.46
,,,,,75702,6,1347.21,12.46
,,,,,75702,9,1352.8,12.46
,,,,,75702,12,1368.07,12.46
,,,,,75703,3,1350.26,12.91
,,,,,75703,6,1366.23,12.91
,,,,,75703,9,1377.56,12.91
,,,,,75703,12,1378.95,12.91
,,,,,75791,3,1690.09,16.92
,,,,,75791,6,1647.62,16.92
,,,,,75791,9,1675.1,16.92
,,,,,75791,12,1704.34,16.92
,,,,,75965,3,961.77,5.8
,,,,,75965,6,948.15,5.8
,,,,,75965,9,970.6,5.8
,,,,,75965,12,985.16,5.8
,,,,,76001,3,2178,23.19
,,,,,76001,6,2218.86,23.19
,,,,,76001,9,2238.67,23.19
,,,,,76001,12,2279.19,23.19
,,,,,76002,3,2215.35,11.22
,,,,,76002,6,2237.2,11.22
,,,,,76002,9,2268.28,11.22
,,,,,76002,12,2287.32,11.22
,,,,,76005,3,2300.49,20.11
,,,,,76005,6,2307.44,20.11
,,,,,76005,9,2293.93,20.11
,,,,,76005,12,2260.85,20.11
,,,,,76006,3,1191.12,10.01
,,,,,76006,6,1200.31,10.01
,,,,,76006,9,1212.79,10.01
,,,,,76006,12,1211.49,10.01
,,,,,76008,3,1964.28,14.08
,,,,,76008,6,1997.8,14.08
,,,,,76008,9,2056.92,14.08
,,,,,76008,12,2134.49,14.08
,,,,,76010,3,1280.21,8.67
,,,,,76010,6,1291.75,8.67
,,,,,76010,9,1296.75,8.67
,,,,,76010,12,1302.3,8.67
,,,,,76011,3,1397.72,14.13
,,,,,76011,6,1403.21,14.13
,,,,,76011,9,1407.63,14.13
,,,,,76011,12,1411.11,14.13
,,,,,76012,3,1694.15,11.63
,,,,,76012,6,1734.12,11.63
,,,,,76012,9,1716.53,11.63
,,,,,76012,12,1722.81,11.63
,,,,,76013,3,1733.17,9.44
,,,,,76013,6,1721.86,9.44
,,,,,76013,9,1721.82,9.44
,,,,,76013,12,1736.9,9.44
,,,,,76014,3,1541.02,10.4
,,,,,76014,6,1553.96,10.4
,,,,,76014,9,1573.66,10.4
,,,,,76014,12,1588.57,10.4
,,,,,76015,3,1768.69,16.66
,,,,,76015,6,1781.66,16.66
,,,,,76015,9,1799.87,16.66
,,,,,76015,12,1808.19,16.66
,,,,,76016,3,1992.98,14.78
,,,,,76016,6,2021.93,14.78
,,,,,76016,9,2036.8,14.78
,,,,,76016,12,2057.65,14.78
,,,,,76017,3,2139.56,7.48
,,,,,76017,6,2156.04,7.48
,,,,,76017,9,2183.55,7.48
,,,,,76017,12,2209.57,7.48
,,,,,76018,3,2028.57,18.46
,,,,,76018,6,2019.31,18.46
,,,,,76018,9,2061.95,18.46
,,,,,76018,12,2066.2,18.46
,,,,,76020,3,1751.16,14.31
,,,,,76020,6,1716.73,14.31
,,,,,76020,9,1752.76,14.31
,,,,,76020,12,1771.72,14.31
,,,,,76021,3,1430.36,6.43
,,,,,76021,6,1439.01,6.43
,,,,,76021,9,1450.05,6.43
,,,,,76021,12,1454.63,6.43
,,,,,76022,3,1567.36,20.76
,,,,,76022,6,1577.18,20.76
,,,,,76022,9,1569.63,20.76
,,,,,76022,12,1592.23,20.76
,,,,,76028,3,1849.44,6.55
,,,,,76028,6,1867.97,6.55
,,,,,76028,9,1886.47,6.55
,,,,,76028,12,1899.99,6.55
,,,,,76033,3,1392.18,11.19
,,,,,76033,6,1390.39,11.19
,,,,,76033,9,1377.05,11.19
,,,,,76033,12,1391.96,11.19
,,,,,76036,3,2131.69,18.27
,,,,,76036,6,2153.67,18.27
,,,,,76036,9,2175.27,18.27
,,,,,76036,12,2200.27,18.27
,,,,,76039,3,1670.29,7.51
,,,,,76039,6,1689.61,7.51
,,,,,76039,9,1695.8,7.51
,,,,,76039,12,1701.33,7.51
,,,,,76040,3,1297.87,14.31
,,,,,76040,6,1302.24,14.31
,,,,,76040,9,1308.65,14.31
,,,,,76040,12,1317.77,14.31
,,,,,76048,3,1549.79,17.43
,,,,,76048,6,1574.38,17.43
,,,,,76048,9,1604.2,17.43
,,,,,76048,12,1601.66,17.43
,,,,,76049,3,1824.97,15.04
,,,,,76049,6,1830.35,15.04
,,,,,76049,9,1842.68,15.04
,,,,,76049,12,1841.28,15.04
,,,,,76051,3,1784.46,8.12
,,,,,76051,6,1779.36,8.12
,,,,,76051,9,1789.61,8.12
,,,,,76051,12,1800.43,8.12
,,,,,76052,3,2195.51,13.09
,,,,,76052,6,2212.23,13.09
,,,,,76052,9,2207.28,13.09
,,,,,76052,12,2229.56,13.09
,,,,,76053,3,1521.47,11.63
,,,,,76053,6,1526.5,11.63
,,,,,76053,9,1536.99,11.63
,,,,,76053,12,1537.11,11.63
,,,,,76060,3,1596.8,12.04
,,,,,76060,6,1642.59,12.04
,,,,,76060,9,1626.59,12.04
,,,,,76060,12,1645.42,12.04
,,,,,76063,3,1721.3,5.88
,,,,,76063,6,1737.75,5.88
,,,,,76063,9,1756.43,5.88
,,,,,76063,12,1765.85,5.88
,,,,,76065,3,1955.56,12.73
,,,,,76065,6,1973.5,12.73
,,,,,76065,9,1986.73,12.73
,,,,,76065,12,2001.54,12.73
,,,,,76086,3,1428.98,9.65
,,,,,76086,6,1440.68,9.65
,,,,,76086,9,1438.14,9.65
,,,,,76086,12,1450.57,9.65
,,,,,76087,3,1737.96,8.44
,,,,,76087,6,1731.22,8.44
,,,,,76087,9,1737.77,8.44
,,,,,76087,12,1729.15,8.44
,,,,,76102,3,1570.91,13.88
,,,,,76102,6,1567.74,13.88
,,,,,76102,9,1569.48,13.88
,,,,,76102,12,1570.02,13.88
,,,,,76104,3,1481.68,15.09
,,,,,76104,6,1485.88,15.09
,,,,,76104,9,1497.94,15.09
,,,,,76104,12,1514.77,15.09
,,,,,76107,3,1613.98,8.36
,,,,,76107,6,1635.91,8.36
,,,,,76107,9,1664.48,8.36
,,,,,76107,12,1676.72,8.36
,,,,,76108,3,1891.99,7.23
,,,,,76108,6,1923.84,7.23
,,,,,76108,9,1947.82,7.23
,,,,,76108,12,1963.11,7.23
,,,,,76109,3,1724.5,14.52
,,,,,76109,6,1729.8,14.52
,,,,,76109,9,1749.06,14.52
,,,,,76109,12,1767.59,14.52
,,,,,76110,3,3597.41,75.29
,,,,,76110,6,3576.28,75.29
,,,,,76110,9,3716.48,75.29
,,,,,76110,12,3725.54,75.29
,,,,,76111,3,1516.66,10.17
,,,,,76111,6,1511.11,10.17
,,,,,76111,9,1513.87,10.17
,,,,,76111,12,1510.91,10.17
,,,,,76112,3,1227.78,13.8
,,,,,76112,6,1235.27,13.8
,,,,,76112,9,1245.79,13.8
,,,,,76112,12,1258.89,13.8
,,,,,76114,3,1615.64,6.89
,,,,,76114,6,1631.54,6.89
,,,,,76114,9,1646.29,6.89
,,,,,76114,12,1657.44,6.89
,,,,,76116,3,1344.99,9.31
,,,,,76116,6,1361.53,9.31
,,,,,76116,9,1380.19,9.31
,,,,,76116,12,1398.83,9.31
,,,,,76117,3,1161.67,12.12
,,,,,76117,6,1173.61,12.12
,,,,,76117,9,1161.95,12.12
,,,,,76117,12,1166.05,12.12
,,,,,76118,3,1633.66,7.34
,,,,,76118,6,1657.21,7.34
,,,,,76118,9,1679.02,7.34
,,,,,76118,12,1683.68,7.34
,,,,,76119,3,1700.22,19.96
,,,,,76119,6,1787.23,19.96
,,,,,76119,9,1741.09,19.96
,,,,,76119,12,1742.74,19.96
,,,,,76120,3,1335.72,10.56
,,,,,76120,6,1348.49,10.56
,,,,,76120,9,1359.86,10.56
,,,,,76120,12,1357.04,10.56
,,,,,76123,3,1962.42,8.9
,,,,,76123,6,1987.48,8.9
,,,,,76123,9,2009.53,8.9
,,,,,76123,12,2035.08,8.9
,,,,,76126,3,2052.36,15.84
,,,,,76126,6,2023.24,15.84
,,,,,76126,9,2033.41,15.84
,,,,,76126,12,2055.26,15.84
,,,,,76131,3,1806.44,9.04
,,,,,76131,6,1817.56,9.04
,,,,,76131,9,1855.51,9.04
,,,,,76131,12,1883.62,9.04
,,,,,76132,3,1270.5,6.88
,,,,,76132,6,1273.75,6.88
,,,,,76132,9,1274.61,6.88
,,,,,76132,12,1276.11,6.88
,,,,,76133,3,1690.61,14.72
,,,,,76133,6,1712.89,14.72
,,,,,76133,9,1734.42,14.72
,,,,,76133,12,1760.62,14.72
,,,,,76134,3,1886.58,13.91
,,,,,76134,6,1893.06,13.91
,,,,,76134,9,1914.88,13.91
,,,,,76134,12,1946.42,13.91
,,,,,76135,3,1550.64,4.91
,,,,,76135,6,1567.57,4.91
,,,,,76135,9,1580.3,4.91
,,,,,76135,12,1608.52,4.91
,,,,,76137,3,1741.15,13.41
,,,,,76137,6,1747.54,13.41
,,,,,76137,9,1762.98,13.41
,,,,,76137,12,1776.41,13.41
,,,,,76140,3,1944.16,13.5
,,,,,76140,6,1963.58,13.5
,,,,,76140,9,1986.64,13.5
,,,,,76140,12,2004.7,13.5
,,,,,76148,3,2032.24,19.29
,,,,,76148,6,2051.71,19.29
,,,,,76148,9,2092.3,19.29
,,,,,76148,12,2080.37,19.29
,,,,,76155,3,1412.33,10.37
,,,,,76155,6,1420.13,10.37
,,,,,76155,9,1417.94,10.37
,,,,,76155,12,1419.36,10.37
,,,,,76164,3,1543.41,16.99
,,,,,76164,6,1564.02,16.99
,,,,,76164,9,1596.52,16.99
,,,,,76164,12,1571.79,16.99
,,,,,76177,3,1644.08,5.45
,,,,,76177,6,1647.72,5.45
,,,,,76177,9,1655.06,5.45
,,,,,76177,12,1661.82,5.45
,,,,,76179,3,2098.63,7.21
,,,,,76179,6,2118.77,7.21
,,,,,76179,9,2142.99,7.21
,,,,,76179,12,2163.73,7.21
,,,,,76180,3,1527.76,6.83
,,,,,76180,6,1550.26,6.83
,,,,,76180,9,1563.65,6.83
,,,,,76180,12,1569.33,6.83
,,,,,76182,3,2102.98,18.68
,,,,,76182,6,2116.68,18.68
,,,,,76182,9,2135.33,18.68
,,,,,76182,12,2146.6,18.68
,,,,,76201,3,1569.68,10.79
,,,,,76201,6,1586.24,10.79
,,,,,76201,9,1602.12,10.79
,,,,,76201,12,1622.47,10.79
,,,,,76205,3,1447.1,5.59
,,,,,76205,6,1462.23,5.59
,,,,,76205,9,1474.9,5.59
,,,,,76205,12,1482.98,5.59
,,,,,76207,3,1581.69,9.75
,,,,,76207,6,1585.77,9.75
,,,,,76207,9,1604.76,9.75
,,,,,76207,12,1612.95,9.75
,,,,,76208,3,1683.84,10.26
,,,,,76208,6,1675.51,10.26
,,,,,76208,9,1686.26,10.26
,,,,,76208,12,1681.27,10.26
,,,,,76209,3,1443.29,11.65
,,,,,76209,6,1444.27,11.65
,,,,,76209,9,1453.58,11.65
,,,,,76209,12,1456.6,11.65
,,,,,76210,3,1873.52,10.52
,,,,,76210,6,1890.26,10.52
,,,,,76210,9,1910.05,10.52
,,,,,76210,12,1927.27,10.52
,,,,,76226,3,2904.75,9.24
,,,,,76226,6,2907.45,9.24
,,,,,76226,9,2911.25,9.24
,,,,,76226,12,2905.58,9.24
,,,,,76227,3,1823.17,10.19
,,,,,76227,6,1818.57,10.19
,,,,,76227,9,1821.6,10.19
,,,,,76227,12,1832.83,10.19
,,,,,76244,3,2083.88,5.56
,,,,,76244,6,2093.97,5.56
,,,,,76244,9,2107.5,5.56
,,,,,76244,12,2121.93,5.56
,,,,,76247,3,2258.67,10.11
,,,,,76247,6,2263.37,10.11
,,,,,76247,9,2265.39,10.11
,,,,,76247,12,2255.52,10.11
,,,,,76248,3,1870.56,13.18
,,,,,76248,6,1884.75,13.18
,,,,,76248,9,1902.75,13.18
,,,,,76248,12,1921.35,13.18
,,,,,76262,3,1727.08,5.49
,,,,,76262,6,1732.36,5.49
,,,,,76262,9,1750.96,5.49
,,,,,76262,12,1765.3,5.49
,,,,,76301,3,961.9,8.47
,,,,,76301,6,997.03,8.47
,,,,,76301,9,997.6,8.47
,,,,,76301,12,1024.68,8.47
,,,,,76306,3,1132.47,9.36
,,,,,76306,6,1124.33,9.36
,,,,,76306,9,1101.52,9.36
,,,,,76306,12,1091.64,9.36
,,,,,76308,3,1126.54,17.76
,,,,,76308,6,1200.37,17.76
,,,,,76308,9,1213.84,17.76
,,,,,76308,12,1204.5,17.76
,,,,,76309,3,937.15,8.49
,,,,,76309,6,937.16,8.49
,,,,,76309,9,935.6,8.49
,,,,,76309,12,941.25,8.49
,,,,,76310,3,1664.33,20.57
,,,,,76310,6,1664.33,20.57
,,,,,76310,9,1765.65,20.57
,,,,,76310,12,1782.97,20.57
,,,,,76401,3,1009.17,6.71
,,,,,76401,6,1028.44,6.71
,,,,,76401,9,1041.5,6.71
,,,,,76401,12,1035.15,6.71
,,,,,76501,3,1344.6,18.15
,,,,,76501,6,1421.02,18.15
,,,,,76501,9,1495.21,18.15
,,,,,76501,12,1596.67,18.15
,,,,,76502,3,1675.38,9.13
,,,,,76502,6,1691.75,9.13
,,,,,76502,9,1715.89,9.13
,,,,,76502,12,1728.12,9.13
,,,,,76504,3,1288.94,11.72
,,,,,76504,6,1311.91,11.72
,,,,,76504,9,1317.96,11.72
,,,,,76504,12,1315.25,11.72
,,,,,76513,3,1606.76,13.84
,,,,,76513,6,1614.64,13.84
,,,,,76513,9,1618.29,13.84
,,,,,76513,12,1629.17,13.84
,,,,,76522,3,1246.26,4.89
,,,,,76522,6,1253.99,4.89
,,,,,76522,9,1263.61,4.89
,,,,,76522,12,1270.47,4.89
,,,,,76537,3,1847.93,11.11
,,,,,76537,6,1829.14,11.11
,,,,,76537,9,1822.89,11.11
,,,,,76537,12,1822.84,11.11
,,,,,76541,3,873.98,6.09
,,,,,76541,6,884.22,6.09
,,,,,76541,9,893.1,6.09
,,,,,76541,12,897.02,6.09
,,,,,76542,3,1473.47,6.03
,,,,,76542,6,1496.64,6.03
,,,,,76542,9,1515.54,6.03
,,,,,76542,12,1530.56,6.03
,,,,,76543,3,1114.57,7.17
,,,,,76543,6,1112.74,7.17
,,,,,76543,9,1124.76,7.17
,,,,,76543,12,1132.2,7.17
,,,,,76548,3,1645.22,8.32
,,,,,76548,6,1656.5,8.32
,,,,,76548,9,1666.82,8.32
,,,,,76548,12,1675.79,8.32
,,,,,76549,3,1340.66,2.72
,,,,,76549,6,1347.34,2.72
,,,,,76549,9,1355.17,2.72
,,,,,76549,12,1365.08,2.72
,,,,,76574,3,1602.02,10.4
,,,,,76574,6,1596.58,10.4
,,,,,76574,9,1598.29,10.4
,,,,,76574,12,1632.02,10.4
,,,,,76643,3,1584.12,7.83
,,,,,76643,6,1584.13,7.83
,,,,,76643,9,1560.01,7.83
,,,,,76643,12,1569.21,7.83
,,,,,76705,3,1439.9,17.68
,,,,,76705,6,1486.82,17.68
,,,,,76705,9,1486.66,17.68
,,,,,76705,12,1484.82,17.68
,,,,,76706,3,1507.53,17.63
,,,,,76706,6,1529.78,17.63
,,,,,76706,9,1543.31,17.63
,,,,,76706,12,1559.89,17.63
,,,,,76707,3,1441.92,9.65
,,,,,76707,6,1442.3,9.65
,,,,,76707,9,1508.68,9.65
,,,,,76707,12,1519.51,9.65
,,,,,76708,3,1623.57,11.58
,,,,,76708,6,1621.79,11.58
,,,,,76708,9,1628.25,11.58
,,,,,76708,12,1633.32,11.58
,,,,,76710,3,1264.87,15.4
,,,,,76710,6,1282.5,15.4
,,,,,76710,9,1273.76,15.4
,,,,,76710,12,1292.81,15.4
,,,,,76711,3,1425.12,20.96
,,,,,76711,6,1393.74,20.96
,,,,,76711,9,1408.25,20.96
,,,,,76711,12,1461.46,20.96
,,,,,76712,3,1654.27,10.97
,,,,,76712,6,1644.94,10.97
,,,,,76712,9,1667.2,10.97
,,,,,76712,12,1686.12,10.97
,,,,,76901,3,1337.73,8.9
,,,,,76901,6,1362.01,8.9
,,,,,76901,9,1363.46,8.9
,,,,,76901,12,1379.27,8.9
,,,,,76904,3,1332.97,5.94
,,,,,76904,6,1337.49,5.94
,,,,,76904,9,1345.89,5.94
,,,,,76904,12,1350.94,5.94
,,,,,77002,3,1739.13,7.57
,,,,,77002,6,1741,7.57
,,,,,77002,9,1738.03,7.57
,,,,,77002,12,1738.85,7.57
,,,,,77003,3,1867.23,12.14
,,,,,77003,6,1876.98,12.14
,,,,,77003,9,1886.49,12.14
,,,,,77003,12,1893.77,12.14
,,,,,77004,3,1867.68,6.69
,,,,,77004,6,1882.83,6.69
,,,,,77004,9,1894.25,6.69
,,,,,77004,12,1904.13,6.69
,,,,,77005,3,2092.97,16.65
,,,,,77005,6,2098.53,16.65
,,,,,77005,9,2110.33,16.65
,,,,,77005,12,2121.12,16.65
,,,,,77006,3,1695.99,8.27
,,,,,77006,6,1704.33,8.27
,,,,,77006,9,1705.94,8.27
,,,,,77006,12,1717.69,8.27
,,,,,77007,3,2025.1,5.6
,,,,,77007,6,2025.66,5.6
,,,,,77007,9,2032.17,5.6
,,,,,77007,12,2034.69,5.6
,,,,,77008,3,1940.87,7.52
,,,,,77008,6,1952.12,7.52
,,,,,77008,9,1975.19,7.52
,,,,,77008,12,1978.87,7.52
,,,,,77009,3,1734.48,9.83
,,,,,77009,6,1758.83,9.83
,,,,,77009,9,1768.88,9.83
,,,,,77009,12,1778.93,9.83
,,,,,77010,3,2889.37,24.17
,,,,,77010,6,2889.17,24.17
,,,,,77010,9,2848.43,24.17
,,,,,77010,12,2805.47,24.17
,,,,,77011,3,1163.33,18.88
,,,,,77011,6,1150.74,18.88
,,,,,77011,9,1174.69,18.88
,,,,,77011,12,1188.86,18.88
,,,,,77013,3,929.38,5.21
,,,,,77013,6,912.27,5.21
,,,,,77013,9,929.15,5.21
,,,,,77013,12,903.86,5.21
,,,,,77014,3,1093.93,10.09
,,,,,77014,6,1091.78,10.09
,,,,,77014,9,1086.31,10.09
,,,,,77014,12,1095.76,10.09
,,,,,77015,3,1259.76,11.7
,,,,,77015,6,1262.97,11.7
,,,,,77015,9,1244.44,11.7
,,,,,77015,12,1251.1,11.7
,,,,,77016,3,1537.26,20.9
,,,,,77016,6,1531.41,20.9
,,,,,77016,9,1538.76,20.9
,,,,,77016,12,1517.13,20.9
,,,,,77017,3,1234.04,21.5
,,,,,77017,6,1232.88,21.5
,,,,,77017,9,1301.42,21.5
,,,,,77017,12,1272.07,21.5
,,,,,77018,3,2075.39,11.42
,,,,,77018,6,2084.67,11.42
,,,,,77018,9,2106.57,11.42
,,,,,77018,12,2095.97,11.42
,,,,,77019,3,1967.61,8.65
,,,,,77019,6,1962.47,8.65
,,,,,77019,9,1961.12,8.65
,,,,,77019,12,1968.06,8.65
,,,,,77020,3,1749.55,13.74
,,,,,77020,6,1731.47,13.74
,,,,,77020,9,1738.45,13.74
,,,,,77020,12,1785.88,13.74
,,,,,77021,3,1747.05,13.41
,,,,,77021,6,1757.69,13.41
,,,,,77021,9,1766.4,13.41
,,,,,77021,12,1775.87,13.41
,,,,,77022,3,1385.82,13.27
,,,,,77022,6,1432.3,13.27
,,,,,77022,9,1403.91,13.27
,,,,,77022,12,1405.18,13.27
,,,,,77023,3,1304.28,13.08
,,,,,77023,6,1308.44,13.08
,,,,,77023,9,1316.41,13.08
,,,,,77023,12,1322.97,13.08
,,,,,77024,3,1846.17,12.63
,,,,,77024,6,1852.75,12.63
,,,,,77024,9,1858.22,12.63
,,,,,77024,12,1861.79,12.63
,,,,,77025,3,1569,8.44
,,,,,77025,6,1584.07,8.44
,,,,,77025,9,1596.36,8.44
,,,,,77025,12,1609.32,8.44
,,,,,77026,3,1116.72,11.61
,,,,,77026,6,1111.96,11.61
,,,,,77026,9,1126.41,11.61
,,,,,77026,12,1149.23,11.61
,,,,,77027,3,1799.85,5.72
,,,,,77027,6,1804.51,5.72
,,,,,77027,9,1810.1,5.72
,,,,,77027,12,1818.2,5.72
,,,,,77028,3,1679.79,6.16
,,,,,77028,6,1679.99,6.16
,,,,,77028,9,1666.99,6.16
,,,,,77028,12,1689.45,6.16
,,,,,77030,3,1685.58,9.95
,,,,,77030,6,1689.39,9.95
,,,,,77030,9,1701.22,9.95
,,,,,77030,12,1702.31,9.95
,,,,,77032,3,1505.13,22.89
,,,,,77032,6,1585.07,22.89
,,,,,77032,9,1613.53,22.89
,,,,,77032,12,1655.94,22.89
,,,,,77033,3,1691.89,8.55
,,,,,77033,6,1678.56,8.55
,,,,,77033,9,1690.16,8.55
,,,,,77033,12,1707.28,8.55
,,,,,77034,3,1063.69,9.52
,,,,,77034,6,1071.03,9.52
,,,,,77034,9,1073.71,9.52
,,,,,77034,12,1059.86,9.52
,,,,,77035,3,1080.51,5.5
,,,,,77035,6,1082.37,5.5
,,,,,77035,9,1090.36,5.5
,,,,,77035,12,1097.48,5.5
,,,,,77036,3,1042.72,11.13
,,,,,77036,6,1048.06,11.13
,,,,,77036,9,1063.3,11.13
,,,,,77036,12,1055.55,11.13
,,,,,77040,3,1435.32,9
,,,,,77040,6,1448.97,9
,,,,,77040,9,1458.47,9
,,,,,77040,12,1466.77,9
,,,,,77041,3,1824.68,9.5
,,,,,77041,6,1837.48,9.5
,,,,,77041,9,1844.85,9.5
,,,,,77041,12,1867.09,9.5
,,,,,77042,3,1415.25,7.61
,,,,,77042,6,1426.07,7.61
,,,,,77042,9,1430.41,7.61
,,,,,77042,12,1435.21,7.61
,,,,,77043,3,1793.8,10.48
,,,,,77043,6,1808.48,10.48
,,,,,77043,9,1822.44,10.48
,,,,,77043,12,1833.95,10.48
,,,,,77044,3,1826.14,12.65
,,,,,77044,6,1832.73,12.65
,,,,,77044,9,1851.64,12.65
,,,,,77044,12,1864.48,12.65
,,,,,77045,3,1693.61,15.96
,,,,,77045,6,1700.09,15.96
,,,,,77045,9,1718.2,15.96
,,,,,77045,12,1733.48,15.96
,,,,,77047,3,1997.43,7.63
,,,,,77047,6,2013.71,7.63
,,,,,77047,9,2027.68,7.63
,,,,,77047,12,2039.96,7.63
,,,,,77048,3,1706.83,11.27
,,,,,77048,6,1685.38,11.27
,,,,,77048,9,1701.47,11.27
,,,,,77048,12,1738.09,11.27
,,,,,77049,3,1425.79,11.97
,,,,,77049,6,1414.85,11.97
,,,,,77049,9,1436.15,11.97
,,,,,77049,12,1422.56,11.97
,,,,,77051,3,1724.09,11.25
,,,,,77051,6,1751.07,11.25
,,,,,77051,9,1796.76,11.25
,,,,,77051,12,1810.25,11.25
,,,,,77053,3,1734.42,17.42
,,,,,77053,6,1764.05,17.42
,,,,,77053,9,1752.05,17.42
,,,,,77053,12,1768.51,17.42
,,,,,77054,3,1328.12,8.49
,,,,,77054,6,1327.87,8.49
,,,,,77054,9,1335.14,8.49
,,,,,77054,12,1352.66,8.49
,,,,,77055,3,1528.38,7.19
,,,,,77055,6,1530.26,7.19
,,,,,77055,9,1534.96,7.19
,,,,,77055,12,1534.65,7.19
,,,,,77056,3,1752.84,10.07
,,,,,77056,6,1761.48,10.07
,,,,,77056,9,1768.51,10.07
,,,,,77056,12,1777.16,10.07
,,,,,77057,3,1458.27,3.47
,,,,,77057,6,1464.17,3.47
,,,,,77057,9,1473.86,3.47
,,,,,77057,12,1480.84,3.47
,,,,,77058,3,1471.43,6.73
,,,,,77058,6,1493.79,6.73
,,,,,77058,9,1499.52,6.73
,,,,,77058,12,1498.71,6.73
,,,,,77060,3,1041.94,7.79
,,,,,77060,6,1050.32,7.79
,,,,,77060,9,1075.45,7.79
,,,,,77060,12,1076.9,7.79
,,,,,77061,3,1009.85,8.3
,,,,,77061,6,1022.81,8.3
,,,,,77061,9,1022.65,8.3
,,,,,77061,12,1060,8.3
,,,,,77062,3,2206.35,17.7
,,,,,77062,6,2206.76,17.7
,,,,,77062,9,2208.06,17.7
,,,,,77062,12,2205.84,17.7
,,,,,77063,3,1390.89,6.65
,,,,,77063,6,1393.36,6.65
,,,,,77063,9,1400.97,6.65
,,,,,77063,12,1404.05,6.65
,,,,,77064,3,1577.23,12.68
,,,,,77064,6,1579.02,12.68
,,,,,77064,9,1595.84,12.68
,,,,,77064,12,1610.82,12.68
,,,,,77065,3,1405.72,8.47
,,,,,77065,6,1414.87,8.47
,,,,,77065,9,1415.29,8.47
,,,,,77065,12,1413.78,8.47
,,,,,77066,3,1493.04,11.69
,,,,,77066,6,1507.42,11.69
,,,,,77066,9,1520.22,11.69
,,,,,77066,12,1527.16,11.69
,,,,,77069,3,1247.5,10.98
,,,,,77069,6,1264.03,10.98
,,,,,77069,9,1263.48,10.98
,,,,,77069,12,1267.9,10.98
,,,,,77070,3,1480.47,5.86
,,,,,77070,6,1493.91,5.86
,,,,,77070,9,1502.85,5.86
,,,,,77070,12,1511.47,5.86
,,,,,77071,3,1672.06,19.72
,,,,,77071,6,1677.96,19.72
,,,,,77071,9,1707.27,19.72
,,,,,77071,12,1731.37,19.72
,,,,,77072,3,1743.65,8.19
,,,,,77072,6,1748.1,8.19
,,,,,77072,9,1747.96,8.19
,,,,,77072,12,1748.8,8.19
,,,,,77073,3,1812.78,11.11
,,,,,77073,6,1826.93,11.11
,,,,,77073,9,1843.96,11.11
,,,,,77073,12,1850.82,11.11
,,,,,77074,3,1666.88,12.06
,,,,,77074,6,1663.59,12.06
,,,,,77074,9,1682.34,12.06
,,,,,77074,12,1713.3,12.06
,,,,,77075,3,1323.43,11.53
,,,,,77075,6,1341.58,11.53
,,,,,77075,9,1338.96,11.53
,,,,,77075,12,1354.9,11.53
,,,,,77077,3,1422.6,3.82
,,,,,77077,6,1422.19,3.82
,,,,,77077,9,1431.02,3.82
,,,,,77077,12,1442.85,3.82
,,,,,77079,3,1646.21,9.2
,,,,,77079,6,1651.42,9.2
,,,,,77079,9,1649.31,9.2
,,,,,77079,12,1665.23,9.2
,,,,,77080,3,1221,6.94
,,,,,77080,6,1224.28,6.94
,,,,,77080,9,1225.02,6.94
,,,,,77080,12,1228.83,6.94
,,,,,77081,3,1001.67,7.75
,,,,,77081,6,1006.94,7.75
,,,,,77081,9,1011.96,7.75
,,,,,77081,12,1028.25,7.75
,,,,,77082,3,1287.22,5.54
,,,,,77082,6,1297.32,5.54
,,,,,77082,9,1304.63,5.54
,,,,,77082,12,1310.39,5.54
,,,,,77083,3,1954.15,13.53
,,,,,77083,6,1975.59,13.53
,,,,,77083,9,1987.92,13.53
,,,,,77083,12,2007.09,13.53
,,,,,77084,3,1637.78,6.18
,,,,,77084,6,1648.67,6.18
,,,,,77084,9,1666.54,6.18
,,,,,77084,12,1681.4,6.18
,,,,,77085,3,1373.34,7.99
,,,,,77085,6,1373.49,7.99
,,,,,77085,9,1369.18,7.99
,,,,,77085,12,1367.38,7.99
,,,,,77086,3,1363.97,11.51
,,,,,77086,6,1408.12,11.51
,,,,,77086,9,1394.37,11.51
,,,,,77086,12,1394.35,11.51
,,,,,77087,3,1366.72,21.13
,,,,,77087,6,1367.45,21.13
,,,,,77087,9,1381.96,21.13
,,,,,77087,12,1362.13,21.13
,,,,,77088,3,1724.13,11.72
,,,,,77088,6,1739.49,11.72
,,,,,77088,9,1753.24,11.72
,,,,,77088,12,1750.26,11.72
,,,,,77089,3,1434.64,9.56
,,,,,77089,6,1451.18,9.56
,,,,,77089,9,1452.8,9.56
,,,,,77089,12,1458.78,9.56
,,,,,77090,3,1084.77,7.14
,,,,,77090,6,1093.99,7.14
,,,,,77090,9,1100.85,7.14
,,,,,77090,12,1110.89,7.14
,,,,,77091,3,2163.26,14.92
,,,,,77091,6,2171.1,14.92
,,,,,77091,9,2167.01,14.92
,,,,,77091,12,2245.23,14.92
,,,,,77092,3,1632.36,20.54
,,,,,77092,6,1647.06,20.54
,,,,,77092,9,1648.75,20.54
,,,,,77092,12,1657.65,20.54
,,,,,77094,3,2037.83,20.04
,,,,,77094,6,2049.86,20.04
,,,,,77094,9,2050.08,20.04
,,,,,77094,12,2038.9,20.04
,,,,,77095,3,1503.35,12.1
,,,,,77095,6,1509.26,12.1
,,,,,77095,9,1517.41,12.1
,,,,,77095,12,1521.31,12.1
,,,,,77096,3,1577.4,17.44
,,,,,77096,6,1615.78,17.44
,,,,,77096,9,1621.9,17.44
,,,,,77096,12,1631.81,17.44
,,,,,77098,3,1709.33,6.65
,,,,,77098,6,1722.91,6.65
,,,,,77098,9,1730.24,6.65
,,,,,77098,12,1731.54,6.65
,,,,,77099,3,1086.64,12.22
,,,,,77099,6,1119.57,12.22
,,,,,77099,9,1119.65,12.22
,,,,,77099,12,1122.47,12.22
,,,,,77301,3,1618.91,7.94
,,,,,77301,6,1626.3,7.94
,,,,,77301,9,1632.19,7.94
,,,,,77301,12,1638.79,7.94
,,,,,77302,3,1941,16.43
,,,,,77302,6,1969.12,16.43
,,,,,77302,9,1982.79,16.43
,,,,,77302,12,2005.34,16.43
,,,,,77303,3,1544.96,10.43
,,,,,77303,6,1538.14,10.43
,,,,,77303,9,1545.82,10.43
,,,,,77303,12,1547.78,10.43
,,,,,77304,3,1495.52,6.95
,,,,,77304,6,1501.43,6.95
,,,,,77304,9,1510.95,6.95
,,,,,77304,12,1509.7,6.95
,,,,,77316,3,1710.29,10.09
,,,,,77316,6,1725.99,10.09
,,,,,77316,9,1729.87,10.09
,,,,,77316,12,1743.45,10.09
,,,,,77318,3,1852.44,13.69
,,,,,77318,6,1853.39,13.69
,,,,,77318,9,1853.59,13.69
,,,,,77318,12,1851.61,13.69
,,,,,77327,3,1496.73,12.17
,,,,,77327,6,1498.73,12.17
,,,,,77327,9,1534.37,12.17
,,,,,77327,12,1525.17,12.17
,,,,,77338,3,1595.43,8.16
,,,,,77338,6,1615,8.16
,,,,,77338,9,1636.67,8.16
,,,,,77338,12,1649.64,8.16
,,,,,77339,3,1578.64,7.18
,,,,,77339,6,1600.23,7.18
,,,,,77339,9,1611.93,7.18
,,,,,77339,12,1619.59,7.18
,,,,,77340,3,1370.82,13.37
,,,,,77340,6,1369.68,13.37
,,,,,77340,9,1367.73,13.37
,,,,,77340,12,1415.8,13.37
,,,,,77345,3,2233.86,31.47
,,,,,77345,6,2265.57,31.47
,,,,,77345,9,2309.37,31.47
,,,,,77345,12,2297.97,31.47
,,,,,77346,3,1970.32,5.17
,,,,,77346,6,1981.59,5.17
,,,,,77346,9,2003.56,5.17
,,,,,77346,12,2018.04,5.17
,,,,,77354,3,1802.53,14.56
,,,,,77354,6,1808.05,14.56
,,,,,77354,9,1803.76,14.56
,,,,,77354,12,1804.24,14.56
,,,,,77355,3,1856.57,11.7
,,,,,77355,6,1853.81,11.7
,,,,,77355,9,1870.73,11.7
,,,,,77355,12,1878.81,11.7
,,,,,77356,3,1923.59,14.79
,,,,,77356,6,1958.47,14.79
,,,,,77356,9,1974.3,14.79
,,,,,77356,12,1979.17,14.79
,,,,,77357,3,1855.66,15.91
,,,,,77357,6,1883.11,15.91
,,,,,77357,9,1922.5,15.91
,,,,,77357,12,1893.21,15.91
,,,,,77365,3,1876.41,13.33
,,,,,77365,6,1887.48,13.33
,,,,,77365,9,1889.34,13.33
,,,,,77365,12,1888.06,13.33
,,,,,77373,3,1773.91,3.59
,,,,,77373,6,1785.54,3.59
,,,,,77373,9,1800.36,3.59
,,,,,77373,12,1815.57,3.59
,,,,,77375,3,1893.64,9.95
,,,,,77375,6,1907.64,9.95
,,,,,77375,9,1935.54,9.95
,,,,,77375,12,1937.46,9.95
,,,,,77377,3,1976.61,13.91
,,,,,77377,6,1990.57,13.91
,,,,,77377,9,1997.84,13.91
,,,,,77377,12,2019.25,13.91
,,,,,77379,3,1442.62,7.41
,,,,,77379,6,1453.78,7.41
,,,,,77379,9,1465.16,7.41
,,,,,77379,12,1474.91,7.41
,,,,,77380,3,1768.14,10.63
,,,,,77380,6,1774.44,10.63
,,,,,77380,9,1786.53,10.63
,,,,,77380,12,1792.07,10.63
,,,,,77381,3,2077.76,22.05
,,,,,77381,6,2107.92,22.05
,,,,,77381,9,2128.85,22.05
,,,,,77381,12,2168.67,22.05
,,,,,77382,3,2372.68,13.67
,,,,,77382,6,2397.98,13.67
,,,,,77382,9,2421.48,13.67
,,,,,77382,12,2432.92,13.67
,,,,,77384,3,1570.84,7.73
,,,,,77384,6,1585.83,7.73
,,,,,77384,9,1596.1,7.73
,,,,,77384,12,1617.44,7.73
,,,,,77385,3,2151.2,11.15
,,,,,77385,6,2164.92,11.15
,,,,,77385,9,2180.61,11.15
,,,,,77385,12,2193.94,11.15
,,,,,77386,3,1980.04,8.2
,,,,,77386,6,1998.56,8.2
,,,,,77386,9,2012.95,8.2
,,,,,77386,12,2031.81,8.2
,,,,,77388,3,1855.97,6.03
,,,,,77388,6,1866.8,6.03
,,,,,77388,9,1882.99,6.03
,,,,,77388,12,1902.54,6.03
,,,,,77389,3,1697.41,5.93
,,,,,77389,6,1708.24,5.93
,,,,,77389,9,1713.41,5.93
,,,,,77389,12,1719.44,5.93
,,,,,77396,3,1642.82,12.96
,,,,,77396,6,1650.64,12.96
,,,,,77396,9,1654.83,12.96
,,,,,77396,12,1666.54,12.96
,,,,,77406,3,2014.22,10.13
,,,,,77406,6,2023.81,10.13
,,,,,77406,9,2031.63,10.13
,,,,,77406,12,2041.58,10.13
,,,,,77407,3,1692.86,7.67
,,,,,77407,6,1705.54,7.67
,,,,,77407,9,1719.56,7.67
,,,,,77407,12,1731.05,7.67
,,,,,77414,3,1001.05,20.51
,,,,,77414,6,934.4,20.51
,,,,,77414,9,922.8,20.51
,,,,,77414,12,942.1,20.51
,,,,,77423,3,1842.7,13.53
,,,,,77423,6,1853.73,13.53
,,,,,77423,9,1858.49,13.53
,,,,,77423,12,1827.27,13.53
,,,,,77429,3,2012.57,11.55
,,,,,77429,6,2027.23,11.55
,,,,,77429,9,2060.81,11.55
,,,,,77429,12,2071.38,11.55
,,,,,77433,3,1973.34,14.02
,,,,,77433,6,1980.8,14.02
,,,,,77433,9,2005.83,14.02
,,,,,77433,12,2019.23,14.02
,,,,,77441,3,2219.53,16.7
,,,,,77441,6,2198.97,16.7
,,,,,77441,9,2208.71,16.7
,,,,,77441,12,2268.04,16.7
,,,,,77447,3,1843.03,21.14
,,,,,77447,6,1892.28,21.14
,,,,,77447,9,1889.55,21.14
,,,,,77447,12,1922.53,21.14
,,,,,77449,3,1846.18,4.6
,,,,,77449,6,1866.51,4.6
,,,,,77449,9,1882.76,4.6
,,,,,77449,12,1899.94,4.6
,,,,,77450,3,1956.55,4.44
,,,,,77450,6,1965.71,4.44
,,,,,77450,9,1979.14,4.44
,,,,,77450,12,1995.92,4.44
,,,,,77459,3,2243.19,16.21
,,,,,77459,6,2253.17,16.21
,,,,,77459,9,2265.5,16.21
,,,,,77459,12,2296.27,16.21
,,,,,77469,3,2052.89,20.13
,,,,,77469,6,2050.91,20.13
,,,,,77469,9,2061.14,20.13
,,,,,77469,12,2065.43,20.13
,,,,,77471,3,1663.18,12.97
,,,,,77471,6,1669.38,12.97
,,,,,77471,9,1688.75,12.97
,,,,,77471,12,1682.25,12.97
,,,,,77477,3,1593.78,9.72
,,,,,77477,6,1602.9,9.72
,,,,,77477,9,1605.12,9.72
,,,,,77477,12,1590.71,9.72
,,,,,77478,3,1676.4,15.35
,,,,,77478,6,1702.08,15.35
,,,,,77478,9,1682.18,15.35
,,,,,77478,12,1672.16,15.35
,,,,,77479,3,2154.47,8.83
,,,,,77479,6,2157.68,8.83
,,,,,77479,9,2177.91,8.83
,,,,,77479,12,2185.86,8.83
,,,,,77484,3,1382.5,10.01
,,,,,77484,6,1401.41,10.01
,,,,,77484,9,1408.27,10.01
,,,,,77484,12,1420.74,10.01
,,,,,77489,3,1859.84,12.44
,,,,,77489,6,1876.74,12.44
,,,,,77489,9,1880.42,12.44
,,,,,77489,12,1875.76,12.44
,,,,,77493,3,2232.71,6.22
,,,,,77493,6,2254.78,6.22
,,,,,77493,9,2271.84,6.22
,,,,,77493,12,2285.61,6.22
,,,,,77494,3,1905.4,5.68
,,,,,77494,6,1919.65,5.68
,,,,,77494,9,1932.42,5.68
,,,,,77494,12,1944.79,5.68
,,,,,77498,3,1981.87,9.98
,,,,,77498,6,1992.13,9.98
,,,,,77498,9,2009.44,9.98
,,,,,77498,12,2022.72,9.98
,,,,,77503,3,1286.02,6.94
,,,,,77503,6,1286.02,6.94
,,,,,77503,9,1286.02,6.94
,,,,,77503,12,1311.14,6.94
,,,,,77504,3,1047.56,3.83
,,,,,77504,6,1047.56,3.83
,,,,,77504,9,1047.56,3.83
,,,,,77504,12,1061.41,3.83
,,,,,77505,3,1528.46,13.48
,,,,,77505,6,1561.68,13.48
,,,,,77505,9,1566.09,13.48
,,,,,77505,12,1565.96,13.48
,,,,,77520,3,1212.06,13.71
,,,,,77520,6,1223.78,13.71
,,,,,77520,9,1220.52,13.71
,,,,,77520,12,1196.12,13.71
,,,,,77521,3,1535.49,7.44
,,,,,77521,6,1541.92,7.44
,,,,,77521,9,1555.58,7.44
,,,,,77521,12,1566.33,7.44
,,,,,77523,3,2129.41,11.94
,,,,,77523,6,2140.68,11.94
,,,,,77523,9,2139.68,11.94
,,,,,77523,12,2156.23,11.94
,,,,,77532,3,1985.55,21.35
,,,,,77532,6,2005.4,21.35
,,,,,77532,9,2027.63,21.35
,,,,,77532,12,2032.35,21.35
,,,,,77539,3,1803.56,8.99
,,,,,77539,6,1817.12,8.99
,,,,,77539,9,1832.21,8.99
,,,,,77539,12,1848.88,8.99
,,,,,77545,3,2214.29,13.53
,,,,,77545,6,2224.04,13.53
,,,,,77545,9,2228.95,13.53
,,,,,77545,12,2242.09,13.53
,,,,,77546,3,1974.35,9.5
,,,,,77546,6,1979.15,9.5
,,,,,77546,9,1981.37,9.5
,,,,,77546,12,1987.71,9.5
,,,,,77550,3,1407.27,8.59
,,,,,77550,6,1418.87,8.59
,,,,,77550,9,1434.66,8.59
,,,,,77550,12,1440.31,8.59
,,,,,77551,3,1161.76,13.06
,,,,,77551,6,1191.24,13.06
,,,,,77551,9,1196.47,13.06
,,,,,77551,12,1181.77,13.06
,,,,,77565,3,1680.93,12.72
,,,,,77565,6,1691.82,12.72
,,,,,77565,9,1692.43,12.72
,,,,,77565,12,1697.48,12.72
,,,,,77566,3,1446.06,17.39
,,,,,77566,6,1490.99,17.39
,,,,,77566,9,1491.5,17.39
,,,,,77566,12,1507.09,17.39
,,,,,77568,3,1816.55,14.09
,,,,,77568,6,1817.76,14.09
,,,,,77568,9,1843.37,14.09
,,,,,77568,12,1807.91,14.09
,,,,,77571,3,1711.49,13.91
,,,,,77571,6,1716.96,13.91
,,,,,77571,9,1728.93,13.91
,,,,,77571,12,1741.14,13.91
,,,,,77573,3,1803.12,6.09
,,,,,77573,6,1820.82,6.09
,,,,,77573,9,1837.27,6.09
,,,,,77573,12,1844.69,6.09
,,,,,77578,3,2094.72,16.04
,,,,,77578,6,2049.37,16.04
,,,,,77578,9,2084.76,16.04
,,,,,77578,12,2081.18,16.04
,,,,,77581,3,1757.07,12.84
,,,,,77581,6,1768.46,12.84
,,,,,77581,9,1784.53,12.84
,,,,,77581,12,1792.91,12.84
,,,,,77583,3,2425.46,21.51
,,,,,77583,6,2490.75,21.51
,,,,,77583,9,2462.91,21.51
,,,,,77583,12,2500.05,21.51
,,,,,77584,3,1865.04,6.12
,,,,,77584,6,1874.62,6.12
,,,,,77584,9,1887.07,6.12
,,,,,77584,12,1897.25,6.12
,,,,,77590,3,1457.98,10.23
,,,,,77590,6,1487.46,10.23
,,,,,77590,9,1483.79,10.23
,,,,,77590,12,1513.28,10.23
,,,,,77591,3,1619.09,16.46
,,,,,77591,6,1625.08,16.46
,,,,,77591,9,1627.22,16.46
,,,,,77591,12,1655.69,16.46
,,,,,77598,3,1336.41,9.36
,,,,,77598,6,1344.55,9.36
,,,,,77598,9,1351.64,9.36
,,,,,77598,12,1355.91,9.36
,,,,,77627,3,1249.96,13.43
,,,,,77627,6,1241.17,13.43
,,,,,77627,9,1254.17,13.43
,,,,,77627,12,1291.89,13.43
,,,,,77630,3,1114.73,13.02
,,,,,77630,6,1119.68,13.02
,,,,,77630,9,1139.01,13.02
,,,,,77630,12,1165.22,13.02
,,,,,77642,3,1217.4,27.52
,,,,,77642,6,1224.69,27.52
,,,,,77642,9,1199.58,27.52
,,,,,77642,12,1240.29,27.52
,,,,,77705,3,970.07,9.41
,,,,,77705,6,973.6,9.41
,,,,,77705,9,990.04,9.41
,,,,,77705,12,1001,9.41
,,,,,77706,3,1408.91,13.13
,,,,,77706,6,1408.42,13.13
,,,,,77706,9,1427.41,13.13
,,,,,77706,12,1442.79,13.13
,,,,,77801,3,1472.49,22.47
,,,,,77801,6,1482.25,22.47
,,,,,77801,9,1496.48,22.47
,,,,,77801,12,1509.15,22.47
,,,,,77802,3,1578.15,5.61
,,,,,77802,6,1591.41,5.61
,,,,,77802,9,1600.58,5.61
,,,,,77802,12,1611.04,5.61
,,,,,77803,3,1520.44,7.22
,,,,,77803,6,1527.3,7.22
,,,,,77803,9,1535.25,7.22
,,,,,77803,12,1556.92,7.22
,,,,,77840,3,1904.55,17.2
,,,,,77840,6,1924.36,17.2
,,,,,77840,9,1940.76,17.2
,,,,,77840,12,1954.93,17.2
,,,,,77845,3,1602.51,5.33
,,,,,77845,6,1619.47,5.33
,,,,,77845,9,1633.94,5.33
,,,,,77845,12,1644.83,5.33
,,,,,77901,3,1278.25,5.89
,,,,,77901,6,1273.4,5.89
,,,,,77901,9,1281.2,5.89
,,,,,77901,12,1284.12,5.89
,,,,,78006,3,1448.58,13.74
,,,,,78006,6,1455.74,13.74
,,,,,78006,9,1475.4,13.74
,,,,,78006,12,1490.61,13.74
,,,,,78023,3,1829.06,17.35
,,,,,78023,6,1858.33,17.35
,,,,,78023,9,1859.09,17.35
,,,,,78023,12,1851.76,17.35
,,,,,78028,3,1533.92,12.6
,,,,,78028,6,1547.89,12.6
,,,,,78028,9,1547.42,12.6
,,,,,78028,12,1537.18,12.6
,,,,,78045,3,1655,16.32
,,,,,78045,6,1678.67,16.32
,,,,,78045,9,1694.96,16.32
,,,,,78045,12,1703.2,16.32
,,,,,78108,3,1920.03,10.08
,,,,,78108,6,1913.56,10.08
,,,,,78108,9,1909.08,10.08
,,,,,78108,12,1926.21,10.08
,,,,,78109,3,1751.2,6.04
,,,,,78109,6,1755.47,6.04
,,,,,78109,9,1770.98,6.04
,,,,,78109,12,1779.27,6.04
,,,,,78130,3,1645.91,6.09
,,,,,78130,6,1661.57,6.09
,,,,,78130,9,1671.99,6.09
,,,,,78130,12,1691.13,6.09
,,,,,78132,3,1570.39,10.72
,,,,,78132,6,1587.9,10.72
,,,,,78132,9,1575.89,10.72
,,,,,78132,12,1572.48,10.72
,,,,,78133,3,1734.28,20.38
,,,,,78133,6,1693.21,20.38
,,,,,78133,9,1738.34,20.38
,,,,,78133,12,1705.95,20.38
,,,,,78148,3,1247.47,5.43
,,,,,78148,6,1240.57,5.43
,,,,,78148,9,1249.19,5.43
,,,,,78148,12,1252.06,5.43
,,,,,78152,3,1871.89,14.55
,,,,,78152,6,1861.7,14.55
,,,,,78152,9,1843.09,14.55
,,,,,78152,12,1834.63,14.55
,,,,,78154,3,1651.43,10.58
,,,,,78154,6,1661.66,10.58
,,,,,78154,9,1678.99,10.58
,,,,,78154,12,1700.67,10.58
,,,,,78155,3,1483.9,14.66
,,,,,78155,6,1475.31,14.66
,,,,,78155,9,1476.27,14.66
,,,,,78155,12,1496.63,14.66
,,,,,78201,3,1262.27,11.72
,,,,,78201,6,1248.06,11.72
,,,,,78201,9,1250.71,11.72
,,,,,78201,12,1288.21,11.72
,,,,,78202,3,1522.34,9.91
,,,,,78202,6,1534.26,9.91
,,,,,78202,9,1541.45,9.91
,,,,,78202,12,1539.88,9.91
,,,,,78203,3,1468.8,12.6
,,,,,78203,6,1464.41,12.6
,,,,,78203,9,1447.11,12.6
,,,,,78203,12,1450.27,12.6
,,,,,78204,3,1402.99,7.47
,,,,,78204,6,1400.77,7.47
,,,,,78204,9,1404.95,7.47
,,,,,78204,12,1411.54,7.47
,,,,,78207,3,1256.22,8.9
,,,,,78207,6,1261.23,8.9
,,,,,78207,9,1256.05,8.9
,,,,,78207,12,1251.28,8.9
,,,,,78209,3,1616.03,9.14
,,,,,78209,6,1638.03,9.14
,,,,,78209,9,1649.45,9.14
,,,,,78209,12,1657.08,9.14
,,,,,78210,3,1340.87,14.22
,,,,,78210,6,1349.72,14.22
,,,,,78210,9,1358.93,14.22
,,,,,78210,12,1377.51,14.22
,,,,,78211,3,1245.83,5.53
,,,,,78211,6,1246.33,5.53
,,,,,78211,9,1230.1,5.53
,,,,,78211,12,1227.8,5.53
,,,,,78212,3,1459.44,10.32
,,,,,78212,6,1465.11,10.32
,,,,,78212,9,1481.73,10.32
,,,,,78212,12,1500.28,10.32
,,,,,78213,3,1027.71,11.19
,,,,,78213,6,1044.82,11.19
,,,,,78213,9,1063.81,11.19
,,,,,78213,12,1084.39,11.19
,,,,,78214,3,1018.88,11.67
,,,,,78214,6,1000.34,11.67
,,,,,78214,9,993.67,11.67
,,,,,78214,12,1026.61,11.67
,,,,,78215,3,1660.49,10.41
,,,,,78215,6,1658.49,10.41
,,,,,78215,9,1645.81,10.41
,,,,,78215,12,1651.78,10.41
,,,,,78216,3,1321.62,4.49
,,,,,78216,6,1334.69,4.49
,,,,,78216,9,1352.04,4.49
,,,,,78216,12,1356.63,4.49
,,,,,78217,3,1113.62,9.15
,,,,,78217,6,1118.13,9.15
,,,,,78217,9,1131.42,9.15
,,,,,78217,12,1136.53,9.15
,,,,,78218,3,1590.19,12.43
,,,,,78218,6,1605.31,12.43
,,,,,78218,9,1616.4,12.43
,,,,,78218,12,1625.89,12.43
,,,,,78219,3,1220.75,9.77
,,,,,78219,6,1223.19,9.77
,,,,,78219,9,1227.75,9.77
,,,,,78219,12,1230.65,9.77
,,,,,78220,3,1365.96,18.01
,,,,,78220,6,1335.63,18.01
,,,,,78220,9,1371.58,18.01
,,,,,78220,12,1339.14,18.01
,,,,,78221,3,1392.48,10.66
,,,,,78221,6,1417.06,10.66
,,,,,78221,9,1415.16,10.66
,,,,,78221,12,1429.34,10.66
,,,,,78222,3,1704.77,18.47
,,,,,78222,6,1715.36,18.47
,,,,,78222,9,1744.74,18.47
,,,,,78222,12,1756.26,18.47
,,,,,78223,3,1361.89,11.88
,,,,,78223,6,1366.77,11.88
,,,,,78223,9,1380.93,11.88
,,,,,78223,12,1399.17,11.88
,,,,,78224,3,1503.57,3.72
,,,,,78224,6,1503.57,3.72
,,,,,78224,9,1503.57,3.72
,,,,,78224,12,1517.04,3.72
,,,,,78227,3,1458.02,13.23
,,,,,78227,6,1467.12,13.23
,,,,,78227,9,1467.43,13.23
,,,,,78227,12,1478.43,13.23
,,,,,78228,3,1602.11,32.98
,,,,,78228,6,1621.98,32.98
,,,,,78228,9,1616.8,32.98
,,,,,78228,12,1649.17,32.98
,,,,,78229,3,1160.78,5.34
,,,,,78229,6,1173.89,5.34
,,,,,78229,9,1177.38,5.34
,,,,,78229,12,1191.67,5.34
,,,,,78230,3,1145.1,6.82
,,,,,78230,6,1153.51,6.82
,,,,,78230,9,1168.35,6.82
,,,,,78230,12,1169.57,6.82
,,,,,78231,3,1517.63,18.02
,,,,,78231,6,1563.83,18.02
,,,,,78231,9,1565.91,18.02
,,,,,78231,12,1528.79,18.02
,,,,,78232,3,1262.63,7.84
,,,,,78232,6,1279.17,7.84
,,,,,78232,9,1288.18,7.84
,,,,,78232,12,1301.26,7.84
,,,,,78233,3,1437.41,5.99
,,,,,78233,6,1443.91,5.99
,,,,,78233,9,1457.62,5.99
,,,,,78233,12,1474.59,5.99
,,,,,78237,3,1325.59,8.23
,,,,,78237,6,1357.81,8.23
,,,,,78237,9,1387.62,8.23
,,,,,78237,12,1461.51,8.23
,,,,,78238,3,1215.66,19.71
,,,,,78238,6,1231.54,19.71
,,,,,78238,9,1231.33,19.71
,,,,,78238,12,1251,19.71
,,,,,78239,3,1551.88,8.28
,,,,,78239,6,1570.4,8.28
,,,,,78239,9,1587.16,8.28
,,,,,78239,12,1597.9,8.28
,,,,,78240,3,1279.15,8.35
,,,,,78240,6,1290.54,8.35
,,,,,78240,9,1303.16,8.35
,,,,,78240,12,1308.6,8.35
,,,,,78242,3,1305.99,21.41
,,,,,78242,6,1301.26,21.41
,,,,,78242,9,1344.58,21.41
,,,,,78242,12,1332.38,21.41
,,,,,78244,3,1559.11,5.19
,,,,,78244,6,1574.68,5.19
,,,,,78244,9,1590.52,5.19
,,,,,78244,12,1608.21,5.19
,,,,,78245,3,1473.86,6.53
,,,,,78245,6,1478.15,6.53
,,,,,78245,9,1481.49,6.53
,,,,,78245,12,1497.04,6.53
,,,,,78247,3,1571.54,7.1
,,,,,78247,6,1594.85,7.1
,,,,,78247,9,1606.94,7.1
,,,,,78247,12,1623.24,7.1
,,,,,78248,3,1098.44,21.68
,,,,,78248,6,1086.44,21.68
,,,,,78248,9,1087.91,21.68
,,,,,78248,12,1083.72,21.68
,,,,,78249,3,1443.31,5.44
,,,,,78249,6,1456.4,5.44
,,,,,78249,9,1466.16,5.44
,,,,,78249,12,1472.93,5.44
,,,,,78250,3,1403.22,9.11
,,,,,78250,6,1396.84,9.11
,,,,,78250,9,1388.48,9.11
,,,,,78250,12,1390.35,9.11
,,,,,78251,3,1307.51,5.93
,,,,,78251,6,1314.43,5.93
,,,,,78251,9,1315.02,5.93
,,,,,78251,12,1321.56,5.93
,,,,,78252,3,1749.76,16.1
,,,,,78252,6,1765.25,16.1
,,,,,78252,9,1767.9,16.1
,,,,,78252,12,1770.75,16.1
,,,,,78253,3,1693.04,4.45
,,,,,78253,6,1700.26,4.45
,,,,,78253,9,1712.23,4.45
,,,,,78253,12,1729.2,4.45
,,,,,78254,3,1941.7,8.66
,,,,,78254,6,1959.94,8.66
,,,,,78254,9,1977.39,8.66
,,,,,78254,12,1992.06,8.66
,,,,,78255,3,2181.74,22.92
,,,,,78255,6,2217.05,22.92
,,,,,78255,9,2219.58,22.92
,,,,,78255,12,2250.31,22.92
,,,,,78256,3,1634.59,27.01
,,,,,78256,6,1616,27.01
,,,,,78256,9,1653.76,27.01
,,,,,78256,12,1652.31,27.01
,,,,,78257,3,1414.33,8.13
,,,,,78257,6,1414.17,8.13
,,,,,78257,9,1423.37,8.13
,,,,,78257,12,1432.53,8.13
,,,,,78258,3,1501.75,5.07
,,,,,78258,6,1509.29,5.07
,,,,,78258,9,1521.62,5.07
,,,,,78258,12,1531.38,5.07
,,,,,78259,3,1501.99,7.95
,,,,,78259,6,1513.69,7.95
,,,,,78259,9,1504.15,7.95
,,,,,78259,12,1505.22,7.95
,,,,,78260,3,1584.03,12.11
,,,,,78260,6,1581.89,12.11
,,,,,78260,9,1581.65,12.11
,,,,,78260,12,1583.45,12.11
,,,,,78261,3,1629,17.33
,,,,,78261,6,1634.23,17.33
,,,,,78261,9,1644.22,17.33
,,,,,78261,12,1655.94,17.33
,,,,,78363,3,989.24,12.34
,,,,,78363,6,990.54,12.34
,,,,,78363,9,990.66,12.34
,,,,,78363,12,1068.32,12.34
,,,,,78401,3,1066.59,12.57
,,,,,78401,6,1065.79,12.57
,,,,,78401,9,1081.16,12.57
,,,,,78401,12,1088.07,12.57
,,,,,78404,3,1103.43,7.59
,,,,,78404,6,1108.79,7.59
,,,,,78404,9,1124.22,7.59
,,,,,78404,12,1132.53,7.59
,,,,,78410,3,1455.28,7.77
,,,,,78410,6,1466.91,7.77
,,,,,78410,9,1475.09,7.77
,,,,,78410,12,1495.32,7.77
,,,,,78411,3,1723.23,16.85
,,,,,78411,6,1724.74,16.85
,,,,,78411,9,1813.92,16.85
,,,,,78411,12,1818.08,16.85
,,,,,78412,3,1373.2,8.73
,,,,,78412,6,1382.81,8.73
,,,,,78412,9,1391.68,8.73
,,,,,78412,12,1392.07,8.73
,,,,,78413,3,1133.47,11.36
,,,,,78413,6,1144.86,11.36
,,,,,78413,9,1147.16,11.36
,,,,,78413,12,1148.84,11.36
,,,,,78414,3,1692.62,5.69
,,,,,78414,6,1703.89,5.69
,,,,,78414,9,1714.21,5.69
,,,,,78414,12,1721.38,5.69
,,,,,78415,3,1507.11,18.07
,,,,,78415,6,1507.12,18.07
,,,,,78415,9,1505.37,18.07
,,,,,78415,12,1560.54,18.07
,,,,,78418,3,1900.37,15.88
,,,,,78418,6,1913.62,15.88
,,,,,78418,9,1928.15,15.88
,,,,,78418,12,1940.05,15.88
,,,,,78501,3,1281.52,6.17
,,,,,78501,6,1284.23,6.17
,,,,,78501,9,1289.84,6.17
,,,,,78501,12,1278.69,6.17
,,,,,78503,3,1273.77,18.08
,,,,,78503,6,1282.71,18.08
,,,,,78503,9,1273.48,18.08
,,,,,78503,12,1307.01,18.08
,,,,,78504,3,1665.1,10.03
,,,,,78504,6,1682.21,10.03
,,,,,78504,9,1687,10.03
,,,,,78504,12,1686.64,10.03
,,,,,78520,3,1501.79,32.77
,,,,,78520,6,1684.8,32.77
,,,,,78520,9,1620.78,32.77
,,,,,78520,12,1608.39,32.77
,,,,,78526,3,1855.98,14.19
,,,,,78526,6,1882.95,14.19
,,,,,78526,9,1950.58,14.19
,,,,,78526,12,1968.02,14.19
,,,,,78539,3,1066.09,7.26
,,,,,78539,6,1065.35,7.26
,,,,,78539,9,1071.09,7.26
,,,,,78539,12,1077.96,7.26
,,,,,78541,3,1001.91,4.41
,,,,,78541,6,1003.47,4.41
,,,,,78541,9,1004.51,4.41
,,,,,78541,12,1005.57,4.41
,,,,,78542,3,1246.59,14.84
,,,,,78542,6,1265.01,14.84
,,,,,78542,9,1273.69,14.84
,,,,,78542,12,1284.19,14.84
,,,,,78550,3,1153.61,10.7
,,,,,78550,6,1170.57,10.7
,,,,,78550,9,1168.65,10.7
,,,,,78550,12,1177.12,10.7
,,,,,78552,3,1291.82,11.93
,,,,,78552,6,1313.96,11.93
,,,,,78552,9,1329.16,11.93
,,,,,78552,12,1333.32,11.93
,,,,,78572,3,1748.87,16.69
,,,,,78572,6,1743.98,16.69
,,,,,78572,9,1718.93,16.69
,,,,,78572,12,1755.27,16.69
,,,,,78573,3,1079.81,6.02
,,,,,78573,6,1076.41,6.02
,,,,,78573,9,1090.13,6.02
,,,,,78573,12,1081.36,6.02
,,,,,78577,3,1132.42,6.92
,,,,,78577,6,1154.17,6.92
,,,,,78577,9,1156.99,6.92
,,,,,78577,12,1159.47,6.92
,,,,,78596,3,1042.1,3.92
,,,,,78596,6,1049.4,3.92
,,,,,78596,9,1076.65,3.92
,,,,,78596,12,1097.81,3.92
,,,,,78602,3,1795.18,22.98
,,,,,78602,6,1785.32,22.98
,,,,,78602,9,1771.65,22.98
,,,,,78602,12,1794.44,22.98
,,,,,78610,3,1671.68,12.56
,,,,,78610,6,1683.08,12.56
,,,,,78610,9,1696.83,12.56
,,,,,78610,12,1698.69,12.56
,,,,,78613,3,1631.31,8.85
,,,,,78613,6,1638.31,8.85
,,,,,78613,9,1644,8.85
,,,,,78613,12,1663.81,8.85
,,,,,78617,3,1680.01,12.61
,,,,,78617,6,1669.84,12.61
,,,,,78617,9,1673.13,12.61
,,,,,78617,12,1693.82,12.61
,,,,,78620,3,2586,23.55
,,,,,78620,6,2613.21,23.55
,,,,,78620,9,2596.53,23.55
,,,,,78620,12,2578.88,23.55
,,,,,78621,3,1775.9,14.58
,,,,,78621,6,1800.65,14.58
,,,,,78621,9,1742.11,14.58
,,,,,78621,12,1741.85,14.58
,,,,,78626,3,1605.39,7.19
,,,,,78626,6,1622.18,7.19
,,,,,78626,9,1638.33,7.19
,,,,,78626,12,1653.29,7.19
,,,,,78628,3,1807.04,10.05
,,,,,78628,6,1821.34,10.05
,,,,,78628,9,1836.44,10.05
,,,,,78628,12,1848.03,10.05
,,,,,78633,3,1721.78,10.31
,,,,,78633,6,1706.82,10.31
,,,,,78633,9,1722.05,10.31
,,,,,78633,12,1727.04,10.31
,,,,,78634,3,1721.43,6.13
,,,,,78634,6,1729.89,6.13
,,,,,78634,9,1747.23,6.13
,,,,,78634,12,1762.02,6.13
,,,,,78640,3,1715.84,9.16
,,,,,78640,6,1721.65,9.16
,,,,,78640,9,1743.45,9.16
,,,,,78640,12,1758.75,9.16
,,,,,78641,3,1984.3,10.41
,,,,,78641,6,1996.39,10.41
,,,,,78641,9,2015.57,10.41
,,,,,78641,12,2036.1,10.41
,,,,,78642,3,2238.94,15.73
,,,,,78642,6,2236.66,15.73
,,,,,78642,9,2244.21,15.73
,,,,,78642,12,2243.71,15.73
,,,,,78644,3,1611,8.69
,,,,,78644,6,1611.05,8.69
,,,,,78644,9,1618.27,8.69
,,,,,78644,12,1598.33,8.69
,,,,,78645,3,1967.33,24.23
,,,,,78645,6,1999.44,24.23
,,,,,78645,9,2000.87,24.23
,,,,,78645,12,2001.4,24.23
,,,,,78653,3,1830.11,10.57
,,,,,78653,6,1829.96,10.57
,,,,,78653,9,1834.13,10.57
,,,,,78653,12,1848.11,10.57
,,,,,78656,3,1976.49,10.23
,,,,,78656,6,1966.37,10.23
,,,,,78656,9,1978.77,10.23
,,,,,78656,12,1997.58,10.23
,,,,,78660,3,1697.66,8.47
,,,,,78660,6,1701.04,8.47
,,,,,78660,9,1703.56,8.47
,,,,,78660,12,1712.42,8.47
,,,,,78664,3,1638.15,16.78
,,,,,78664,6,1651.13,16.78
,,,,,78664,9,1690.31,16.78
,,,,,78664,12,1726.86,16.78
,,,,,78665,3,1584.56,8.95
,,,,,78665,6,1600.84,8.95
,,,,,78665,9,1614.27,8.95
,,,,,78665,12,1632.36,8.95
,,,,,78666,3,1430.31,10.9
,,,,,78666,6,1415.77,10.9
,,,,,78666,9,1405.5,10.9
,,,,,78666,12,1413.93,10.9
,,,,,78669,3,2595.28,9.21
,,,,,78669,6,2547.82,9.21
,,,,,78669,9,2593.13,9.21
,,,,,78669,12,2524.35,9.21
,,,,,78681,3,1856.73,10.18
,,,,,78681,6,1871.63,10.18
,,,,,78681,9,1893.61,10.18
,,,,,78681,12,1906.94,10.18
,,,,,78701,3,2779.18,15.05
,,,,,78701,6,2812.47,15.05
,,,,,78701,9,2809.3,15.05
,,,,,78701,12,2819.38,15.05
,,,,,78702,3,2116.11,8.43
,,,,,78702,6,2133.24,8.43
,,,,,78702,9,2145.17,8.43
,,,,,78702,12,2163.82,8.43
,,,,,78703,3,2466.38,14.53
,,,,,78703,6,2485.3,14.53
,,,,,78703,9,2520.6,14.53
,,,,,78703,12,2541.08,14.53
,,,,,78704,3,1864.11,7.19
,,,,,78704,6,1872.58,7.19
,,,,,78704,9,1897.72,7.19
,,,,,78704,12,1912.46,7.19
,,,,,78705,3,1773.68,12.17
,,,,,78705,6,1793.76,12.17
,,,,,78705,9,1827.04,12.17
,,,,,78705,12,1824.48,12.17
,,,,,78717,3,1627.96,7.41
,,,,,78717,6,1626.95,7.41
,,,,,78717,9,1634.99,7.41
,,,,,78717,12,1643.75,7.41
,,,,,78721,3,2002.08,9.41
,,,,,78721,6,2004.17,9.41
,,,,,78721,9,2010.96,9.41
,,,,,78721,12,2002.21,9.41
,,,,,78722,3,1893.69,12.89
,,,,,78722,6,1917.04,12.89
,,,,,78722,9,1932.52,12.89
,,,,,78722,12,1942.6,12.89
,,,,,78723,3,1827.81,11.13
,,,,,78723,6,1838.74,11.13
,,,,,78723,9,1850.95,11.13
,,,,,78723,12,1870.83,11.13
,,,,,78724,3,1676.23,13.59
,,,,,78724,6,1711.72,13.59
,,,,,78724,9,1651.47,13.59
,,,,,78724,12,1652.82,13.59
,,,,,78725,3,1903.23,18.21
,,,,,78725,6,1914.21,18.21
,,,,,78725,9,1917.56,18.21
,,,,,78725,12,1919.45,18.21
,,,,,78726,3,1339.78,8.23
,,,,,78726,6,1336.05,8.23
,,,,,78726,9,1331.9,8.23
,,,,,78726,12,1333.41,8.23
,,,,,78727,3,1530.2,9.48
,,,,,78727,6,1543.02,9.48
,,,,,78727,9,1554.63,9.48
,,,,,78727,12,1563.26,9.48
,,,,,78728,3,1413.18,8.23
,,,,,78728,6,1385.01,8.23
,,,,,78728,9,1381.97,8.23
,,,,,78728,12,1368.64,8.23
,,,,,78729,3,1445.61,6.8
,,,,,78729,6,1443.82,6.8
,,,,,78729,9,1445.91,6.8
,,,,,78729,12,1450.39,6.8
,,,,,78731,3,1559.92,9.03
,,,,,78731,6,1549.2,9.03
,,,,,78731,9,1559.13,9.03
,,,,,78731,12,1568.78,9.03
,,,,,78732,3,2068.21,21.54
,,,,,78732,6,2033.05,21.54
,,,,,78732,9,2035.42,21.54
,,,,,78732,12,2021.36,21.54
,,,,,78734,3,2704.97,20.34
,,,,,78734,6,2655.45,20.34
,,,,,78734,9,2653.72,20.34
,,,,,78734,12,2621.24,20.34
,,,,,78735,3,1780.39,6.77
,,,,,78735,6,1792.03,6.77
,,,,,78735,9,1800.3,6.77
,,,,,78735,12,1811.21,6.77
,,,,,78736,3,1647.52,12.31
,,,,,78736,6,1662.49,12.31
,,,,,78736,9,1646.37,12.31
,,,,,78736,12,1630.05,12.31
,,,,,78737,3,1903.91,16.37
,,,,,78737,6,1915.25,16.37
,,,,,78737,9,1874.41,16.37
,,,,,78737,12,1913.22,16.37
,,,,,78738,3,2716.96,17.65
,,,,,78738,6,2740.93,17.65
,,,,,78738,9,2758,17.65
,,,,,78738,12,2755.55,17.65
,,,,,78741,3,1429.65,9.03
,,,,,78741,6,1436.37,9.03
,,,,,78741,9,1444.7,9.03
,,,,,78741,12,1452.86,9.03
,,,,,78744,3,1453.67,12.6
,,,,,78744,6,1461.59,12.6
,,,,,78744,9,1460.32,12.6
,,,,,78744,12,1455.43,12.6
,,,,,78745,3,1541.51,4.62
,,,,,78745,6,1552.51,4.62
,,,,,78745,9,1559.19,4.62
,,,,,78745,12,1565.03,4.62
,,,,,78746,3,1762.53,9.06
,,,,,78746,6,1768.89,9.06
,,,,,78746,9,1800.57,9.06
,,,,,78746,12,1812.14,9.06
,,,,,78747,3,1684.85,7.09
,,,,,78747,6,1678.41,7.09
,,,,,78747,9,1670.03,7.09
,,,,,78747,12,1669.38,7.09
,,,,,78748,3,1457.61,4.59
,,,,,78748,6,1462.08,4.59
,,,,,78748,9,1467.31,4.59
,,,,,78748,12,1475,4.59
,,,,,78749,3,1640.68,4.16
,,,,,78749,6,1650.29,4.16
,,,,,78749,9,1661.66,4.16
,,,,,78749,12,1669.61,4.16
,,,,,78750,3,1442.69,10.26
,,,,,78750,6,1448.14,10.26
,,,,,78750,9,1453.66,10.26
,,,,,78750,12,1459.81,10.26
,,,,,78751,3,1766.29,6.09
,,,,,78751,6,1791.12,6.09
,,,,,78751,9,1810.12,6.09
,,,,,78751,12,1821.94,6.09
,,,,,78752,3,1475.05,8.48
,,,,,78752,6,1473.63,8.48
,,,,,78752,9,1485.89,8.48
,,,,,78752,12,1492.58,8.48
,,,,,78753,3,1462.66,10.62
,,,,,78753,6,1452.45,10.62
,,,,,78753,9,1463.27,10.62
,,,,,78753,12,1459.28,10.62
,,,,,78754,3,1567.14,8.02
,,,,,78754,6,1581.52,8.02
,,,,,78754,9,1596.31,8.02
,,,,,78754,12,1616.2,8.02
,,,,,78756,3,1779.97,21.33
,,,,,78756,6,1814.7,21.33
,,,,,78756,9,1826.57,21.33
,,,,,78756,12,1836.92,21.33
,,,,,78757,3,1795.62,17.24
,,,,,78757,6,1815.1,17.24
,,,,,78757,9,1837.32,17.24
,,,,,78757,12,1859.92,17.24
,,,,,78758,3,1567.45,5.7
,,,,,78758,6,1579.64,5.7
,,,,,78758,9,1603.9,5.7
,,,,,78758,12,1611.36,5.7
,,,,,78759,3,1461.56,4.39
,,,,,78759,6,1469.15,4.39
,,,,,78759,9,1482.2,4.39
,,,,,78759,12,1488.59,4.39
,,,,,78852,3,1429.05,7.75
,,,,,78852,6,1429.05,7.75
,,,,,78852,9,1429.05,7.75
,,,,,78852,12,1400.99,7.75
,,,,,79015,3,1224.19,18.73
,,,,,79015,6,1233.12,18.73
,,,,,79015,9,1212.8,18.73
,,,,,79015,12,1218.29,18.73
,,,,,79106,3,970.59,6.74
,,,,,79106,6,968.74,6.74
,,,,,79106,9,968.13,6.74
,,,,,79106,12,985.26,6.74
,,,,,79109,3,1283.86,7.54
,,,,,79109,6,1289.32,7.54
,,,,,79109,9,1301.8,7.54
,,,,,79109,12,1314.24,7.54
,,,,,79110,3,1209.93,10.21
,,,,,79110,6,1205.76,10.21
,,,,,79110,9,1190.17,10.21
,,,,,79110,12,1196.02,10.21
,,,,,79118,3,1769.61,14.36
,,,,,79118,6,1774.27,14.36
,,,,,79118,9,1778.3,14.36
,,,,,79118,12,1773.09,14.36
,,,,,79119,3,1743.22,14.46
,,,,,79119,6,1765.42,14.46
,,,,,79119,9,1782.74,14.46
,,,,,79119,12,1846.68,14.46
,,,,,79382,3,1582.79,0
,,,,,79382,6,1582.79,0
,,,,,79382,9,1582.79,0
,,,,,79382,12,1582.79,0
,,,,,79401,3,769.69,13.29
,,,,,79401,6,773.25,13.29
,,,,,79401,9,793.34,13.29
,,,,,79401,12,788.18,13.29
,,,,,79403,3,1187.42,11.03
,,,,,79403,6,1178.76,11.03
,,,,,79403,9,1216.73,11.03
,,,,,79403,12,1225.39,11.03
,,,,,79407,3,1356.6,7.75
,,,,,79407,6,1361.36,7.75
,,,,,79407,9,1369.32,7.75
,,,,,79407,12,1364.56,7.75
,,,,,79410,3,1192.5,10.53
,,,,,79410,6,1207.97,10.53
,,,,,79410,9,1220.71,10.53
,,,,,79410,12,1218.5,10.53
,,,,,79411,3,980.33,4.99
,,,,,79411,6,986.88,4.99
,,,,,79411,9,985.15,4.99
,,,,,79411,12,996.62,4.99
,,,,,79412,3,963,8.32
,,,,,79412,6,971.16,8.32
,,,,,79412,9,971.06,8.32
,,,,,79412,12,972.36,8.32
,,,,,79413,3,1196.12,7.02
,,,,,79413,6,1205.52,7.02
,,,,,79413,9,1205.59,7.02
,,,,,79413,12,1214.1,7.02
,,,,,79414,3,1016.64,10.57
,,,,,79414,6,1018.58,10.57
,,,,,79414,9,1024.48,10.57
,,,,,79414,12,1025.42,10.57
,,,,,79415,3,994.75,8.38
,,,,,79415,6,989.1,8.38
,,,,,79415,9,1017.55,8.38
,,,,,79415,12,1020.77,8.38
,,,,,79416,3,1454.42,8.55
,,,,,79416,6,1460.19,8.55
,,,,,79416,9,1467.44,8.55
,,,,,79416,12,1472.34,8.55
,,,,,79423,3,1464.88,6.7
,,,,,79423,6,1467.81,6.7
,,,,,79423,9,1478.15,6.7
,,,,,79423,12,1484.4,6.7
,,,,,79424,3,1600.35,5.08
,,,,,79424,6,1603.76,5.08
,,,,,79424,9,1617.21,5.08
,,,,,79424,12,1620.9,5.08
,,,,,79601,3,1363.29,11.03
,,,,,79601,6,1388.94,11.03
,,,,,79601,9,1395.9,11.03
,,,,,79601,12,1394.35,11.03
,,,,,79602,3,1532.49,8.09
,,,,,79602,6,1553.89,8.09
,,,,,79602,9,1565.98,8.09
,,,,,79602,12,1583.92,8.09
,,,,,79603,3,1196.27,14.87
,,,,,79603,6,1197.51,14.87
,,,,,79603,9,1175.54,14.87
,,,,,79603,12,1187,14.87
,,,,,79605,3,1264.55,7.4
,,,,,79605,6,1270.79,7.4
,,,,,79605,9,1285.3,7.4
,,,,,79605,12,1302.87,7.4
,,,,,79606,3,1547.62,8.88
,,,,,79606,6,1561.39,8.88
,,,,,79606,9,1574.73,8.88
,,,,,79606,12,1587.57,8.88
,,,,,79701,3,1632.39,17.06
,,,,,79701,6,1634.21,17.06
,,,,,79701,9,1650.18,17.06
,,,,,79701,12,1670.51,17.06
,,,,,79703,3,1531.92,9.31
,,,,,79703,6,1549.73,9.31
,,,,,79703,9,1560.64,9.31
,,,,,79703,12,1567.36,9.31
,,,,,79705,3,1716.41,15.53
,,,,,79705,6,1715.81,15.53
,,,,,79705,9,1736.97,15.53
,,,,,79705,12,1734.78,15.53
,,,,,79706,3,1887.7,18.36
,,,,,79706,6,1911.31,18.36
,,,,,79706,9,1941,18.36
,,,,,79706,12,1941.06,18.36
,,,,,79707,3,1524.18,14.09
,,,,,79707,6,1502.74,14.09
,,,,,79707,9,1505.13,14.09
,,,,,79707,12,1520.6,14.09
,,,,,79761,3,1271.39,9.27
,,,,,79761,6,1285.28,9.27
,,,,,79761,9,1300.03,9.27
,,,,,79761,12,1310.82,9.27
,,,,,79762,3,1538.74,9.68
,,,,,79762,6,1544.68,9.68
,,,,,79762,9,1561.13,9.68
,,,,,79762,12,1568.68,9.68
,,,,,79765,3,1837.35,9.99
,,,,,79765,6,1870.49,9.99
,,,,,79765,9,1903.39,9.99
,,,,,79765,12,1925.75,9.99
,,,,,79902,3,1138.02,11.9
,,,,,79902,6,1149.2,11.9
,,,,,79902,9,1155.12,11.9
,,,,,79902,12,1161.83,11.9
,,,,,79903,3,932.48,15.1
,,,,,79903,6,920.17,15.1
,,,,,79903,9,974.92,15.1
,,,,,79903,12,939.2,15.1
,,,,,79904,3,1151.37,8.43
,,,,,79904,6,1160.39,8.43
,,,,,79904,9,1169.53,8.43
,,,,,79904,12,1182.04,8.43
,,,,,79912,3,1649.13,6.82
,,,,,79912,6,1665.06,6.82
,,,,,79912,9,1675.38,6.82
,,,,,79912,12,1685.44,6.82
,,,,,79924,3,1335.54,5.99
,,,,,79924,6,1345.26,5.99
,,,,,79924,9,1359.23,5.99
,,,,,79924,12,1370.17,5.99
,,,,,79925,3,1494.26,14.25
,,,,,79925,6,1517.78,14.25
,,,,,79925,9,1571.31,14.25
,,,,,79925,12,1556.84,14.25
,,,,,79927,3,1571.53,5.37
,,,,,79927,6,1571.82,5.37
,,,,,79927,9,1571.8,5.37
,,,,,79927,12,1569.71,5.37
,,,,,79928,3,1681.87,10.44
,,,,,79928,6,1697.74,10.44
,,,,,79928,9,1711.8,10.44
,,,,,79928,12,1732.72,10.44
,,,,,79930,3,1226,15.17
,,,,,79930,6,1244.26,15.17
,,,,,79930,9,1254.34,15.17
,,,,,79930,12,1265.15,15.17
,,,,,79932,3,1684.72,12.02
,,,,,79932,6,1702.58,12.02
,,,,,79932,9,1698.27,12.02
,,,,,79932,12,1700.01,12.02
,,,,,79934,3,1739.44,6.05
,,,,,79934,6,1754.1,6.05
,,,,,79934,9,1767.99,6.05
,,,,,79934,12,1779.46,6.05
,,,,,79935,3,1089.17,8.05
,,,,,79935,6,1089.64,8.05
,,,,,79935,9,1090.7,8.05
,,,,,79935,12,1090.46,8.05
,,,,,79936,3,1430.93,8.98
,,,,,79936,6,1431.19,8.98
,,,,,79936,9,1443.92,8.98
,,,,,79936,12,1453.22,8.98
,,,,,79938,3,1679.28,3.33
,,,,,79938,6,1700.26,3.33
,,,,,79938,9,1715.45,3.33
,,,,,79938,12,1731.99,3.33
,,,,,80002,3,2120,11.52
,,,,,80002,6,2123.27,11.52
,,,,,80002,9,2136.16,11.52
,,,,,80002,12,2148.8,11.52
,,,,,80003,3,2008.44,10.59
,,,,,80003,6,2031.46,10.59
,,,,,80003,9,2048.09,10.59
,,,,,80003,12,2063.98,10.59
,,,,,80004,3,2173.54,12.35
,,,,,80004,6,2196.66,12.35
,,,,,80004,9,2215.58,12.35
,,,,,80004,12,2231.35,12.35
,,,,,80005,3,2119.18,11.94
,,,,,80005,6,2165.7,11.94
,,,,,80005,9,2179.18,11.94
,,,,,80005,12,2211.26,11.94
,,,,,80010,3,1595.96,11.16
,,,,,80010,6,1611.36,11.16
,,,,,80010,9,1643.74,11.16
,,,,,80010,12,1665.2,11.16
,,,,,80011,3,1733.61,8.17
,,,,,80011,6,1748.41,8.17
,,,,,80011,9,1762.21,8.17
,,,,,80011,12,1778.56,8.17
,,,,,80012,3,1641.45,14.38
,,,,,80012,6,1671.49,14.38
,,,,,80012,9,1695.84,14.38
,,,,,80012,12,1733.8,14.38
,,,,,80013,3,1937.61,9.98
,,,,,80013,6,1949.81,9.98
,,,,,80013,9,1972.7,9.98
,,,,,80013,12,2006.48,9.98
,,,,,80014,3,1813.79,11.43
,,,,,80014,6,1818.01,11.43
,,,,,80014,9,1850.58,11.43
,,,,,80014,12,1873.43,11.43
,,,,,80015,3,2524.49,42.83
,,,,,80015,6,2531.7,42.83
,,,,,80015,9,2563.78,42.83
,,,,,80015,12,2583.78,42.83
,,,,,80016,3,2135.64,10.31
,,,,,80016,6,2146.61,10.31
,,,,,80016,9,2169.09,10.31
,,,,,80016,12,2187.74,10.31
,,,,,80017,3,1688.24,12.27
,,,,,80017,6,1703.91,12.27
,,,,,80017,9,1720.15,12.27
,,,,,80017,12,1734.35,12.27
,,,,,80018,3,2486.15,14.59
,,,,,80018,6,2538.4,14.59
,,,,,80018,9,2545.51,14.59
,,,,,80018,12,2574.01,14.59
,,,,,80020,3,2188.52,5.6
,,,,,80020,6,2205.74,5.6
,,,,,80020,9,2217.27,5.6
,,,,,80020,12,2237.36,5.6
,,,,,80021,3,2014.67,6.82
,,,,,80021,6,2031.82,6.82
,,,,,80021,9,2046.5,6.82
,,,,,80021,12,2057.2,6.82
,,,,,80022,3,2520.46,13.29
,,,,,80022,6,2537.35,13.29
,,,,,80022,9,2557.04,13.29
,,,,,80022,12,2578.26,13.29
,,,,,80023,3,2082.2,4.77
,,,,,80023,6,2090.57,4.77
,,,,,80023,9,2104.15,4.77
,,,,,80023,12,2113.05,4.77
,,,,,80026,3,2197.72,6.79
,,,,,80026,6,2217.03,6.79
,,,,,80026,9,2230.12,6.79
,,,,,80026,12,2249.34,6.79
,,,,,80027,3,2366.23,8.99
,,,,,80027,6,2376.97,8.99
,,,,,80027,9,2395.7,8.99
,,,,,80027,12,2412.6,8.99
,,,,,80030,3,1536.85,14.65
,,,,,80030,6,1550.15,14.65
,,,,,80030,9,1565.22,14.65
,,,,,80030,12,1577.93,14.65
,,,,,80031,3,2205.2,10.85
,,,,,80031,6,2219.66,10.85
,,,,,80031,9,2238.98,10.85
,,,,,80031,12,2271.24,10.85
,,,,,80033,3,1927,9.7
,,,,,80033,6,1950.12,9.7
,,,,,80033,9,1977.07,9.7
,,,,,80033,12,2001.97,9.7
,,,,,80045,3,1756.31,21.98
,,,,,80045,6,1762.23,21.98
,,,,,80045,9,1748.7,21.98
,,,,,80045,12,1755,21.98
,,,,,80104,3,2044.67,9.54
,,,,,80104,6,2041.48,9.54
,,,,,80104,9,2052.9,9.54
,,,,,80104,12,2064.17,9.54
,,,,,80108,3,2353.27,15.33
,,,,,80108,6,2387.26,15.33
,,,,,80108,9,2387.36,15.33
,,,,,80108,12,2389.65,15.33
,,,,,80109,3,2937.07,18.54
,,,,,80109,6,2952.84,18.54
,,,,,80109,9,2978.1,18.54
,,,,,80109,12,3006.28,18.54
,,,,,80110,3,1756.4,10.55
,,,,,80110,6,1765.1,10.55
,,,,,80110,9,1774.55,10.55
,,,,,80110,12,1780.94,10.55
,,,,,80111,3,2095.6,8.23
,,,,,80111,6,2104.17,8.23
,,,,,80111,9,2117.47,8.23
,,,,,80111,12,2135.46,8.23
,,,,,80112,3,2033.34,4.92
,,,,,80112,6,2042.57,4.92
,,,,,80112,9,2064.32,4.92
,,,,,80112,12,2079.48,4.92
,,,,,80113,3,2032.69,18.99
,,,,,80113,6,2049.53,18.99
,,,,,80113,9,2068.34,18.99
,,,,,80113,12,2083.01,18.99
,,,,,80120,3,1912.45,8.33
,,,,,80120,6,1916.02,8.33
,,,,,80120,9,1931.69,8.33
,,,,,80120,12,1950.32,8.33
,,,,,80122,3,2386.63,13.87
,,,,,80122,6,2391.88,13.87
,,,,,80122,9,2411.25,13.87
,,,,,80122,12,2444.2,13.87
,,,,,80123,3,2005.99,13.35
,,,,,80123,6,2023.27,13.35
,,,,,80123,9,2040.68,13.35
,,,,,80123,12,2050.72,13.35
,,,,,80124,3,1957.11,6.91
,,,,,80124,6,1964.04,6.91
,,,,,80124,9,1980.56,6.91
,,,,,80124,12,2004.2,6.91
,,,,,80125,3,2880.56,25.41
,,,,,80125,6,2880.56,25.41
,,,,,80125,9,2935.57,25.41
,,,,,80125,12,3029.39,25.41
,,,,,80126,3,2983.14,13.64
,,,,,80126,6,3011.93,13.64
,,,,,80126,9,3034.11,13.64
,,,,,80126,12,3037.38,13.64
,,,,,80127,3,2164.79,14.91
,,,,,80127,6,2193.93,14.91
,,,,,80127,9,2217.29,14.91
,,,,,80127,12,2220.55,14.91
,,,,,80128,3,2239.85,19.06
,,,,,80128,6,2258.05,19.06
,,,,,80128,9,2276.42,19.06
,,,,,80128,12,2289.5,19.06
,,,,,80129,3,2368.03,9.63
,,,,,80129,6,2380.97,9.63
,,,,,80129,9,2401.07,9.63
,,,,,80129,12,2420.69,9.63
,,,,,80130,3,2800.59,34.95
,,,,,80130,6,2823.36,34.95
,,,,,80130,9,2814.73,34.95
,,,,,80130,12,2854,34.95
,,,,,80132,3,2187.3,16.26
,,,,,80132,6,2188.89,16.26
,,,,,80132,9,2202.82,16.26
,,,,,80132,12,2222.08,16.26
,,,,,80134,3,2534.7,10.73
,,,,,80134,6,2556.41,10.73
,,,,,80134,9,2576.73,10.73
,,,,,80134,12,2592.68,10.73
,,,,,80138,3,2058.76,15.05
,,,,,80138,6,2073.78,15.05
,,,,,80138,9,2087.7,15.05
,,,,,80138,12,2091.96,15.05
,,,,,80202,3,2106.91,7.82
,,,,,80202,6,2122.3,7.82
,,,,,80202,9,2128.76,7.82
,,,,,80202,12,2140.83,7.82
,,,,,80203,3,1629.34,4.36
,,,,,80203,6,1628.68,4.36
,,,,,80203,9,1639.88,4.36
,,,,,80203,12,1649.89,4.36
,,,,,80204,3,2039.67,4.6
,,,,,80204,6,2064.8,4.6
,,,,,80204,9,2084.35,4.6
,,,,,80204,12,2106.95,4.6
,,,,,80205,3,2122.64,5.38
,,,,,80205,6,2134.09,5.38
,,,,,80205,9,2173.63,5.38
,,,,,80205,12,2192.32,5.38
,,,,,80206,3,1952.05,10.71
,,,,,80206,6,1965.49,10.71
,,,,,80206,9,1983.71,10.71
,,,,,80206,12,1999.8,10.71
,,,,,80207,3,2616.31,27.32
,,,,,80207,6,2669.8,27.32
,,,,,80207,9,2692.45,27.32
,,,,,80207,12,2742.94,27.32
,,,,,80209,3,2226.87,7.99
,,,,,80209,6,2247.48,7.99
,,,,,80209,9,2261.57,7.99
,,,,,80209,12,2285.07,7.99
,,,,,80210,3,2003.27,11.65
,,,,,80210,6,2014.87,11.65
,,,,,80210,9,2019.72,11.65
,,,,,80210,12,2036.75,11.65
,,,,,80211,3,2330.32,7.92
,,,,,80211,6,2359.68,7.92
,,,,,80211,9,2386.11,7.92
,,,,,80211,12,2408.27,7.92
,,,,,80212,3,2600.89,12.86
,,,,,80212,6,2634.73,12.86
,,,,,80212,9,2655.12,12.86
,,,,,80212,12,2683.74,12.86
,,,,,80214,3,1689.74,10.9
,,,,,80214,6,1704.24,10.9
,,,,,80214,9,1717.08,10.9
,,,,,80214,12,1723.58,10.9
,,,,,80215,3,1836.43,15.26
,,,,,80215,6,1849.14,15.26
,,,,,80215,9,1860.24,15.26
,,,,,80215,12,1869.14,15.26
,,,,,80216,3,1984.13,9.6
,,,,,80216,6,2008.45,9.6
,,,,,80216,9,2018.92,9.6
,,,,,80216,12,2041.57,9.6
,,,,,80218,3,1586.97,4.49
,,,,,80218,6,1596.67,4.49
,,,,,80218,9,1611.83,4.49
,,,,,80218,12,1625.89,4.49
,,,,,80219,3,2240.75,30.85
,,,,,80219,6,2275.41,30.85
,,,,,80219,9,2295.21,30.85
,,,,,80219,12,2324.35,30.85
,,,,,80220,3,1791.6,9.56
,,,,,80220,6,1811.65,9.56
,,,,,80220,9,1841.62,9.56
,,,,,80220,12,1870.71,9.56
,,,,,80221,3,2391.35,12.7
,,,,,80221,6,2401.6,12.7
,,,,,80221,9,2436.46,12.7
,,,,,80221,12,2446.97,12.7
,,,,,80222,3,1865.29,11.71
,,,,,80222,6,1874.02,11.71
,,,,,80222,9,1896.76,11.71
,,,,,80222,12,1896.76,11.71
,,,,,80223,3,1895.96,6.84
,,,,,80223,6,1882.61,6.84
,,,,,80223,9,1889.88,6.84
,,,,,80223,12,1902.5,6.84
,,,,,80224,3,1883.28,13.2
,,,,,80224,6,1919.37,13.2
,,,,,80224,9,1951.53,13.2
,,,,,80224,12,1969.46,13.2
,,,,,80226,3,1988.56,13.88
,,,,,80226,6,2009.61,13.88
,,,,,80226,9,2023.95,13.88
,,,,,80226,12,2046.24,13.88
,,,,,80227,3,1879.12,11.82
,,,,,80227,6,1891.66,11.82
,,,,,80227,9,1897.96,11.82
,,,,,80227,12,1912.09,11.82
,,,,,80228,3,1869.2,9.52
,,,,,80228,6,1893.12,9.52
,,,,,80228,9,1906.15,9.52
,,,,,80228,12,1922.8,9.52
,,,,,80229,3,1810.56,9.08
,,,,,80229,6,1794.14,9.08
,,,,,80229,9,1802.5,9.08
,,,,,80229,12,1815.07,9.08
,,,,,80230,3,2084.16,14.48
,,,,,80230,6,2105.34,14.48
,,,,,80230,9,2105.79,14.48
,,,,,80230,12,2125.58,14.48
,,,,,80231,3,1583.59,14.17
,,,,,80231,6,1581.13,14.17
,,,,,80231,9,1596.18,14.17
,,,,,80231,12,1611.13,14.17
,,,,,80232,3,1869.49,12.42
,,,,,80232,6,1892.24,12.42
,,,,,80232,9,1901.2,12.42
,,,,,80232,12,1911.47,12.42
,,,,,80233,3,1967.9,11.63
,,,,,80233,6,1984.36,11.63
,,,,,80233,9,1999.87,11.63
,,,,,80233,12,2015.12,11.63
,,,,,80234,3,1723.04,8.07
,,,,,80234,6,1734.66,8.07
,,,,,80234,9,1741.75,8.07
,,,,,80234,12,1758.24,8.07
,,,,,80236,3,2252.35,15.88
,,,,,80236,6,2299.61,15.88
,,,,,80236,9,2318.79,15.88
,,,,,80236,12,2308.73,15.88
,,,,,80237,3,1874.6,6.26
,,,,,80237,6,1883.39,6.26
,,,,,80237,9,1895.89,6.26
,,,,,80237,12,1910.28,6.26
,,,,,80238,3,2374.46,14.9
,,,,,80238,6,2387.89,14.9
,,,,,80238,9,2404.25,14.9
,,,,,80238,12,2409.5,14.9
,,,,,80239,3,2232.86,12.34
,,,,,80239,6,2241.08,12.34
,,,,,80239,9,2250.51,12.34
,,,,,80239,12,2274.17,12.34
,,,,,80241,3,2133.43,9.27
,,,,,80241,6,2144.58,9.27
,,,,,80241,9,2162.01,9.27
,,,,,80241,12,2173.42,9.27
,,,,,80246,3,1480.26,6.33
,,,,,80246,6,1489.79,6.33
,,,,,80246,9,1495.19,6.33
,,,,,80246,12,1517.75,6.33
,,,,,80247,3,1823.99,10.27
,,,,,80247,6,1829.6,10.27
,,,,,80247,9,1840.8,10.27
,,,,,80247,12,1857.58,10.27
,,,,,80249,3,2349.26,7.82
,,,,,80249,6,2368.84,7.82
,,,,,80249,9,2399.03,7.82
,,,,,80249,12,2424.02,7.82
,,,,,80260,3,1607.89,13.18
,,,,,80260,6,1595.96,13.18
,,,,,80260,9,1616.83,13.18
,,,,,80260,12,1615.3,13.18
,,,,,80301,3,2346.65,18.85
,,,,,80301,6,2346.85,18.85
,,,,,80301,9,2373.21,18.85
,,,,,80301,12,2393.81,18.85
,,,,,80302,3,3007.22,18.68
,,,,,80302,6,3043.73,18.68
,,,,,80302,9,3080.98,18.68
,,,,,80302,12,3133.4,18.68
,,,,,80303,3,2324.49,13.54
,,,,,80303,6,2351.61,13.54
,,,,,80303,9,2373.19,13.54
,,,,,80303,12,2393.78,13.54
,,,,,80304,3,2725.94,20.55
,,,,,80304,6,2764.17,20.55
,,,,,80304,9,2764.24,20.55
,,,,,80304,12,2806.59,20.55
,,,,,80305,3,2967.21,22.39
,,,,,80305,6,2993.88,22.39
,,,,,80305,9,3017.18,22.39
,,,,,80305,12,3034.96,22.39
,,,,,80401,3,2095.86,15.22
,,,,,80401,6,2120.07,15.22
,,,,,80401,9,2144.62,15.22
,,,,,80401,12,2169.55,15.22
,,,,,80403,3,2735.75,34.25
,,,,,80403,6,2750.8,34.25
,,,,,80403,9,2762.49,34.25
,,,,,80403,12,2788.79,34.25
,,,,,80439,3,3029.81,27.13
,,,,,80439,6,3128.08,27.13
,,,,,80439,9,3148.17,27.13
,,,,,80439,12,3135.63,27.13
,,,,,80465,3,2272.96,11
,,,,,80465,6,2272.93,11
,,,,,80465,9,2272.93,11
,,,,,80465,12,2262.85,11
,,,,,80501,3,1881.55,7.67
,,,,,80501,6,1891.22,7.67
,,,,,80501,9,1909.76,7.67
,,,,,80501,12,1934.87,7.67
,,,,,80503,3,1978.57,9.18
,,,,,80503,6,1994.14,9.18
,,,,,80503,9,2007.43,9.18
,,,,,80503,12,2015.25,9.18
,,,,,80504,3,2197.81,11.79
,,,,,80504,6,2223.12,11.79
,,,,,80504,9,2222.56,11.79
,,,,,80504,12,2244.65,11.79
,,,,,80516,3,2908.31,11.01
,,,,,80516,6,2942.75,11.01
,,,,,80516,9,2972.9,11.01
,,,,,80516,12,2985.36,11.01
,,,,,80521,3,1768.07,7.3
,,,,,80521,6,1793.28,7.3
,,,,,80521,9,1820.17,7.3
,,,,,80521,12,1842.25,7.3
,,,,,80524,3,1869.21,10.59
,,,,,80524,6,1880,10.59
,,,,,80524,9,1891.22,10.59
,,,,,80524,12,1908.33,10.59
,,,,,80525,3,1811.04,14.21
,,,,,80525,6,1830.09,14.21
,,,,,80525,9,1844.22,14.21
,,,,,80525,12,1856.2,14.21
,,,,,80526,3,1924.67,10.83
,,,,,80526,6,1928.75,10.83
,,,,,80526,9,1931.43,10.83
,,,,,80526,12,1960.04,10.83
,,,,,80528,3,2104.71,9.14
,,,,,80528,6,2112,9.14
,,,,,80528,9,2122.7,9.14
,,,,,80528,12,2131.96,9.14
,,,,,80534,3,1968.8,7.52
,,,,,80534,6,1971.27,7.52
,,,,,80534,9,1971.56,7.52
,,,,,80534,12,1991.02,7.52
,,,,,80537,3,1739.66,13.03
,,,,,80537,6,1758.93,13.03
,,,,,80537,9,1783.49,13.03
,,,,,80537,12,1802.98,13.03
,,,,,80538,3,1958.46,8.47
,,,,,80538,6,1968.05,8.47
,,,,,80538,9,1981.76,8.47
,,,,,80538,12,1988.09,8.47
,,,,,80550,3,2466.63,14.98
,,,,,80550,6,2487.28,14.98
,,,,,80550,9,2490.65,14.98
,,,,,80550,12,2518.29,14.98
,,,,,80601,3,2102.6,9.65
,,,,,80601,6,2121.97,9.65
,,,,,80601,9,2144.3,9.65
,,,,,80601,12,2154.41,9.65
,,,,,80602,3,2908.19,19.98
,,,,,80602,6,2914.11,19.98
,,,,,80602,9,2939.24,19.98
,,,,,80602,12,2985.65,19.98
,,,,,80620,3,1762.62,16.77
,,,,,80620,6,1771.11,16.77
,,,,,80620,9,1772.84,16.77
,,,,,80620,12,1772.46,16.77
,,,,,80631,3,1275.58,6.84
,,,,,80631,6,1289.11,6.84
,,,,,80631,9,1295.63,6.84
,,,,,80631,12,1310.17,6.84
,,,,,80634,3,1667.65,3.81
,,,,,80634,6,1666.94,3.81
,,,,,80634,9,1669.64,3.81
,,,,,80634,12,1674.86,3.81
,,,,,80817,3,2032.94,4.75
,,,,,80817,6,2066.18,4.75
,,,,,80817,9,2089.97,4.75
,,,,,80817,12,2114.15,4.75
,,,,,80863,3,1914.82,41.54
,,,,,80863,6,1853.77,41.54
,,,,,80863,9,1887.98,41.54
,,,,,80863,12,1921.5,41.54
,,,,,80903,3,1753.87,5.53
,,,,,80903,6,1776.72,5.53
,,,,,80903,9,1802.37,5.53
,,,,,80903,12,1834.44,5.53
,,,,,80904,3,1689.71,13.67
,,,,,80904,6,1708.09,13.67
,,,,,80904,9,1734.25,13.67
,,,,,80904,12,1751,13.67
,,,,,80905,3,1610.42,15.12
,,,,,80905,6,1609.33,15.12
,,,,,80905,9,1620.96,15.12
,,,,,80905,12,1626.18,15.12
,,,,,80906,3,1686.32,9.22
,,,,,80906,6,1714.86,9.22
,,,,,80906,9,1729.14,9.22
,,,,,80906,12,1763.31,9.22
,,,,,80907,3,1530.27,5.49
,,,,,80907,6,1539.06,5.49
,,,,,80907,9,1551.76,5.49
,,,,,80907,12,1560.67,5.49
,,,,,80908,3,2165.7,42.86
,,,,,80908,6,2204.38,42.86
,,,,,80908,9,2183.01,42.86
,,,,,80908,12,2296.14,42.86
,,,,,80909,3,1238.05,6.25
,,,,,80909,6,1248.4,6.25
,,,,,80909,9,1256.95,6.25
,,,,,80909,12,1260.79,6.25
,,,,,80910,3,1585.35,9.21
,,,,,80910,6,1610.63,9.21
,,,,,80910,9,1633.06,9.21
,,,,,80910,12,1652.34,9.21
,,,,,80911,3,2143.64,5.15
,,,,,80911,6,2161.78,5.15
,,,,,80911,9,2175.29,5.15
,,,,,80911,12,2184.48,5.15
,,,,,80915,3,1697.05,8.93
,,,,,80915,6,1715.15,8.93
,,,,,80915,9,1704.22,8.93
,,,,,80915,12,1720.81,8.93
,,,,,80916,3,1706.76,5.43
,,,,,80916,6,1726.6,5.43
,,,,,80916,9,1749.45,5.43
,,,,,80916,12,1770.41,5.43
,,,,,80917,3,1611.17,8.81
,,,,,80917,6,1623.3,8.81
,,,,,80917,9,1633.74,8.81
,,,,,80917,12,1646.49,8.81
,,,,,80918,3,1617.97,10.08
,,,,,80918,6,1644.99,10.08
,,,,,80918,9,1664.87,10.08
,,,,,80918,12,1681.91,10.08
,,,,,80919,3,1722.41,10.7
,,,,,80919,6,1736.73,10.7
,,,,,80919,9,1746.31,10.7
,,,,,80919,12,1748.59,10.7
,,,,,80920,3,1985.3,8.56
,,,,,80920,6,2001.02,8.56
,,,,,80920,9,2022.24,8.56
,,,,,80920,12,2034.52,8.56
,,,,,80921,3,1974.98,7.01
,,,,,80921,6,1988.31,7.01
,,,,,80921,9,2002.6,7.01
,,,,,80921,12,2007.46,7.01
,,,,,80922,3,2063.41,11.25
,,,,,80922,6,2088.52,11.25
,,,,,80922,9,2107.41,11.25
,,,,,80922,12,2137,11.25
,,,,,80923,3,1989.58,9.89
,,,,,80923,6,2013.95,9.89
,,,,,80923,9,2034.42,9.89
,,,,,80923,12,2061.44,9.89
,,,,,80924,3,2032.5,11.36
,,,,,80924,6,2052.01,11.36
,,,,,80924,9,2056.11,11.36
,,,,,80924,12,2066.27,11.36
,,,,,80925,3,2342.63,12.26
,,,,,80925,6,2355.4,12.26
,,,,,80925,9,2353.52,12.26
,,,,,80925,12,2383.66,12.26
,,,,,81001,3,1300.62,5.62
,,,,,81001,6,1308.59,5.62
,,,,,81001,9,1306.61,5.62
,,,,,81001,12,1320.78,5.62
,,,,,81003,3,1336.73,14.39
,,,,,81003,6,1346.1,14.39
,,,,,81003,9,1338.97,14.39
,,,,,81003,12,1382.63,14.39
,,,,,81004,3,1084.69,6.76
,,,,,81004,6,1076.16,6.76
,,,,,81004,9,1090.25,6.76
,,,,,81004,12,1090.87,6.76
,,,,,81005,3,1307.04,10.73
,,,,,81005,6,1283.12,10.73
,,,,,81005,9,1333.36,10.73
,,,,,81005,12,1341.13,10.73
,,,,,81007,3,1701.49,12.24
,,,,,81007,6,1728.29,12.24
,,,,,81007,9,1774.25,12.24
,,,,,81007,12,1773.55,12.24
,,,,,81212,3,1348.92,21.36
,,,,,81212,6,1344.65,21.36
,,,,,81212,9,1374.08,21.36
,,,,,81212,12,1361.95,21.36
,,,,,81301,3,2073.05,12.6
,,,,,81301,6,2083.23,12.6
,,,,,81301,9,2104.97,12.6
,,,,,81301,12,2122.44,12.6
,,,,,81303,3,1795.8,0
,,,,,81303,6,1795.8,0
,,,,,81303,9,1795.8,0
,,,,,81303,12,1795.8,0
,,,,,81401,3,1831.72,11.76
,,,,,81401,6,1874.93,11.76
,,,,,81401,9,1877.03,11.76
,,,,,81401,12,1870.05,11.76
,,,,,81501,3,1398.9,12.48
,,,,,81501,6,1417,12.48
,,,,,81501,9,1438.17,12.48
,,,,,81501,12,1459.33,12.48
,,,,,81504,3,1879.74,17.88
,,,,,81504,6,1903.98,17.88
,,,,,81504,9,1941.82,17.88
,,,,,81504,12,1992.23,17.88
,,,,,81505,3,1702.4,19.98
,,,,,81505,6,1816.11,19.98
,,,,,81505,9,1806.27,19.98
,,,,,81505,12,1837.18,19.98
,,,,,81520,3,1363.67,13.92
,,,,,81520,6,1432.03,13.92
,,,,,81520,9,1495.52,13.92
,,,,,81520,12,1529.48,13.92
,,,,,82001,3,1171.84,5.65
,,,,,82001,6,1178.8,5.65
,,,,,82001,9,1189,5.65
,,,,,82001,12,1197.52,5.65
,,,,,82007,3,1413.27,6.93
,,,,,82007,6,1424.44,6.93
,,,,,82007,9,1445.12,6.93
,,,,,82007,12,1453.12,6.93
,,,,,82009,3,1535.31,12.21
,,,,,82009,6,1565.92,12.21
,,,,,82009,9,1578.64,12.21
,,,,,82009,12,1594.07,12.21
,,,,,82070,3,1297.04,11.19
,,,,,82070,6,1345.41,11.19
,,,,,82070,9,1379.51,11.19
,,,,,82070,12,1418.36,11.19
,,,,,82072,3,1177.7,7.07
,,,,,82072,6,1229.37,7.07
,,,,,82072,9,1289.98,7.07
,,,,,82072,12,1364.99,7.07
,,,,,82501,3,1008.21,2.54
,,,,,82501,6,1008.21,2.54
,,,,,82501,9,1008.21,2.54
,,,,,82501,12,1017.4,2.54
,,,,,82601,3,1098.57,12.77
,,,,,82601,6,1109.41,12.77
,,,,,82601,9,1127.87,12.77
,,,,,82601,12,1134.8,12.77
,,,,,82604,3,1182.88,10.07
,,,,,82604,6,1186.43,10.07
,,,,,82604,9,1215.01,10.07
,,,,,82604,12,1231.65,10.07
,,,,,82609,3,1527.62,18.76
,,,,,82609,6,1549.44,18.76
,,,,,82609,9,1573.72,18.76
,,,,,82609,12,1570.1,18.76
,,,,,82718,3,1421.54,0
,,,,,82718,6,1421.54,0
,,,,,82718,9,1421.54,0
,,,,,82718,12,1421.54,0
,,,,,82901,3,1251.56,15.44
,,,,,82901,6,1261.84,15.44
,,,,,82901,9,1265.07,15.44
,,,,,82901,12,1272.33,15.44
,,,,,83201,3,1075.99,8.72
,,,,,83201,6,1091.32,8.72
,,,,,83201,9,1096.24,8.72
,,,,,83201,12,1097.17,8.72
,,,,,83204,3,863.67,10.14
,,,,,83204,6,925.19,10.14
,,,,,83204,9,919.18,10.14
,,,,,83204,12,936.82,10.14
,,,,,83301,3,1564.93,11.51
,,,,,83301,6,1596.24,11.51
,,,,,83301,9,1613.89,11.51
,,,,,83301,12,1628.43,11.51
,,,,,83401,3,1296.81,6.92
,,,,,83401,6,1310.88,6.92
,,,,,83401,9,1316.39,6.92
,,,,,83401,12,1323.47,6.92
,,,,,83402,3,1149.1,5.37
,,,,,83402,6,1157.53,5.37
,,,,,83402,9,1166.63,5.37
,,,,,83402,12,1173.45,5.37
,,,,,83404,3,1507.27,11.01
,,,,,83404,6,1516.21,11.01
,,,,,83404,9,1488.07,11.01
,,,,,83404,12,1531.18,11.01
,,,,,83406,3,1700.52,14.79
,,,,,83406,6,1707.29,14.79
,,,,,83406,9,1703.84,14.79
,,,,,83406,12,1700.55,14.79
,,,,,83440,3,1137.98,7.11
,,,,,83440,6,1143.18,7.11
,,,,,83440,9,1140.75,7.11
,,,,,83440,12,1148.6,7.11
,,,,,83605,3,1373.43,6.26
,,,,,83605,6,1383.93,6.26
,,,,,83605,9,1391.58,6.26
,,,,,83605,12,1396.51,6.26
,,,,,83607,3,1785.03,41.25
,,,,,83607,6,1947.58,41.25
,,,,,83607,9,1803.62,41.25
,,,,,83607,12,1853.33,41.25
,,,,,83616,3,2129.62,11.01
,,,,,83616,6,2147.19,11.01
,,,,,83616,9,2154.89,11.01
,,,,,83616,12,2155.86,11.01
,,,,,83634,3,2047.97,15.88
,,,,,83634,6,2057.58,15.88
,,,,,83634,9,2055.46,15.88
,,,,,83634,12,2068.13,15.88
,,,,,83642,3,1781.45,4.86
,,,,,83642,6,1811.35,4.86
,,,,,83642,9,1835.09,4.86
,,,,,83642,12,1858.19,4.86
,,,,,83646,3,2208.04,9.87
,,,,,83646,6,2224.8,9.87
,,,,,83646,9,2259.33,9.87
,,,,,83646,12,2290.36,9.87
,,,,,83647,3,1510.75,0.02
,,,,,83647,6,1510.75,0.02
,,,,,83647,9,1510.75,0.02
,,,,,83647,12,1510.66,0.02
,,,,,83651,3,1560.16,14.17
,,,,,83651,6,1588.53,14.17
,,,,,83651,9,1610.68,14.17
,,,,,83651,12,1631.83,14.17
,,,,,83669,3,2215.09,10.11
,,,,,83669,6,2232.52,10.11
,,,,,83669,9,2203.4,10.11
,,,,,83669,12,2243.12,10.11
,,,,,83686,3,1593.25,6.27
,,,,,83686,6,1616.98,6.27
,,,,,83686,9,1629.14,6.27
,,,,,83686,12,1635.3,6.27
,,,,,83687,3,1712.22,10.25
,,,,,83687,6,1728.19,10.25
,,,,,83687,9,1749.68,10.25
,,,,,83687,12,1767.22,10.25
,,,,,83702,3,1674.28,9.32
,,,,,83702,6,1684.2,9.32
,,,,,83702,9,1709.2,9.32
,,,,,83702,12,1727.15,9.32
,,,,,83703,3,1688.32,11.66
,,,,,83703,6,1709.29,11.66
,,,,,83703,9,1714.23,11.66
,,,,,83703,12,1713.75,11.66
,,,,,83704,3,1501.44,2.29
,,,,,83704,6,1519.03,2.29
,,,,,83704,9,1540.27,2.29
,,,,,83704,12,1559.74,2.29
,,,,,83705,3,1402.46,6.74
,,,,,83705,6,1412.7,6.74
,,,,,83705,9,1421.27,6.74
,,,,,83705,12,1428.03,6.74
,,,,,83706,3,1802.32,10.73
,,,,,83706,6,1830.06,10.73
,,,,,83706,9,1853.72,10.73
,,,,,83706,12,1874.35,10.73
,,,,,83709,3,2029.62,10.49
,,,,,83709,6,2058.85,10.49
,,,,,83709,9,2083.89,10.49
,,,,,83709,12,2106.43,10.49
,,,,,83713,3,1787.47,8.8
,,,,,83713,6,1804,8.8
,,,,,83713,9,1814.04,8.8
,,,,,83713,12,1817.34,8.8
,,,,,83714,3,1803.04,14.76
,,,,,83714,6,1818.55,14.76
,,,,,83714,9,1833.51,14.76
,,,,,83714,12,1851.48,14.76
,,,,,83716,3,2174.5,11.77
,,,,,83716,6,2194.1,11.77
,,,,,83716,9,2206.33,11.77
,,,,,83716,12,2213.01,11.77
,,,,,83814,3,1751.43,7.08
,,,,,83814,6,1753.11,7.08
,,,,,83814,9,1753.97,7.08
,,,,,83814,12,1755.93,7.08
,,,,,83815,3,1882.3,11.44
,,,,,83815,6,1899.64,11.44
,,,,,83815,9,1901.38,11.44
,,,,,83815,12,1905.47,11.44
,,,,,83835,3,1970.85,18.14
,,,,,83835,6,1974,18.14
,,,,,83835,9,1954.65,18.14
,,,,,83835,12,1954.77,18.14
,,,,,83843,3,1336.48,20.48
,,,,,83843,6,1312.47,20.48
,,,,,83843,9,1258.1,20.48
,,,,,83843,12,1330.99,20.48
,,,,,83854,3,1677.71,5.03
,,,,,83854,6,1689.4,5.03
,,,,,83854,9,1701.03,5.03
,,,,,83854,12,1705.92,5.03
,,,,,84003,3,1714.24,8.88
,,,,,84003,6,1713.63,8.88
,,,,,84003,9,1723.31,8.88
,,,,,84003,12,1718.34,8.88
,,,,,84005,3,2284.17,10.95
,,,,,84005,6,2292.19,10.95
,,,,,84005,9,2294.87,10.95
,,,,,84005,12,2287.39,10.95
,,,,,84009,3,1889.89,12.02
,,,,,84009,6,1897.85,12.02
,,,,,84009,9,1897.9,12.02
,,,,,84009,12,1900.8,12.02
,,,,,84010,3,1611.35,20.95
,,,,,84010,6,1685.25,20.95
,,,,,84010,9,1663.75,20.95
,,,,,84010,12,1681.62,20.95
,,,,,84015,3,1836.48,9.8
,,,,,84015,6,1861.23,9.8
,,,,,84015,9,1878.9,9.8
,,,,,84015,12,1889.76,9.8
,,,,,84020,3,1808.92,11.79
,,,,,84020,6,1823.67,11.79
,,,,,84020,9,1840.84,11.79
,,,,,84020,12,1849.71,11.79
,,,,,84025,3,1647.31,15.64
,,,,,84025,6,1670.38,15.64
,,,,,84025,9,1659.8,15.64
,,,,,84025,12,1663.99,15.64
,,,,,84032,3,2460.16,25.79
,,,,,84032,6,2481.5,25.79
,,,,,84032,9,2521.49,25.79
,,,,,84032,12,2511.72,25.79
,,,,,84041,3,1766.7,10.85
,,,,,84041,6,1773.23,10.85
,,,,,84041,9,1778.32,10.85
,,,,,84041,12,1782.24,10.85
,,,,,84043,3,2254.57,13.91
,,,,,84043,6,2266.5,13.91
,,,,,84043,9,2279.86,13.91
,,,,,84043,12,2292.97,13.91
,,,,,84045,3,2187.76,18.94
,,,,,84045,6,2186.52,18.94
,,,,,84045,9,2191.43,18.94
,,,,,84045,12,2214.26,18.94
,,,,,84047,3,1662.58,17.97
,,,,,84047,6,1671.04,17.97
,,,,,84047,9,1680.48,17.97
,,,,,84047,12,1691.1,17.97
,,,,,84054,3,1919.68,11.27
,,,,,84054,6,1926.88,11.27
,,,,,84054,9,1926.22,11.27
,,,,,84054,12,1942.16,11.27
,,,,,84057,3,1568.75,11.85
,,,,,84057,6,1546.24,11.85
,,,,,84057,9,1581.06,11.85
,,,,,84057,12,1588.17,11.85
,,,,,84058,3,1502,7.81
,,,,,84058,6,1490.23,7.81
,,,,,84058,9,1480.98,7.81
,,,,,84058,12,1484.7,7.81
,,,,,84059,3,2209.01,17.63
,,,,,84059,6,2194.57,17.63
,,,,,84059,9,2197.58,17.63
,,,,,84059,12,2167.49,17.63
,,,,,84060,3,3329.79,50.58
,,,,,84060,6,3472.78,50.58
,,,,,84060,9,3564.9,50.58
,,,,,84060,12,3557.67,50.58
,,,,,84062,3,1812.88,11.24
,,,,,84062,6,1809.95,11.24
,,,,,84062,9,1813.14,11.24
,,,,,84062,12,1816.47,11.24
,,,,,84065,3,2173.43,11.3
,,,,,84065,6,2201.89,11.3
,,,,,84065,9,2222.49,11.3
,,,,,84065,12,2229.33,11.3
,,,,,84067,3,1738.36,19.73
,,,,,84067,6,1785.28,19.73
,,,,,84067,9,1812.72,19.73
,,,,,84067,12,1823.11,19.73
,,,,,84070,3,1570.81,9.16
,,,,,84070,6,1596.28,9.16
,,,,,84070,9,1601.24,9.16
,,,,,84070,12,1616.88,9.16
,,,,,84074,3,2062.98,16.26
,,,,,84074,6,2060.23,16.26
,,,,,84074,9,2117.43,16.26
,,,,,84074,12,2135.27,16.26
,,,,,84081,3,2034.58,17.46
,,,,,84081,6,2041.37,17.46
,,,,,84081,9,2038.8,17.46
,,,,,84081,12,2040.41,17.46
,,,,,84084,3,1781.81,15.45
,,,,,84084,6,1811.47,15.45
,,,,,84084,9,1816.36,15.45
,,,,,84084,12,1834.4,15.45
,,,,,84088,3,1562.99,15.09
,,,,,84088,6,1557.1,15.09
,,,,,84088,9,1561.53,15.09
,,,,,84088,12,1563.1,15.09
,,,,,84094,3,1962.07,24.92
,,,,,84094,6,1964.73,24.92
,,,,,84094,9,1970.83,24.92
,,,,,84094,12,1963.73,24.92
,,,,,84095,3,2050.43,18.82
,,,,,84095,6,2082.68,18.82
,,,,,84095,9,2061.58,18.82
,,,,,84095,12,2071.61,18.82
,,,,,84096,3,2027.72,12.71
,,,,,84096,6,2045.69,12.71
,,,,,84096,9,2067.14,12.71
,,,,,84096,12,2068.16,12.71
,,,,,84097,3,1557.44,21.38
,,,,,84097,6,1571.26,21.38
,,,,,84097,9,1564.29,21.38
,,,,,84097,12,1592.16,21.38
,,,,,84098,3,3794.28,34.91
,,,,,84098,6,3764.32,34.91
,,,,,84098,9,3790.3,34.91
,,,,,84098,12,3818.48,34.91
,,,,,84101,3,1634.28,7.23
,,,,,84101,6,1619.77,7.23
,,,,,84101,9,1639.17,7.23
,,,,,84101,12,1647.66,7.23
,,,,,84102,3,1539.69,7.73
,,,,,84102,6,1556.66,7.73
,,,,,84102,9,1570.98,7.73
,,,,,84102,12,1587.16,7.73
,,,,,84103,3,1631.33,8.99
,,,,,84103,6,1658.43,8.99
,,,,,84103,9,1677.83,8.99
,,,,,84103,12,1680.61,8.99
,,,,,84105,3,1925.14,18.64
,,,,,84105,6,1918.55,18.64
,,,,,84105,9,1932.73,18.64
,,,,,84105,12,1939.85,18.64
,,,,,84106,3,1779.6,11.29
,,,,,84106,6,1773.35,11.29
,,,,,84106,9,1770.81,11.29
,,,,,84106,12,1778.02,11.29
,,,,,84107,3,1463.39,12.96
,,,,,84107,6,1470.46,12.96
,,,,,84107,9,1483.08,12.96
,,,,,84107,12,1488.75,12.96
,,,,,84108,3,2300.85,28.81
,,,,,84108,6,2336,28.81
,,,,,84108,9,2319.56,28.81
,,,,,84108,12,2345.39,28.81
,,,,,84109,3,2197.06,15.91
,,,,,84109,6,2164.27,15.91
,,,,,84109,9,2189.34,15.91
,,,,,84109,12,2212.46,15.91
,,,,,84111,3,1738.99,9.09
,,,,,84111,6,1752.44,9.09
,,,,,84111,9,1760.92,9.09
,,,,,84111,12,1764.59,9.09
,,,,,84115,3,1522.18,7.5
,,,,,84115,6,1516.33,7.5
,,,,,84115,9,1522.82,7.5
,,,,,84115,12,1533.04,7.5
,,,,,84116,3,1293.93,9.84
,,,,,84116,6,1284.64,9.84
,,,,,84116,9,1280.17,9.84
,,,,,84116,12,1285.36,9.84
,,,,,84117,3,1586.43,15.1
,,,,,84117,6,1597.89,15.1
,,,,,84117,9,1614.22,15.1
,,,,,84117,12,1621.28,15.1
,,,,,84119,3,1479.67,6.47
,,,,,84119,6,1485.59,6.47
,,,,,84119,9,1491.34,6.47
,,,,,84119,12,1503.86,6.47
,,,,,84120,3,1837.96,19.81
,,,,,84120,6,1822.42,19.81
,,,,,84120,9,1837.99,19.81
,,,,,84120,12,1809.63,19.81
,,,,,84121,3,1977.09,11.82
,,,,,84121,6,1979.56,11.82
,,,,,84121,9,1978.13,11.82
,,,,,84121,12,1987.61,11.82
,,,,,84123,3,1612.82,12.33
,,,,,84123,6,1618.83,12.33
,,,,,84123,9,1613.39,12.33
,,,,,84123,12,1628.38,12.33
,,,,,84124,3,1677.18,22.47
,,,,,84124,6,1725.93,22.47
,,,,,84124,9,1724.74,22.47
,,,,,84124,12,1755.14,22.47
,,,,,84128,3,1860.09,16.09
,,,,,84128,6,1903.14,16.09
,,,,,84128,9,1867.94,16.09
,,,,,84128,12,1836.57,16.09
,,,,,84321,3,1273.18,13.05
,,,,,84321,6,1242.62,13.05
,,,,,84321,9,1261.64,13.05
,,,,,84321,12,1276.44,13.05
,,,,,84401,3,1422.79,5.57
,,,,,84401,6,1442.66,5.57
,,,,,84401,9,1468.18,5.57
,,,,,84401,12,1485.55,5.57
,,,,,84403,3,1363.42,13.22
,,,,,84403,6,1379.79,13.22
,,,,,84403,9,1380.94,13.22
,,,,,84403,12,1386.89,13.22
,,,,,84404,3,1633.29,23.77
,,,,,84404,6,1647.74,23.77
,,,,,84404,9,1658.88,23.77
,,,,,84404,12,1657.67,23.77
,,,,,84405,3,1482.13,18.86
,,,,,84405,6,1486.19,18.86
,,,,,84405,9,1481.77,18.86
,,,,,84405,12,1445.47,18.86
,,,,,84601,3,1354.09,13.97
,,,,,84601,6,1355.37,13.97
,,,,,84601,9,1372.08,13.97
,,,,,84601,12,1382.47,13.97
,,,,,84604,3,1656.76,13.99
,,,,,84604,6,1682.01,13.99
,,,,,84604,9,1691.26,13.99
,,,,,84604,12,1691.46,13.99
,,,,,84606,3,1469.65,14.33
,,,,,84606,6,1479.04,14.33
,,,,,84606,9,1483.72,14.33
,,,,,84606,12,1506.59,14.33
,,,,,84651,3,1600.78,17.28
,,,,,84651,6,1635.17,17.28
,,,,,84651,9,1656.29,17.28
,,,,,84651,12,1668.84,17.28
,,,,,84660,3,1906.79,16.65
,,,,,84660,6,1901.82,16.65
,,,,,84660,9,1904.31,16.65
,,,,,84660,12,1940.11,16.65
,,,,,84663,3,1589.93,15.37
,,,,,84663,6,1639.89,15.37
,,,,,84663,9,1644.73,15.37
,,,,,84663,12,1674.96,15.37
,,,,,84720,3,1446.23,25.39
,,,,,84720,6,1444.8,25.39
,,,,,84720,9,1457.67,25.39
,,,,,84720,12,1474.11,25.39
,,,,,84721,3,1484.04,14.8
,,,,,84721,6,1489.07,14.8
,,,,,84721,9,1488.66,14.8
,,,,,84721,12,1492.44,14.8
,,,,,84737,3,1850.87,16.38
,,,,,84737,6,1816.96,16.38
,,,,,84737,9,1811.82,16.38
,,,,,84737,12,1873.06,16.38
,,,,,84770,3,1650.77,6.6
,,,,,84770,6,1671.62,6.6
,,,,,84770,9,1688.85,6.6
,,,,,84770,12,1705.34,6.6
,,,,,84780,3,1915.9,9.39
,,,,,84780,6,1928.5,9.39
,,,,,84780,9,1926.43,9.39
,,,,,84780,12,1926.41,9.39
,,,,,84790,3,1841.89,5.93
,,,,,84790,6,1850.48,5.93
,,,,,84790,9,1855.15,5.93
,,,,,84790,12,1863.47,5.93
,,,,,85003,3,1792.07,14.01
,,,,,85003,6,1790.67,14.01
,,,,,85003,9,1802.64,14.01
,,,,,85003,12,1823.38,14.01
,,,,,85004,3,1832.04,13
,,,,,85004,6,1838.57,13
,,,,,85004,9,1851.88,13
,,,,,85004,12,1864.25,13
,,,,,85006,3,1424.01,11.15
,,,,,85006,6,1440.01,11.15
,,,,,85006,9,1463.38,11.15
,,,,,85006,12,1487.12,11.15
,,,,,85007,3,1478.07,12.01
,,,,,85007,6,1482.2,12.01
,,,,,85007,9,1489.2,12.01
,,,,,85007,12,1488.61,12.01
,,,,,85008,3,1483.25,9.18
,,,,,85008,6,1491.98,9.18
,,,,,85008,9,1500.42,9.18
,,,,,85008,12,1514.64,9.18
,,,,,85009,3,1557.42,26.99
,,,,,85009,6,1550.46,26.99
,,,,,85009,9,1571.27,26.99
,,,,,85009,12,1548.51,26.99
,,,,,85012,3,1571.36,5.98
,,,,,85012,6,1572.54,5.98
,,,,,85012,9,1591.49,5.98
,,,,,85012,12,1597.9,5.98
,,,,,85013,3,1619.01,8.93
,,,,,85013,6,1638.26,8.93
,,,,,85013,9,1662.85,8.93
,,,,,85013,12,1683.2,8.93
,,,,,85014,3,1553.92,5.34
,,,,,85014,6,1575.28,5.34
,,,,,85014,9,1583.07,5.34
,,,,,85014,12,1595.77,5.34
,,,,,85015,3,1249.68,8.98
,,,,,85015,6,1261.41,8.98
,,,,,85015,9,1264.5,8.98
,,,,,85015,12,1268.99,8.98
,,,,,85016,3,1716.57,8.14
,,,,,85016,6,1723.29,8.14
,,,,,85016,9,1737.42,8.14
,,,,,85016,12,1756.21,8.14
,,,,,85017,3,1697.86,20.45
,,,,,85017,6,1715.55,20.45
,,,,,85017,9,1745.7,20.45
,,,,,85017,12,1755.45,20.45
,,,,,85018,3,1843.25,11.46
,,,,,85018,6,1867.55,11.46
,,,,,85018,9,1898.01,11.46
,,,,,85018,12,1936.45,11.46
,,,,,85019,3,1512.74,14.65
,,,,,85019,6,1546.26,14.65
,,,,,85019,9,1574.72,14.65
,,,,,85019,12,1600.38,14.65
,,,,,85020,3,1469.89,8.79
,,,,,85020,6,1488.2,8.79
,,,,,85020,9,1510.82,8.79
,,,,,85020,12,1519.86,8.79
,,,,,85021,3,1326.19,7.78
,,,,,85021,6,1341.72,7.78
,,,,,85021,9,1356.24,7.78
,,,,,85021,12,1368.17,7.78
,,,,,85022,3,1401.26,8.37
,,,,,85022,6,1407.92,8.37
,,,,,85022,9,1428.48,8.37
,,,,,85022,12,1449.6,8.37
,,,,,85023,3,1328.23,5.18
,,,,,85023,6,1328.49,5.18
,,,,,85023,9,1340.93,5.18
,,,,,85023,12,1349.56,5.18
,,,,,85024,3,1863.18,8.28
,,,,,85024,6,1879.74,8.28
,,,,,85024,9,1897.67,8.28
,,,,,85024,12,1915.67,8.28
,,,,,85027,3,1460.12,6.49
,,,,,85027,6,1479.99,6.49
,,,,,85027,9,1494.84,6.49
,,,,,85027,12,1516.25,6.49
,,,,,85029,3,1360.8,13.68
,,,,,85029,6,1385.88,13.68
,,,,,85029,9,1396.99,13.68
,,,,,85029,12,1411.12,13.68
,,,,,85031,3,1269.9,29.42
,,,,,85031,6,1285.84,29.42
,,,,,85031,9,1308.36,29.42
,,,,,85031,12,1301.6,29.42
,,,,,85032,3,1744.2,9.14
,,,,,85032,6,1760.2,9.14
,,,,,85032,9,1794.63,9.14
,,,,,85032,12,1814.42,9.14
,,,,,85033,3,1501.76,11.53
,,,,,85033,6,1499.07,11.53
,,,,,85033,9,1502.17,11.53
,,,,,85033,12,1503.46,11.53
,,,,,85034,3,1428.7,8.51
,,,,,85034,6,1395.93,8.51
,,,,,85034,9,1406.07,8.51
,,,,,85034,12,1433.33,8.51
,,,,,85035,3,1383.72,15.78
,,,,,85035,6,1397.86,15.78
,,,,,85035,9,1411.46,15.78
,,,,,85035,12,1456.49,15.78
,,,,,85037,3,1814.89,8.02
,,,,,85037,6,1832.57,8.02
,,,,,85037,9,1841.72,8.02
,,,,,85037,12,1861.13,8.02
,,,,,85040,3,1612.12,14.2
,,,,,85040,6,1643.47,14.2
,,,,,85040,9,1664.39,14.2
,,,,,85040,12,1690.03,14.2
,,,,,85041,3,2193.9,6.65
,,,,,85041,6,2206.47,6.65
,,,,,85041,9,2220.34,6.65
,,,,,85041,12,2239.96,6.65
,,,,,85042,3,1687.34,12.15
,,,,,85042,6,1704.63,12.15
,,,,,85042,9,1738.3,12.15
,,,,,85042,12,1762.25,12.15
,,,,,85043,3,2000.29,9.86
,,,,,85043,6,2013.36,9.86
,,,,,85043,9,2038.1,9.86
,,,,,85043,12,2047.82,9.86
,,,,,85044,3,1573.59,11.12
,,,,,85044,6,1588.3,11.12
,,,,,85044,9,1609.49,11.12
,,,,,85044,12,1644.99,11.12
,,,,,85048,3,2065.28,4.52
,,,,,85048,6,2090.72,4.52
,,,,,85048,9,2117.83,4.52
,,,,,85048,12,2140.59,4.52
,,,,,85050,3,2659.24,20.71
,,,,,85050,6,2687.28,20.71
,,,,,85050,9,2714.93,20.71
,,,,,85050,12,2749.49,20.71
,,,,,85051,3,1253.3,5.94
,,,,,85051,6,1267.44,5.94
,,,,,85051,9,1288.15,5.94
,,,,,85051,12,1300.17,5.94
,,,,,85053,3,1369.13,10.59
,,,,,85053,6,1380.1,10.59
,,,,,85053,9,1392.27,10.59
,,,,,85053,12,1413.06,10.59
,,,,,85054,3,1943.08,11.45
,,,,,85054,6,1954.12,11.45
,,,,,85054,9,1972.26,11.45
,,,,,85054,12,1992.21,11.45
,,,,,85083,3,2556.68,27.48
,,,,,85083,6,2656,27.48
,,,,,85083,9,2640.58,27.48
,,,,,85083,12,2730.62,27.48
,,,,,85085,3,1867.73,12.99
,,,,,85085,6,1836.37,12.99
,,,,,85085,9,1854.06,12.99
,,,,,85085,12,1843.25,12.99
,,,,,85086,3,2328.54,14.67
,,,,,85086,6,2351.75,14.67
,,,,,85086,9,2387.66,14.67
,,,,,85086,12,2412.11,14.67
,,,,,85119,3,1759.89,10.46
,,,,,85119,6,1784.3,10.46
,,,,,85119,9,1784.4,10.46
,,,,,85119,12,1783.62,10.46
,,,,,85120,3,1851.93,28.92
,,,,,85120,6,1850.45,28.92
,,,,,85120,9,1882.22,28.92
,,,,,85120,12,1831.81,28.92
,,,,,85122,3,1729.57,8.39
,,,,,85122,6,1744.67,8.39
,,,,,85122,9,1753.74,8.39
,,,,,85122,12,1767.81,8.39
,,,,,85132,3,1607.35,24.91
,,,,,85132,6,1687.42,24.91
,,,,,85132,9,1651.08,24.91
,,,,,85132,12,1629,24.91
,,,,,85138,3,1936.05,5.69
,,,,,85138,6,1959.52,5.69
,,,,,85138,9,1985.36,5.69
,,,,,85138,12,2012.46,5.69
,,,,,85139,3,1801.73,13.53
,,,,,85139,6,1801.64,13.53
,,,,,85139,9,1755.78,13.53
,,,,,85139,12,1801.27,13.53
,,,,,85140,3,2046.1,6.86
,,,,,85140,6,2039.94,6.86
,,,,,85140,9,2043.63,6.86
,,,,,85140,12,2055.85,6.86
,,,,,85142,3,2156.5,14.48
,,,,,85142,6,2186.76,14.48
,,,,,85142,9,2215.98,14.48
,,,,,85142,12,2230.54,14.48
,,,,,85143,3,1966.22,10.19
,,,,,85143,6,1987.74,10.19
,,,,,85143,9,2000.08,10.19
,,,,,85143,12,2018.6,10.19
,,,,,85201,3,1410.78,9.08
,,,,,85201,6,1434.26,9.08
,,,,,85201,9,1448.58,9.08
,,,,,85201,12,1478.93,9.08
,,,,,85202,3,1394.82,5.32
,,,,,85202,6,1387.59,5.32
,,,,,85202,9,1389.09,5.32
,,,,,85202,12,1395.22,5.32
,,,,,85203,3,1440.13,10.4
,,,,,85203,6,1456.78,10.4
,,,,,85203,9,1460.19,10.4
,,,,,85203,12,1461.8,10.4
,,,,,85204,3,1585.02,8.19
,,,,,85204,6,1604.25,8.19
,,,,,85204,9,1622.96,8.19
,,,,,85204,12,1646.2,8.19
,,,,,85205,3,1952.61,9.28
,,,,,85205,6,1974.3,9.28
,,,,,85205,9,1985.99,9.28
,,,,,85205,12,2005.56,9.28
,,,,,85206,3,1695.11,16.02
,,,,,85206,6,1716.18,16.02
,,,,,85206,9,1733.48,16.02
,,,,,85206,12,1778.68,16.02
,,,,,85207,3,2224,30.83
,,,,,85207,6,2234.1,30.83
,,,,,85207,9,2281.44,30.83
,,,,,85207,12,2291.03,30.83
,,,,,85208,3,2040.5,11.79
,,,,,85208,6,2069.41,11.79
,,,,,85208,9,2100.22,11.79
,,,,,85208,12,2116.26,11.79
,,,,,85209,3,2055.29,17.1
,,,,,85209,6,2092.65,17.1
,,,,,85209,9,2130.56,17.1
,,,,,85209,12,2154.71,17.1
,,,,,85210,3,1448.52,10.91
,,,,,85210,6,1454.12,10.91
,,,,,85210,9,1462.63,10.91
,,,,,85210,12,1475.33,10.91
,,,,,85212,3,2343.8,9.46
,,,,,85212,6,2362.67,9.46
,,,,,85212,9,2368.73,9.46
,,,,,85212,12,2394.94,9.46
,,,,,85213,3,1416.9,19.78
,,,,,85213,6,1420.75,19.78
,,,,,85213,9,1427.29,19.78
,,,,,85213,12,1448.94,19.78
,,,,,85215,3,1796.02,12.28
,,,,,85215,6,1794.53,12.28
,,,,,85215,9,1794.28,12.28
,,,,,85215,12,1825.82,12.28
,,,,,85224,3,1790.44,5.34
,,,,,85224,6,1804.72,5.34
,,,,,85224,9,1832.13,5.34
,,,,,85224,12,1854.67,5.34
,,,,,85225,3,1807.49,6.5
,,,,,85225,6,1822.58,6.5
,,,,,85225,9,1843.91,6.5
,,,,,85225,12,1869.41,6.5
,,,,,85226,3,1861.01,13.31
,,,,,85226,6,1866.46,13.31
,,,,,85226,9,1898.12,13.31
,,,,,85226,12,1917.52,13.31
,,,,,85233,3,1941.11,9.44
,,,,,85233,6,1946.58,9.44
,,,,,85233,9,1954.27,9.44
,,,,,85233,12,1977.72,9.44
,,,,,85234,3,1899.58,8.58
,,,,,85234,6,1918.46,8.58
,,,,,85234,9,1934.46,8.58
,,,,,85234,12,1963.54,8.58
,,,,,85248,3,2384.24,13.34
,,,,,85248,6,2411.76,13.34
,,,,,85248,9,2452.3,13.34
,,,,,85248,12,2482.84,13.34
,,,,,85249,3,2715.26,18.89
,,,,,85249,6,2745.51,18.89
,,,,,85249,9,2783.92,18.89
,,,,,85249,12,2814.46,18.89
,,,,,85250,3,2335.93,28.68
,,,,,85250,6,2383.09,28.68
,,,,,85250,9,2418.56,28.68
,,,,,85250,12,2447.17,28.68
,,,,,85251,3,1842.59,5.38
,,,,,85251,6,1854.98,5.38
,,,,,85251,9,1876.98,5.38
,,,,,85251,12,1907.46,5.38
,,,,,85253,3,1790.65,22.63
,,,,,85253,6,1802.03,22.63
,,,,,85253,9,1808.69,22.63
,,,,,85253,12,1837.06,22.63
,,,,,85254,3,2579.18,11.51
,,,,,85254,6,2625.43,11.51
,,,,,85254,9,2665.4,11.51
,,,,,85254,12,2690.62,11.51
,,,,,85255,3,2283.24,12.91
,,,,,85255,6,2302.56,12.91
,,,,,85255,9,2324.96,12.91
,,,,,85255,12,2358.41,12.91
,,,,,85257,3,1955.37,8.2
,,,,,85257,6,1970.68,8.2
,,,,,85257,9,1993.88,8.2
,,,,,85257,12,2023.85,8.2
,,,,,85258,3,2036.8,11.77
,,,,,85258,6,2066.42,11.77
,,,,,85258,9,2099.36,11.77
,,,,,85258,12,2121.55,11.77
,,,,,85259,3,1813.64,19.21
,,,,,85259,6,1797.68,19.21
,,,,,85259,9,1804.79,19.21
,,,,,85259,12,1792.33,19.21
,,,,,85260,3,1983.77,14.86
,,,,,85260,6,2012.47,14.86
,,,,,85260,9,2050.86,14.86
,,,,,85260,12,2067.49,14.86
,,,,,85268,3,2480.57,32.58
,,,,,85268,6,2462.04,32.58
,,,,,85268,9,2477.62,32.58
,,,,,85268,12,2500.8,32.58
,,,,,85281,3,1766.71,7.14
,,,,,85281,6,1778.93,7.14
,,,,,85281,9,1794.29,7.14
,,,,,85281,12,1817.9,7.14
,,,,,85282,3,1625.52,5.39
,,,,,85282,6,1644.69,5.39
,,,,,85282,9,1676.14,5.39
,,,,,85282,12,1696.69,5.39
,,,,,85283,3,1617.15,8.01
,,,,,85283,6,1630.2,8.01
,,,,,85283,9,1642.89,8.01
,,,,,85283,12,1669.33,8.01
,,,,,85284,3,2295.75,24.64
,,,,,85284,6,2350.51,24.64
,,,,,85284,9,2381.64,24.64
,,,,,85284,12,2356.83,24.64
,,,,,85286,3,2113.87,7.07
,,,,,85286,6,2122.5,7.07
,,,,,85286,9,2144.66,7.07
,,,,,85286,12,2167.37,7.07
,,,,,85288,3,1941.9,26.78
,,,,,85288,6,1976.16,26.78
,,,,,85288,9,2007.28,26.78
,,,,,85288,12,2052.4,26.78
,,,,,85295,3,2124.29,6.99
,,,,,85295,6,2130.16,6.99
,,,,,85295,9,2156.56,6.99
,,,,,85295,12,2183.83,6.99
,,,,,85296,3,2220.04,7.9
,,,,,85296,6,2242.5,7.9
,,,,,85296,9,2267.49,7.9
,,,,,85296,12,2291.14,7.9
,,,,,85297,3,2276.52,11.22
,,,,,85297,6,2268.94,11.22
,,,,,85297,9,2282.65,11.22
,,,,,85297,12,2297.99,11.22
,,,,,85298,3,2792.43,11.67
,,,,,85298,6,2802.54,11.67
,,,,,85298,9,2845.67,11.67
,,,,,85298,12,2869.88,11.67
,,,,,85301,3,1233.82,4.39
,,,,,85301,6,1242.67,4.39
,,,,,85301,9,1254.07,4.39
,,,,,85301,12,1264.9,4.39
,,,,,85302,3,1463.66,5.29
,,,,,85302,6,1475.17,5.29
,,,,,85302,9,1489.32,5.29
,,,,,85302,12,1498.04,5.29
,,,,,85303,3,1998.2,11.51
,,,,,85303,6,1996.3,11.51
,,,,,85303,9,2016.56,11.51
,,,,,85303,12,2035.64,11.51
,,,,,85304,3,2122.94,20.13
,,,,,85304,6,2171.51,20.13
,,,,,85304,9,2163.37,20.13
,,,,,85304,12,2156.68,20.13
,,,,,85305,3,1735.75,11.22
,,,,,85305,6,1734.18,11.22
,,,,,85305,9,1748.72,11.22
,,,,,85305,12,1741.19,11.22
,,,,,85306,3,1491.49,10.55
,,,,,85306,6,1499.86,10.55
,,,,,85306,9,1527.69,10.55
,,,,,85306,12,1540.83,10.55
,,,,,85307,3,1744.46,26.64
,,,,,85307,6,1781.98,26.64
,,,,,85307,9,1809.16,26.64
,,,,,85307,12,1773.01,26.64
,,,,,85308,3,1859.62,7.43
,,,,,85308,6,1881.82,7.43
,,,,,85308,9,1908.31,7.43
,,,,,85308,12,1934.03,7.43
,,,,,85310,3,2290.59,13.81
,,,,,85310,6,2283.6,13.81
,,,,,85310,9,2302,13.81
,,,,,85310,12,2306.02,13.81
,,,,,85323,3,1891.3,9.93
,,,,,85323,6,1921.84,9.93
,,,,,85323,9,1954.99,9.93
,,,,,85323,12,1976.53,9.93
,,,,,85326,3,1964.06,11.08
,,,,,85326,6,1988.83,11.08
,,,,,85326,9,2021.04,11.08
,,,,,85326,12,2047.52,11.08
,,,,,85331,3,2804.23,56.85
,,,,,85331,6,2842.95,56.85
,,,,,85331,9,2852.45,56.85
,,,,,85331,12,2839.61,56.85
,,,,,85335,3,1841.48,18.37
,,,,,85335,6,1873.43,18.37
,,,,,85335,9,1891.1,18.37
,,,,,85335,12,1913.3,18.37
,,,,,85338,3,1937.79,4.98
,,,,,85338,6,1943.22,4.98
,,,,,85338,9,1951.74,4.98
,,,,,85338,12,1965.05,4.98
,,,,,85339,3,2159.99,9.82
,,,,,85339,6,2185.63,9.82
,,,,,85339,9,2210.44,9.82
,,,,,85339,12,2247.42,9.82
,,,,,85340,3,2143.3,13.04
,,,,,85340,6,2162.67,13.04
,,,,,85340,9,2161.5,13.04
,,,,,85340,12,2184.5,13.04
,,,,,85345,3,1763.38,7.58
,,,,,85345,6,1781.86,7.58
,,,,,85345,9,1797,7.58
,,,,,85345,12,1820.43,7.58
,,,,,85351,3,1778.27,24.26
,,,,,85351,6,1682.54,24.26
,,,,,85351,9,1768.31,24.26
,,,,,85351,12,1778.79,24.26
,,,,,85353,3,2035.47,12.37
,,,,,85353,6,2067.34,12.37
,,,,,85353,9,2102.77,12.37
,,,,,85353,12,2139.57,12.37
,,,,,85363,3,1494.42,0.58
,,,,,85363,6,1494.42,0.58
,,,,,85363,9,1494.42,0.58
,,,,,85363,12,1492.31,0.58
,,,,,85364,3,1249.1,8.17
,,,,,85364,6,1260.78,8.17
,,,,,85364,9,1271.09,8.17
,,,,,85364,12,1272.16,8.17
,,,,,85365,3,1657.26,12.36
,,,,,85365,6,1671.11,12.36
,,,,,85365,9,1683.81,12.36
,,,,,85365,12,1689.74,12.36
,,,,,85367,3,1749.85,19.37
,,,,,85367,6,1708.61,19.37
,,,,,85367,9,1737.26,19.37
,,,,,85367,12,1770.16,19.37
,,,,,85374,3,1735.11,6.64
,,,,,85374,6,1753.4,6.64
,,,,,85374,9,1774.89,6.64
,,,,,85374,12,1812.16,6.64
,,,,,85375,3,2052.7,35.51
,,,,,85375,6,2149.59,35.51
,,,,,85375,9,2154.95,35.51
,,,,,85375,12,2209.49,35.51
,,,,,85378,3,1807.88,16.44
,,,,,85378,6,1849.64,16.44
,,,,,85378,9,1848,16.44
,,,,,85378,12,1854.42,16.44
,,,,,85379,3,2010.38,8.86
,,,,,85379,6,2026.5,8.86
,,,,,85379,9,2049.89,8.86
,,,,,85379,12,2070.06,8.86
,,,,,85381,3,1653.29,10.46
,,,,,85381,6,1664.4,10.46
,,,,,85381,9,1675.96,10.46
,,,,,85381,12,1689.81,10.46
,,,,,85382,3,1997.97,7.91
,,,,,85382,6,2023.87,7.91
,,,,,85382,9,2054.53,7.91
,,,,,85382,12,2069.05,7.91
,,,,,85383,3,2427.97,16.35
,,,,,85383,6,2450.34,16.35
,,,,,85383,9,2489.38,16.35
,,,,,85383,12,2513.27,16.35
,,,,,85387,3,2184.54,14.61
,,,,,85387,6,2234.36,14.61
,,,,,85387,9,2202.65,14.61
,,,,,85387,12,2228.42,14.61
,,,,,85388,3,2247.46,15.48
,,,,,85388,6,2276.72,15.48
,,,,,85388,9,2302.35,15.48
,,,,,85388,12,2329.95,15.48
,,,,,85392,3,1758.74,12.9
,,,,,85392,6,1777.03,12.9
,,,,,85392,9,1812.17,12.9
,,,,,85392,12,1838.59,12.9
,,,,,85395,3,1878.53,11.4
,,,,,85395,6,1887.99,11.4
,,,,,85395,9,1918.91,11.4
,,,,,85395,12,1932.34,11.4
,,,,,85396,3,2194.99,16.19
,,,,,85396,6,2225.56,16.19
,,,,,85396,9,2254.62,16.19
,,,,,85396,12,2278.85,16.19
,,,,,85614,3,1741.16,30.94
,,,,,85614,6,1749.49,30.94
,,,,,85614,9,1784.57,30.94
,,,,,85614,12,1806.11,30.94
,,,,,85629,3,1990.69,12.59
,,,,,85629,6,2009.61,12.59
,,,,,85629,9,2039.02,12.59
,,,,,85629,12,2063.07,12.59
,,,,,85635,3,1344.17,12.08
,,,,,85635,6,1307.64,12.08
,,,,,85635,9,1331.91,12.08
,,,,,85635,12,1336.53,12.08
,,,,,85641,3,2114.43,15.07
,,,,,85641,6,2120.98,15.07
,,,,,85641,9,2121.4,15.07
,,,,,85641,12,2129,15.07
,,,,,85653,3,2182.38,19.87
,,,,,85653,6,2174.87,19.87
,,,,,85653,9,2193.33,19.87
,,,,,85653,12,2202.51,19.87
,,,,,85701,3,1527.27,10.29
,,,,,85701,6,1540.93,10.29
,,,,,85701,9,1537.23,10.29
,,,,,85701,12,1542.66,10.29
,,,,,85704,3,1430.13,14.66
,,,,,85704,6,1444.36,14.66
,,,,,85704,9,1453.49,14.66
,,,,,85704,12,1462.28,14.66
,,,,,85705,3,1080.49,3.75
,,,,,85705,6,1095.85,3.75
,,,,,85705,9,1111.69,3.75
,,,,,85705,12,1122.69,3.75
,,,,,85706,3,1270.67,5.59
,,,,,85706,6,1288.16,5.59
,,,,,85706,9,1288.45,5.59
,,,,,85706,12,1303.4,5.59
,,,,,85710,3,1223.3,7.77
,,,,,85710,6,1238.36,7.77
,,,,,85710,9,1254.55,7.77
,,,,,85710,12,1269,7.77
,,,,,85711,3,1284.96,8.75
,,,,,85711,6,1304,8.75
,,,,,85711,9,1321.02,8.75
,,,,,85711,12,1335.9,8.75
,,,,,85712,3,1162.72,6
,,,,,85712,6,1169.81,6
,,,,,85712,9,1177.28,6
,,,,,85712,12,1187.66,6
,,,,,85713,3,1322.78,9.67
,,,,,85713,6,1354.16,9.67
,,,,,85713,9,1364.27,9.67
,,,,,85713,12,1361.55,9.67
,,,,,85715,3,1704.32,14.17
,,,,,85715,6,1704.4,14.17
,,,,,85715,9,1706.15,14.17
,,,,,85715,12,1709.7,14.17
,,,,,85716,3,1276.55,15.5
,,,,,85716,6,1280.63,15.5
,,,,,85716,9,1303.73,15.5
,,,,,85716,12,1313.18,15.5
,,,,,85718,3,1559.98,7.4
,,,,,85718,6,1577.7,7.4
,,,,,85718,9,1608.97,7.4
,,,,,85718,12,1630.62,7.4
,,,,,85719,3,1397.96,6.83
,,,,,85719,6,1410.24,6.83
,,,,,85719,9,1420.62,6.83
,,,,,85719,12,1434.17,6.83
,,,,,85730,3,1773.42,15.94
,,,,,85730,6,1807.05,15.94
,,,,,85730,9,1813.87,15.94
,,,,,85730,12,1810.67,15.94
,,,,,85737,3,2223.82,31.28
,,,,,85737,6,2231.06,31.28
,,,,,85737,9,2232.84,31.28
,,,,,85737,12,2232,31.28
,,,,,85741,3,1587.17,9.9
,,,,,85741,6,1598.04,9.9
,,,,,85741,9,1619.92,9.9
,,,,,85741,12,1646.5,9.9
,,,,,85742,3,1924.45,12.01
,,,,,85742,6,1934.09,12.01
,,,,,85742,9,1944.32,12.01
,,,,,85742,12,1955.77,12.01
,,,,,85743,3,1797.37,18.08
,,,,,85743,6,1801.29,18.08
,,,,,85743,9,1799.15,18.08
,,,,,85743,12,1808.67,18.08
,,,,,85745,3,1541.13,18.83
,,,,,85745,6,1560.04,18.83
,,,,,85745,9,1592.28,18.83
,,,,,85745,12,1578.9,18.83
,,,,,85746,3,1774.22,12.64
,,,,,85746,6,1794.79,12.64
,,,,,85746,9,1806.57,12.64
,,,,,85746,12,1822.76,12.64
,,,,,85747,3,1942.6,9.99
,,,,,85747,6,1968.8,9.99
,,,,,85747,9,1989.09,9.99
,,,,,85747,12,2014.75,9.99
,,,,,85750,3,1612.93,18.52
,,,,,85750,6,1633.13,18.52
,,,,,85750,9,1649.74,18.52
,,,,,85750,12,1665.6,18.52
,,,,,85755,3,2358.82,24.33
,,,,,85755,6,2346.93,24.33
,,,,,85755,9,2392.44,24.33
,,,,,85755,12,2420.81,24.33
,,,,,85756,3,1815.7,25.64
,,,,,85756,6,1814.6,25.64
,,,,,85756,9,1823.11,25.64
,,,,,85756,12,1830.08,25.64
,,,,,86001,3,2195.94,14.85
,,,,,86001,6,2215.15,14.85
,,,,,86001,9,2236.72,14.85
,,,,,86001,12,2235.44,14.85
,,,,,86004,3,2180.25,18.3
,,,,,86004,6,2180.73,18.3
,,,,,86004,9,2183.17,18.3
,,,,,86004,12,2196.55,18.3
,,,,,86005,3,2385.19,31.69
,,,,,86005,6,2388,31.69
,,,,,86005,9,2471.9,31.69
,,,,,86005,12,2449.94,31.69
,,,,,86301,3,1794.15,14.17
,,,,,86301,6,1799.76,14.17
,,,,,86301,9,1805.72,14.17
,,,,,86301,12,1811,14.17
,,,,,86303,3,1740.15,25.2
,,,,,86303,6,1760.93,25.2
,,,,,86303,9,1781.99,25.2
,,,,,86303,12,1787.64,25.2
,,,,,86305,3,1925.87,25.4
,,,,,86305,6,1950.54,25.4
,,,,,86305,9,1951.93,25.4
,,,,,86305,12,2013.86,25.4
,,,,,86314,3,1822.63,15.68
,,,,,86314,6,1844.11,15.68
,,,,,86314,9,1867.24,15.68
,,,,,86314,12,1886.39,15.68
,,,,,86326,3,1830.86,12.22
,,,,,86326,6,1846.56,12.22
,,,,,86326,9,1927.26,12.22
,,,,,86326,12,1990.65,12.22
,,,,,86336,3,2340.57,29.17
,,,,,86336,6,2374.36,29.17
,,,,,86336,9,2338.03,29.17
,,,,,86336,12,2462.59,29.17
,,,,,86401,3,1539.43,13.97
,,,,,86401,6,1589.43,13.97
,,,,,86401,9,1582.49,13.97
,,,,,86401,12,1666.78,13.97
,,,,,86403,3,1566.18,9.62
,,,,,86403,6,1543.2,9.62
,,,,,86403,9,1583.96,9.62
,,,,,86403,12,1600.46,9.62
,,,,,86404,3,1766.61,24.54
,,,,,86404,6,1743.42,24.54
,,,,,86404,9,1765.63,24.54
,,,,,86404,12,1786.03,24.54
,,,,,86406,3,1906.49,13.93
,,,,,86406,6,1913.46,13.93
,,,,,86406,9,1909.94,13.93
,,,,,86406,12,1913.17,13.93
,,,,,86409,3,1355.93,0
,,,,,86409,6,1355.93,0
,,,,,86409,9,1355.93,0
,,,,,86409,12,1355.93,0
,,,,,86442,3,1450.28,9.68
,,,,,86442,6,1464.75,9.68
,,,,,86442,9,1459.81,9.68
,,,,,86442,12,1472.15,9.68
,,,,,87031,3,1502.3,69.89
,,,,,87031,6,1490.72,69.89
,,,,,87031,9,1560.63,69.89
,,,,,87031,12,1567.21,69.89
,,,,,87102,3,1035.04,11.02
,,,,,87102,6,1041.4,11.02
,,,,,87102,9,1049.17,11.02
,,,,,87102,12,1065.84,11.02
,,,,,87104,3,1610.91,18.7
,,,,,87104,6,1621.54,18.7
,,,,,87104,9,1630.46,18.7
,,,,,87104,12,1639.82,18.7
,,,,,87105,3,1912.2,37.1
,,,,,87105,6,1847.08,37.1
,,,,,87105,9,1883.05,37.1
,,,,,87105,12,1919.73,37.1
,,,,,87106,3,1284.8,7.21
,,,,,87106,6,1293.3,7.21
,,,,,87106,9,1297.91,7.21
,,,,,87106,12,1310.83,7.21
,,,,,87107,3,1145.61,9.4
,,,,,87107,6,1162.31,9.4
,,,,,87107,9,1178.86,9.4
,,,,,87107,12,1191.12,9.4
,,,,,87108,3,982.09,4.03
,,,,,87108,6,991.08,4.03
,,,,,87108,9,1002.48,4.03
,,,,,87108,12,1011.76,4.03
,,,,,87109,3,1366.39,8.43
,,,,,87109,6,1371.09,8.43
,,,,,87109,9,1374.27,8.43
,,,,,87109,12,1381.69,8.43
,,,,,87110,3,1333.29,14.55
,,,,,87110,6,1345.92,14.55
,,,,,87110,9,1361.75,14.55
,,,,,87110,12,1382.71,14.55
,,,,,87111,3,1563.85,4.25
,,,,,87111,6,1579.74,4.25
,,,,,87111,9,1596.25,4.25
,,,,,87111,12,1614.12,4.25
,,,,,87112,3,1366.67,8.3
,,,,,87112,6,1375.97,8.3
,,,,,87112,9,1391.88,8.3
,,,,,87112,12,1414.39,8.3
,,,,,87113,3,2125.11,18.19
,,,,,87113,6,2155.17,18.19
,,,,,87113,9,2177.37,18.19
,,,,,87113,12,2170.41,18.19
,,,,,87114,3,1783.59,8.01
,,,,,87114,6,1802.99,8.01
,,,,,87114,9,1819.88,8.01
,,,,,87114,12,1836.68,8.01
,,,,,87120,3,1560.75,8.76
,,,,,87120,6,1581.48,8.76
,,,,,87120,9,1605.71,8.76
,,,,,87120,12,1623.26,8.76
,,,,,87121,3,1720.27,12.57
,,,,,87121,6,1762.55,12.57
,,,,,87121,9,1796.73,12.57
,,,,,87121,12,1811.01,12.57
,,,,,87123,3,1320.95,8.24
,,,,,87123,6,1332.29,8.24
,,,,,87123,9,1341.63,8.24
,,,,,87123,12,1353.28,8.24
,,,,,87124,3,1652.78,8.16
,,,,,87124,6,1665.33,8.16
,,,,,87124,9,1676.79,8.16
,,,,,87124,12,1693.21,8.16
,,,,,87144,3,2184.92,14.7
,,,,,87144,6,2200.26,14.7
,,,,,87144,9,2205.76,14.7
,,,,,87144,12,2219.99,14.7
,,,,,87401,3,1139.69,0
,,,,,87401,6,1139.69,0
,,,,,87401,9,1139.69,0
,,,,,87401,12,1139.69,0
,,,,,87501,3,2285.38,19.59
,,,,,87501,6,2343.62,19.59
,,,,,87501,9,2386.91,19.59
,,,,,87501,12,2416.57,19.59
,,,,,87505,3,1837.96,11.1
,,,,,87505,6,1852.71,11.1
,,,,,87505,9,1864.01,11.1
,,,,,87505,12,1874.2,11.1
,,,,,87507,3,2039.54,9.9
,,,,,87507,6,2049.63,9.9
,,,,,87507,9,2069.06,9.9
,,,,,87507,12,2091.18,9.9
,,,,,88001,3,879.56,7.38
,,,,,88001,6,884.68,7.38
,,,,,88001,9,890.63,7.38
,,,,,88001,12,903.69,7.38
,,,,,88005,3,1152.53,16.17
,,,,,88005,6,1162.16,16.17
,,,,,88005,9,1178.01,16.17
,,,,,88005,12,1206.43,16.17
,,,,,88011,3,1537.92,10
,,,,,88011,6,1558.87,10
,,,,,88011,9,1586.32,10
,,,,,88011,12,1601.21,10
,,,,,88012,3,1689.61,9.66
,,,,,88012,6,1673.1,9.66
,,,,,88012,9,1684.22,9.66
,,,,,88012,12,1701.14,9.66
,,,,,88101,3,1196.2,5.53
,,,,,88101,6,1207.98,5.53
,,,,,88101,9,1207.86,5.53
,,,,,88101,12,1223.88,5.53
,,,,,88130,3,1020.43,8.73
,,,,,88130,6,1015.94,8.73
,,,,,88130,9,1015.25,8.73
,,,,,88130,12,1009.32,8.73
,,,,,88310,3,1403.13,14.34
,,,,,88310,6,1386.74,14.34
,,,,,88310,9,1407.68,14.34
,,,,,88310,12,1420.61,14.34
,,,,,89002,3,2055.33,9.24
,,,,,89002,6,2071.5,9.24
,,,,,89002,9,2071.94,9.24
,,,,,89002,12,2083.62,9.24
,,,,,89011,3,1855.98,9.38
,,,,,89011,6,1883.53,9.38
,,,,,89011,9,1904.5,9.38
,,,,,89011,12,1930.73,9.38
,,,,,89012,3,2106.16,9.38
,,,,,89012,6,2128.04,9.38
,,,,,89012,9,2149.48,9.38
,,,,,89012,12,2173.69,9.38
,,,,,89014,3,1501.5,4.79
,,,,,89014,6,1508.33,4.79
,,,,,89014,9,1524.14,4.79
,,,,,89014,12,1542.13,4.79
,,,,,89015,3,1944.25,11.32
,,,,,89015,6,1964.3,11.32
,,,,,89015,9,2001.98,11.32
,,,,,89015,12,2022.82,11.32
,,,,,89030,3,1354.49,16.86
,,,,,89030,6,1409.89,16.86
,,,,,89030,9,1372.38,16.86
,,,,,89030,12,1392.13,16.86
,,,,,89031,3,2093.23,9.29
,,,,,89031,6,2118,9.29
,,,,,89031,9,2145.88,9.29
,,,,,89031,12,2171.44,9.29
,,,,,89032,3,1859,12.59
,,,,,89032,6,1860.3,12.59
,,,,,89032,9,1907.63,12.59
,,,,,89032,12,1913.05,12.59
,,,,,89044,3,2152.39,14.78
,,,,,89044,6,2164.68,14.78
,,,,,89044,9,2198.24,14.78
,,,,,89044,12,2232.72,14.78
,,,,,89052,3,2007.97,7.68
,,,,,89052,6,2026.52,7.68
,,,,,89052,9,2057.32,7.68
,,,,,89052,12,2076.22,7.68
,,,,,89074,3,1770.94,6.89
,,,,,89074,6,1786.61,6.89
,,,,,89074,9,1805.03,6.89
,,,,,89074,12,1833.73,6.89
,,,,,89081,3,1942.93,8.6
,,,,,89081,6,1961.24,8.6
,,,,,89081,9,1988.67,8.6
,,,,,89081,12,2011.46,8.6
,,,,,89084,3,1881.01,7.6
,,,,,89084,6,1876.48,7.6
,,,,,89084,9,1887.88,7.6
,,,,,89084,12,1919.77,7.6
,,,,,89086,3,1624.59,11.98
,,,,,89086,6,1634.97,11.98
,,,,,89086,9,1628.29,11.98
,,,,,89086,12,1638.59,11.98
,,,,,89101,3,1179.53,10.69
,,,,,89101,6,1192.43,10.69
,,,,,89101,9,1185.7,10.69
,,,,,89101,12,1192.9,10.69
,,,,,89102,3,1253.15,12.34
,,,,,89102,6,1257.41,12.34
,,,,,89102,9,1241.84,12.34
,,,,,89102,12,1246.37,12.34
,,,,,89103,3,1394.59,7.15
,,,,,89103,6,1399.14,7.15
,,,,,89103,9,1414.75,7.15
,,,,,89103,12,1438.66,7.15
,,,,,89104,3,1419.97,13.1
,,,,,89104,6,1423.87,13.1
,,,,,89104,9,1425.12,13.1
,,,,,89104,12,1416.15,13.1
,,,,,89106,3,1699.62,24.46
,,,,,89106,6,1736.55,24.46
,,,,,89106,9,1698.21,24.46
,,,,,89106,12,1714.45,24.46
,,,,,89107,3,1411.39,11.72
,,,,,89107,6,1410.71,11.72
,,,,,89107,9,1426.28,11.72
,,,,,89107,12,1422.68,11.72
,,,,,89108,3,1394,5.39
,,,,,89108,6,1410.83,5.39
,,,,,89108,9,1431.47,5.39
,,,,,89108,12,1449.4,5.39
,,,,,89109,3,2738.31,18.65
,,,,,89109,6,2775.89,18.65
,,,,,89109,9,2797.39,18.65
,,,,,89109,12,2791.99,18.65
,,,,,89110,3,1497.75,12.91
,,,,,89110,6,1509.79,12.91
,,,,,89110,9,1533.73,12.91
,,,,,89110,12,1542.23,12.91
,,,,,89113,3,1857.03,5.42
,,,,,89113,6,1871.53,5.42
,,,,,89113,9,1899.38,5.42
,,,,,89113,12,1925.89,5.42
,,,,,89115,3,1497.11,12.11
,,,,,89115,6,1530.53,12.11
,,,,,89115,9,1551.23,12.11
,,,,,89115,12,1568.6,12.11
,,,,,89117,3,1621.09,7.71
,,,,,89117,6,1635.66,7.71
,,,,,89117,9,1654.26,7.71
,,,,,89117,12,1675.21,7.71
,,,,,89118,3,1679.85,11.28
,,,,,89118,6,1691.46,11.28
,,,,,89118,9,1710.52,11.28
,,,,,89118,12,1732.02,11.28
,,,,,89119,3,1378.42,9.62
,,,,,89119,6,1380.42,9.62
,,,,,89119,9,1391.05,9.62
,,,,,89119,12,1415.48,9.62
,,,,,89120,3,1465.16,13.55
,,,,,89120,6,1466.4,13.55
,,,,,89120,9,1478.68,13.55
,,,,,89120,12,1505.01,13.55
,,,,,89121,3,1372.41,12.4
,,,,,89121,6,1389.42,12.4
,,,,,89121,9,1395.55,12.4
,,,,,89121,12,1415.29,12.4
,,,,,89122,3,1709.49,10.95
,,,,,89122,6,1719.89,10.95
,,,,,89122,9,1749.13,10.95
,,,,,89122,12,1772.54,10.95
,,,,,89123,3,1823.87,9.69
,,,,,89123,6,1835.53,9.69
,,,,,89123,9,1851.78,9.69
,,,,,89123,12,1874.1,9.69
,,,,,89128,3,1708.19,15.56
,,,,,89128,6,1722.71,15.56
,,,,,89128,9,1744.84,15.56
,,,,,89128,12,1771.78,15.56
,,,,,89129,3,1809.45,7.84
,,,,,89129,6,1827.07,7.84
,,,,,89129,9,1846.32,7.84
,,,,,89129,12,1866.35,7.84
,,,,,89130,3,1818.06,8.63
,,,,,89130,6,1831.36,8.63
,,,,,89130,9,1860.23,8.63
,,,,,89130,12,1884.3,8.63
,,,,,89131,3,2122.63,10.47
,,,,,89131,6,2142.74,10.47
,,,,,89131,9,2168.57,10.47
,,,,,89131,12,2185.13,10.47
,,,,,89134,3,2353.94,19.09
,,,,,89134,6,2380.02,19.09
,,,,,89134,9,2404.47,19.09
,,,,,89134,12,2432.44,19.09
,,,,,89135,3,2424.28,15.45
,,,,,89135,6,2479.13,15.45
,,,,,89135,9,2510.97,15.45
,,,,,89135,12,2535.72,15.45
,,,,,89138,3,2930.61,21.69
,,,,,89138,6,2953.76,21.69
,,,,,89138,9,2956.91,21.69
,,,,,89138,12,2974.93,21.69
,,,,,89139,3,1932.32,9.22
,,,,,89139,6,1949.99,9.22
,,,,,89139,9,1963.97,9.22
,,,,,89139,12,1993.39,9.22
,,,,,89141,3,2097.35,11.69
,,,,,89141,6,2114.87,11.69
,,,,,89141,9,2135.62,11.69
,,,,,89141,12,2150.22,11.69
,,,,,89142,3,1546.96,15.75
,,,,,89142,6,1539.52,15.75
,,,,,89142,9,1567.53,15.75
,,,,,89142,12,1605.8,15.75
,,,,,89143,3,2119.93,17.07
,,,,,89143,6,2145.4,17.07
,,,,,89143,9,2155.83,17.07
,,,,,89143,12,2163.74,17.07
,,,,,89144,3,2097.06,14.17
,,,,,89144,6,2138.64,14.17
,,,,,89144,9,2153.91,14.17
,,,,,89144,12,2184.36,14.17
,,,,,89145,3,1845.89,4.72
,,,,,89145,6,1867.02,4.72
,,,,,89145,9,1894.49,4.72
,,,,,89145,12,1916.59,4.72
,,,,,89146,3,1537.08,14.78
,,,,,89146,6,1549.87,14.78
,,,,,89146,9,1561.48,14.78
,,,,,89146,12,1585.49,14.78
,,,,,89147,3,1758.68,10.43
,,,,,89147,6,1774.99,10.43
,,,,,89147,9,1799.1,10.43
,,,,,89147,12,1818.19,10.43
,,,,,89148,3,1919.75,5.99
,,,,,89148,6,1952.3,5.99
,,,,,89148,9,1983.55,5.99
,,,,,89148,12,2000.09,5.99
,,,,,89149,3,1990.33,9.28
,,,,,89149,6,2014.02,9.28
,,,,,89149,9,2042.31,9.28
,,,,,89149,12,2061.9,9.28
,,,,,89156,3,1618.17,16.06
,,,,,89156,6,1617.63,16.06
,,,,,89156,9,1642,16.06
,,,,,89156,12,1658.64,16.06
,,,,,89166,3,2030.3,13.72
,,,,,89166,6,2035.68,13.72
,,,,,89166,9,2070.16,13.72
,,,,,89166,12,2091.17,13.72
,,,,,89169,3,1255.31,13.11
,,,,,89169,6,1271.39,13.11
,,,,,89169,9,1292.71,13.11
,,,,,89169,12,1309.11,13.11
,,,,,89178,3,2061.37,6.84
,,,,,89178,6,2072.55,6.84
,,,,,89178,9,2096.37,6.84
,,,,,89178,12,2118.79,6.84
,,,,,89179,3,2254.78,22.51
,,,,,89179,6,2258.39,22.51
,,,,,89179,9,2270.64,22.51
,,,,,89179,12,2278.7,22.51
,,,,,89183,3,1769.98,11.47
,,,,,89183,6,1783.11,11.47
,,,,,89183,9,1816.07,11.47
,,,,,89183,12,1836.2,11.47
,,,,,89408,3,1661.52,9.6
,,,,,89408,6,1683.96,9.6
,,,,,89408,9,1689.02,9.6
,,,,,89408,12,1698.48,9.6
,,,,,89431,3,1496.73,4.76
,,,,,89431,6,1503.41,4.76
,,,,,89431,9,1520.27,4.76
,,,,,89431,12,1540.88,4.76
,,,,,89434,3,1867.42,10.39
,,,,,89434,6,1873.62,10.39
,,,,,89434,9,1894.4,10.39
,,,,,89434,12,1891.73,10.39
,,,,,89436,3,2110.93,4.63
,,,,,89436,6,2131.14,4.63
,,,,,89436,9,2156.08,4.63
,,,,,89436,12,2183.48,4.63
,,,,,89451,3,3455.05,59.93
,,,,,89451,6,3522.11,59.93
,,,,,89451,9,3510.1,59.93
,,,,,89451,12,3540.96,59.93
,,,,,89501,3,1629.75,19.38
,,,,,89501,6,1642.63,19.38
,,,,,89501,9,1665.01,19.38
,,,,,89501,12,1664.81,19.38
,,,,,89502,3,1439.33,4.95
,,,,,89502,6,1446.78,4.95
,,,,,89502,9,1465.65,4.95
,,,,,89502,12,1479.51,4.95
,,,,,89503,3,1834.88,10.47
,,,,,89503,6,1854.9,10.47
,,,,,89503,9,1877.68,10.47
,,,,,89503,12,1903.12,10.47
,,,,,89506,3,1967.72,23
,,,,,89506,6,2002.7,23
,,,,,89506,9,2018.56,23
,,,,,89506,12,2019.43,23
,,,,,89509,3,1784.61,6.49
,,,,,89509,6,1812.99,6.49
,,,,,89509,9,1834.01,6.49
,,,,,89509,12,1858.08,6.49
,,,,,89511,3,1826.65,9.44
,,,,,89511,6,1826.78,9.44
,,,,,89511,9,1825.61,9.44
,,,,,89511,12,1823.84,9.44
,,,,,89512,3,1443.48,17.64
,,,,,89512,6,1455.4,17.64
,,,,,89512,9,1474.52,17.64
,,,,,89512,12,1489.74,17.64
,,,,,89519,3,1884.34,23.9
,,,,,89519,6,1896.88,23.9
,,,,,89519,9,1895.33,23.9
,,,,,89519,12,1900.92,23.9
,,,,,89521,3,2316.55,5.31
,,,,,89521,6,2336.43,5.31
,,,,,89521,9,2353.02,5.31
,,,,,89521,12,2372.34,5.31
,,,,,89523,3,1977.02,10.94
,,,,,89523,6,1988.24,10.94
,,,,,89523,9,2009.83,10.94
,,,,,89523,12,2025.17,10.94
,,,,,89701,3,1915.19,9.25
,,,,,89701,6,1896.44,9.25
,,,,,89701,9,1937.11,9.25
,,,,,89701,12,1940,9.25
,,,,,90003,3,2999.54,39.7
,,,,,90003,6,3023.76,39.7
,,,,,90003,9,3043.81,39.7
,,,,,90003,12,3091.42,39.7
,,,,,90004,3,2393.61,15.59
,,,,,90004,6,2412.7,15.59
,,,,,90004,9,2428.05,15.59
,,,,,90004,12,2445.67,15.59
,,,,,90005,3,2500.91,9.2
,,,,,90005,6,2508.11,9.2
,,,,,90005,9,2532.02,9.2
,,,,,90005,12,2539.77,9.2
,,,,,90006,3,2041.48,15.83
,,,,,90006,6,2057.89,15.83
,,,,,90006,9,2065.25,15.83
,,,,,90006,12,2069.24,15.83
,,,,,90007,3,2714.97,33.29
,,,,,90007,6,2744.05,33.29
,,,,,90007,9,2755.91,33.29
,,,,,90007,12,2773.62,33.29
,,,,,90008,3,2177.44,23.91
,,,,,90008,6,2188.6,23.91
,,,,,90008,9,2206.78,23.91
,,,,,90008,12,2231.6,23.91
,,,,,90010,3,2781.62,30.77
,,,,,90010,6,2777.07,30.77
,,,,,90010,9,2786.11,30.77
,,,,,90010,12,2799.87,30.77
,,,,,90011,3,2842.28,31
,,,,,90011,6,2835.92,31
,,,,,90011,9,2889.04,31
,,,,,90011,12,2939.66,31
,,,,,90012,3,2594.82,7.96
,,,,,90012,6,2591.91,7.96
,,,,,90012,9,2595.25,7.96
,,,,,90012,12,2594.59,7.96
,,,,,90013,3,2807.35,12.22
,,,,,90013,6,2791.13,12.22
,,,,,90013,9,2790.93,12.22
,,,,,90013,12,2788.09,12.22
,,,,,90014,3,2737.43,21.67
,,,,,90014,6,2742.77,21.67
,,,,,90014,9,2725.42,21.67
,,,,,90014,12,2721.08,21.67
,,,,,90015,3,2702.17,11.64
,,,,,90015,6,2691.55,11.64
,,,,,90015,9,2689.38,11.64
,,,,,90015,12,2699.75,11.64
,,,,,90016,3,3770.69,27.5
,,,,,90016,6,3824.02,27.5
,,,,,90016,9,3837.33,27.5
,,,,,90016,12,3875.33,27.5
,,,,,90017,3,2683.16,12.01
,,,,,90017,6,2678.1,12.01
,,,,,90017,9,2674.61,12.01
,,,,,90017,12,2666.21,12.01
,,,,,90018,3,2237.55,20.35
,,,,,90018,6,2247.71,20.35
,,,,,90018,9,2266.63,20.35
,,,,,90018,12,2280.26,20.35
,,,,,90019,3,2759.2,14.21
,,,,,90019,6,2786.1,14.21
,,,,,90019,9,2812.64,14.21
,,,,,90019,12,2827.07,14.21
,,,,,90020,3,2017.78,4.73
,,,,,90020,6,2023.16,4.73
,,,,,90020,9,2030.54,4.73
,,,,,90020,12,2040.29,4.73
,,,,,90021,3,2831.87,29.95
,,,,,90021,6,2843.83,29.95
,,,,,90021,9,2821.18,29.95
,,,,,90021,12,2806.71,29.95
,,,,,90023,3,2107.69,50.26
,,,,,90023,6,2112.33,50.26
,,,,,90023,9,2106.29,50.26
,,,,,90023,12,2198.55,50.26
,,,,,90024,3,3365.2,17.63
,,,,,90024,6,3387.5,17.63
,,,,,90024,9,3422.86,17.63
,,,,,90024,12,3459.56,17.63
,,,,,90025,3,3150.3,8.78
,,,,,90025,6,3180.39,8.78
,,,,,90025,9,3208.71,8.78
,,,,,90025,12,3234.92,8.78
,,,,,90026,3,2751.15,7.51
,,,,,90026,6,2769.94,7.51
,,,,,90026,9,2794.26,7.51
,,,,,90026,12,2816.2,7.51
,,,,,90027,3,2733.55,8.88
,,,,,90027,6,2762,8.88
,,,,,90027,9,2782.83,8.88
,,,,,90027,12,2814.75,8.88
,,,,,90028,3,2644.07,11.31
,,,,,90028,6,2655.33,11.31
,,,,,90028,9,2671.2,11.31
,,,,,90028,12,2689.15,11.31
,,,,,90029,3,2184.49,17.38
,,,,,90029,6,2197.12,17.38
,,,,,90029,9,2210.38,17.38
,,,,,90029,12,2232.99,17.38
,,,,,90031,3,2215.82,25.64
,,,,,90031,6,2248.44,25.64
,,,,,90031,9,2195.69,25.64
,,,,,90031,12,2231.99,25.64
,,,,,90032,3,2507.93,40.37
,,,,,90032,6,2585.54,40.37
,,,,,90032,9,2599.38,40.37
,,,,,90032,12,2636.27,40.37
,,,,,90033,3,1878.88,25.72
,,,,,90033,6,1882.5,25.72
,,,,,90033,9,1914.63,25.72
,,,,,90033,12,1915.79,25.72
,,,,,90034,3,2677,7.27
,,,,,90034,6,2701.07,7.27
,,,,,90034,9,2726.53,7.27
,,,,,90034,12,2744.34,7.27
,,,,,90035,3,3394.65,26.13
,,,,,90035,6,3407.25,26.13
,,,,,90035,9,3447.23,26.13
,,,,,90035,12,3468.84,26.13
,,,,,90036,3,3059.7,18.88
,,,,,90036,6,3068.37,18.88
,,,,,90036,9,3087.74,18.88
,,,,,90036,12,3104.91,18.88
,,,,,90037,3,2454.32,33.47
,,,,,90037,6,2505.92,33.47
,,,,,90037,9,2515.21,33.47
,,,,,90037,12,2522.4,33.47
,,,,,90038,3,2615.51,9.71
,,,,,90038,6,2624.92,9.71
,,,,,90038,9,2639.88,9.71
,,,,,90038,12,2643.69,9.71
,,,,,90039,3,2931.83,17.77
,,,,,90039,6,2957.48,17.77
,,,,,90039,9,2983.38,17.77
,,,,,90039,12,3002.25,17.77
,,,,,90041,3,2945.17,46.06
,,,,,90041,6,2926.02,46.06
,,,,,90041,9,2917.94,46.06
,,,,,90041,12,2916.93,46.06
,,,,,90042,3,2705.73,11.92
,,,,,90042,6,2734.66,11.92
,,,,,90042,9,2759.22,11.92
,,,,,90042,12,2774.21,11.92
,,,,,90043,3,2379.19,27.92
,,,,,90043,6,2401.82,27.92
,,,,,90043,9,2424.31,27.92
,,,,,90043,12,2430.23,27.92
,,,,,90044,3,2344.6,19.82
,,,,,90044,6,2337.51,19.82
,,,,,90044,9,2347.2,19.82
,,,,,90044,12,2353.46,19.82
,,,,,90045,3,3029.41,14.42
,,,,,90045,6,3053.95,14.42
,,,,,90045,9,3080.56,14.42
,,,,,90045,12,3100.54,14.42
,,,,,90046,3,2746.91,8.78
,,,,,90046,6,2776.79,8.78
,,,,,90046,9,2794.27,8.78
,,,,,90046,12,2813.85,8.78
,,,,,90047,3,2718.04,43.71
,,,,,90047,6,2730.23,43.71
,,,,,90047,9,2723.48,43.71
,,,,,90047,12,2768.85,43.71
,,,,,90048,3,3233.08,9.41
,,,,,90048,6,3272.16,9.41
,,,,,90048,9,3311.48,9.41
,,,,,90048,12,3331.77,9.41
,,,,,90049,3,3995.15,26.06
,,,,,90049,6,4015.82,26.06
,,,,,90049,9,4078.63,26.06
,,,,,90049,12,4101.24,26.06
,,,,,90057,3,2088.15,13.6
,,,,,90057,6,2094.16,13.6
,,,,,90057,9,2102.35,13.6
,,,,,90057,12,2110.57,13.6
,,,,,90062,3,3022.47,53.16
,,,,,90062,6,3006.41,53.16
,,,,,90062,9,3013.39,53.16
,,,,,90062,12,3171.46,53.16
,,,,,90064,3,3473.02,22.79
,,,,,90064,6,3504.13,22.79
,,,,,90064,9,3521.56,22.79
,,,,,90064,12,3551.16,22.79
,,,,,90065,3,2998.83,19.29
,,,,,90065,6,3016.74,19.29
,,,,,90065,9,3042.47,19.29
,,,,,90065,12,3063.83,19.29
,,,,,90066,3,3025.97,8.23
,,,,,90066,6,3034.17,8.23
,,,,,90066,9,3069.79,8.23
,,,,,90066,12,3097.46,8.23
,,,,,90068,3,3120.62,30.31
,,,,,90068,6,3142.75,30.31
,,,,,90068,9,3150.17,30.31
,,,,,90068,12,3193.94,30.31
,,,,,90069,3,3678.76,20.46
,,,,,90069,6,3718.88,20.46
,,,,,90069,9,3749.2,20.46
,,,,,90069,12,3779.66,20.46
,,,,,90094,3,4585.88,25.7
,,,,,90094,6,4638.26,25.7
,,,,,90094,9,4669.16,25.7
,,,,,90094,12,4668.67,25.7
,,,,,90210,3,9056.75,145.84
,,,,,90210,6,8984.24,145.84
,,,,,90210,9,9082.76,145.84
,,,,,90210,12,9138.1,145.84
,,,,,90211,3,3433.83,33.05
,,,,,90211,6,3419.97,33.05
,,,,,90211,9,3488.55,33.05
,,,,,90211,12,3517.23,33.05
,,,,,90212,3,3690.99,36.72
,,,,,90212,6,3726.23,36.72
,,,,,90212,9,3770.87,36.72
,,,,,90212,12,3799.38,36.72
,,,,,90230,3,3049.92,35.21
,,,,,90230,6,3050.11,35.21
,,,,,90230,9,3070.57,35.21
,,,,,90230,12,3078,35.21
,,,,,90232,3,3479.42,25.96
,,,,,90232,6,3500.84,25.96
,,,,,90232,9,3539.88,25.96
,,,,,90232,12,3562.38,25.96
,,,,,90240,3,3034.5,33.77
,,,,,90240,6,2997.59,33.77
,,,,,90240,9,3182,33.77
,,,,,90240,12,3120.49,33.77
,,,,,90241,3,2276.52,17.07
,,,,,90241,6,2277.38,17.07
,,,,,90241,9,2278.07,17.07
,,,,,90241,12,2335.36,17.07
,,,,,90242,3,2188.18,12.17
,,,,,90242,6,2206.83,12.17
,,,,,90242,9,2213.84,12.17
,,,,,90242,12,2225.23,12.17
,,,,,90245,3,2862.66,17.99
,,,,,90245,6,2901.13,17.99
,,,,,90245,9,2910.54,17.99
,,,,,90245,12,2941.18,17.99
,,,,,90247,3,2518.11,22.05
,,,,,90247,6,2577.7,22.05
,,,,,90247,9,2607.3,22.05
,,,,,90247,12,2604.79,22.05
,,,,,90249,3,2047.08,20.55
,,,,,90249,6,2105.34,20.55
,,,,,90249,9,2102.09,20.55
,,,,,90249,12,2112.33,20.55
,,,,,90250,3,2169.36,13.92
,,,,,90250,6,2188.55,13.92
,,,,,90250,9,2214.48,13.92
,,,,,90250,12,2242.61,13.92
,,,,,90254,3,3881.3,35.25
,,,,,90254,6,3912.83,35.25
,,,,,90254,9,3940.39,35.25
,,,,,90254,12,3986.97,35.25
,,,,,90260,3,2559.5,25.82
,,,,,90260,6,2583.31,25.82
,,,,,90260,9,2604.03,25.82
,,,,,90260,12,2609.25,25.82
,,,,,90262,3,1751.9,5.46
,,,,,90262,6,1782.7,5.46
,,,,,90262,9,1811.35,5.46
,,,,,90262,12,1872.48,5.46
,,,,,90265,3,8843.76,119.77
,,,,,90265,6,8995.7,119.77
,,,,,90265,9,9153.7,119.77
,,,,,90265,12,9275.93,119.77
,,,,,90266,3,5073.54,38.33
,,,,,90266,6,5120.62,38.33
,,,,,90266,9,5179.94,38.33
,,,,,90266,12,5252.03,38.33
,,,,,90272,3,7762.89,144.58
,,,,,90272,6,7833.74,144.58
,,,,,90272,9,7946.21,144.58
,,,,,90272,12,8071.02,144.58
,,,,,90274,3,5579.37,78.39
,,,,,90274,6,5753.26,78.39
,,,,,90274,9,5718.22,78.39
,,,,,90274,12,5972.58,78.39
,,,,,90275,3,4875.58,37.76
,,,,,90275,6,4918.24,37.76
,,,,,90275,9,4923.79,37.76
,,,,,90275,12,4979.26,37.76
,,,,,90277,3,3673.58,20.35
,,,,,90277,6,3702.18,20.35
,,,,,90277,9,3728.24,20.35
,,,,,90277,12,3781.88,20.35
,,,,,90278,3,3475.66,21.5
,,,,,90278,6,3524.53,21.5
,,,,,90278,9,3565.42,21.5
,,,,,90278,12,3589.08,21.5
,,,,,90280,3,1948.47,27.25
,,,,,90280,6,2001.94,27.25
,,,,,90280,9,1916.07,27.25
,,,,,90280,12,1973.57,27.25
,,,,,90290,3,4132.19,9.91
,,,,,90290,6,4132.19,9.91
,,,,,90290,9,4132.19,9.91
,,,,,90290,12,4168.04,9.91
,,,,,90291,3,3729.74,17.32
,,,,,90291,6,3765.81,17.32
,,,,,90291,9,3827.15,17.32
,,,,,90291,12,3826.46,17.32
,,,,,90292,3,3751.95,10.71
,,,,,90292,6,3806.38,10.71
,,,,,90292,9,3823.99,10.71
,,,,,90292,12,3869.5,10.71
,,,,,90293,3,3324.36,19.04
,,,,,90293,6,3356.32,19.04
,,,,,90293,9,3398.42,19.04
,,,,,90293,12,3403.15,19.04
,,,,,90301,3,2637.46,20.18
,,,,,90301,6,2658.67,20.18
,,,,,90301,9,2668.73,20.18
,,,,,90301,12,2694.92,20.18
,,,,,90302,3,2368.92,25.01
,,,,,90302,6,2404.12,25.01
,,,,,90302,9,2421.41,25.01
,,,,,90302,12,2439.36,25.01
,,,,,90303,3,2348.24,40.59
,,,,,90303,6,2355.37,40.59
,,,,,90303,9,2365.39,40.59
,,,,,90303,12,2401.36,40.59
,,,,,90304,3,2735.84,16.48
,,,,,90304,6,2855.16,16.48
,,,,,90304,9,2968.96,16.48
,,,,,90304,12,3183.35,16.48
,,,,,90305,3,2359.34,29.02
,,,,,90305,6,2384.9,29.02
,,,,,90305,9,2385.37,29.02
,,,,,90305,12,2409.9,29.02
,,,,,90401,3,3660.93,26.21
,,,,,90401,6,3637.39,26.21
,,,,,90401,9,3672.75,26.21
,,,,,90401,12,3688.84,26.21
,,,,,90402,3,6531.69,181.84
,,,,,90402,6,6605.81,181.84
,,,,,90402,9,6629.04,181.84
,,,,,90402,12,6710.81,181.84
,,,,,90403,3,3458.82,16.63
,,,,,90403,6,3480.51,16.63
,,,,,90403,9,3508.98,16.63
,,,,,90403,12,3528.89,16.63
,,,,,90404,3,3306.24,13.66
,,,,,90404,6,3319.2,13.66
,,,,,90404,9,3348.94,13.66
,,,,,90404,12,3367.82,13.66
,,,,,90405,3,3321.19,20.41
,,,,,90405,6,3346.26,20.41
,,,,,90405,9,3377.4,20.41
,,,,,90405,12,3397.12,20.41
,,,,,90501,3,2729.73,21.27
,,,,,90501,6,2754.09,21.27
,,,,,90501,9,2775.45,21.27
,,,,,90501,12,2824.48,21.27
,,,,,90502,3,3030.98,33.19
,,,,,90502,6,3054.25,33.19
,,,,,90502,9,3055.73,33.19
,,,,,90502,12,3077.27,33.19
,,,,,90503,3,3053.97,19.03
,,,,,90503,6,3073.87,19.03
,,,,,90503,9,3124.12,19.03
,,,,,90503,12,3135.38,19.03
,,,,,90504,3,2626.88,26.57
,,,,,90504,6,2624.82,26.57
,,,,,90504,9,2667.32,26.57
,,,,,90504,12,2657.38,26.57
,,,,,90505,3,3177.14,32.62
,,,,,90505,6,3211.59,32.62
,,,,,90505,9,3222.58,32.62
,,,,,90505,12,3241.25,32.62
,,,,,90601,3,2259.17,16.02
,,,,,90601,6,2242.19,16.02
,,,,,90601,9,2257.25,16.02
,,,,,90601,12,2282.83,16.02
,,,,,90602,3,1912.96,27.99
,,,,,90602,6,1919.54,27.99
,,,,,90602,9,1909.92,27.99
,,,,,90602,12,1919.07,27.99
,,,,,90605,3,2801.48,13.18
,,,,,90605,6,2769.61,13.18
,,,,,90605,9,2806.26,13.18
,,,,,90605,12,2762.2,13.18
,,,,,90620,3,3241.25,23.4
,,,,,90620,6,3175.5,23.4
,,,,,90620,9,3228.12,23.4
,,,,,90620,12,3304.04,23.4
,,,,,90621,3,2611.98,23.49
,,,,,90621,6,2537.33,23.49
,,,,,90621,9,2598.78,23.49
,,,,,90621,12,2571.45,23.49
,,,,,90630,3,3071.61,16.73
,,,,,90630,6,3114.79,16.73
,,,,,90630,9,3154.22,16.73
,,,,,90630,12,3177.71,16.73
,,,,,90631,3,2770.54,13.92
,,,,,90631,6,2802.09,13.92
,,,,,90631,9,2832.27,13.92
,,,,,90631,12,2855.61,13.92
,,,,,90638,3,3174.96,36.74
,,,,,90638,6,3162.9,36.74
,,,,,90638,9,3192.47,36.74
,,,,,90638,12,3246.96,36.74
,,,,,90640,3,2689.34,32.34
,,,,,90640,6,2640.56,32.34
,,,,,90640,9,2687.24,32.34
,,,,,90640,12,2692.36,32.34
,,,,,90650,3,2720.83,15.26
,,,,,90650,6,2738.24,15.26
,,,,,90650,9,2753.39,15.26
,,,,,90650,12,2778.34,15.26
,,,,,90660,3,2295.25,0
,,,,,90660,6,2295.25,0
,,,,,90660,9,2295.25,0
,,,,,90660,12,2295.25,0
,,,,,90680,3,2784.2,23.31
,,,,,90680,6,2769.53,23.31
,,,,,90680,9,2714.31,23.31
,,,,,90680,12,2754.41,23.31
,,,,,90703,3,3278.97,12.79
,,,,,90703,6,3302.63,12.79
,,,,,90703,9,3332.02,12.79
,,,,,90703,12,3366.3,12.79
,,,,,90706,3,2506.52,15.45
,,,,,90706,6,2522.61,15.45
,,,,,90706,9,2530.33,15.45
,,,,,90706,12,2553.55,15.45
,,,,,90710,3,2643.29,24.24
,,,,,90710,6,2638.13,24.24
,,,,,90710,9,2622.85,24.24
,,,,,90710,12,2650.6,24.24
,,,,,90715,3,2795.06,39.8
,,,,,90715,6,2809.28,39.8
,,,,,90715,9,2750.37,39.8
,,,,,90715,12,2761.05,39.8
,,,,,90717,3,2827.33,13.82
,,,,,90717,6,2824.41,13.82
,,,,,90717,9,2840.78,13.82
,,,,,90717,12,2865.07,13.82
,,,,,90720,3,3148.93,26.15
,,,,,90720,6,3140.07,26.15
,,,,,90720,9,3175.68,26.15
,,,,,90720,12,3192.84,26.15
,,,,,90723,3,2229.42,33.44
,,,,,90723,6,2225.62,33.44
,,,,,90723,9,2229,33.44
,,,,,90723,12,2333.71,33.44
,,,,,90731,3,2617.85,14.72
,,,,,90731,6,2637.05,14.72
,,,,,90731,9,2657.88,14.72
,,,,,90731,12,2687.03,14.72
,,,,,90732,3,2881.54,29.28
,,,,,90732,6,2909,29.28
,,,,,90732,9,2914.39,29.28
,,,,,90732,12,2934.56,29.28
,,,,,90740,3,2763.32,15.55
,,,,,90740,6,2763.76,15.55
,,,,,90740,9,2811.15,15.55
,,,,,90740,12,2837.93,15.55
,,,,,90745,3,3166.25,19.18
,,,,,90745,6,3153.12,19.18
,,,,,90745,9,3158.32,19.18
,,,,,90745,12,3138.11,19.18
,,,,,90802,3,2524.52,8.26
,,,,,90802,6,2542.54,8.26
,,,,,90802,9,2563.04,8.26
,,,,,90802,12,2585.93,8.26
,,,,,90803,3,2543.84,16.65
,,,,,90803,6,2560.71,16.65
,,,,,90803,9,2594.24,16.65
,,,,,90803,12,2616.97,16.65
,,,,,90804,3,2159.22,11.14
,,,,,90804,6,2185.63,11.14
,,,,,90804,9,2213.32,11.14
,,,,,90804,12,2246.74,11.14
,,,,,90805,3,2120.99,10.09
,,,,,90805,6,2138.41,10.09
,,,,,90805,9,2167.63,10.09
,,,,,90805,12,2183.42,10.09
,,,,,90806,3,1954.28,14.95
,,,,,90806,6,1966.52,14.95
,,,,,90806,9,1992.75,14.95
,,,,,90806,12,2005.41,14.95
,,,,,90807,3,2382.74,26.49
,,,,,90807,6,2369.4,26.49
,,,,,90807,9,2406.61,26.49
,,,,,90807,12,2430.16,26.49
,,,,,90808,3,2467.03,25.74
,,,,,90808,6,2486.9,25.74
,,,,,90808,9,2512.46,25.74
,,,,,90808,12,2519.33,25.74
,,,,,90813,3,1874.22,11.33
,,,,,90813,6,1884.95,11.33
,,,,,90813,9,1897.17,11.33
,,,,,90813,12,1913.91,11.33
,,,,,90814,3,2288.09,11.55
,,,,,90814,6,2300.45,11.55
,,,,,90814,9,2323.39,11.55
,,,,,90814,12,2346.89,11.55
,,,,,90815,3,2561.14,30.53
,,,,,90815,6,2578.04,30.53
,,,,,90815,9,2592.08,30.53
,,,,,90815,12,2618,30.53
,,,,,91006,3,3599.55,52.32
,,,,,91006,6,3629.06,52.32
,,,,,91006,9,3703.86,52.32
,,,,,91006,12,3772.01,52.32
,,,,,91007,3,3022.89,21.33
,,,,,91007,6,3057.09,21.33
,,,,,91007,9,3093.31,21.33
,,,,,91007,12,3135.81,21.33
,,,,,91010,3,2915.04,22.69
,,,,,91010,6,2932.69,22.69
,,,,,91010,9,2968.2,22.69
,,,,,91010,12,2992.72,22.69
,,,,,91011,3,5806.48,8.5
,,,,,91011,6,5806.48,8.5
,,,,,91011,9,5806.48,8.5
,,,,,91011,12,5837.24,8.5
,,,,,91016,3,2795.22,17.36
,,,,,91016,6,2817.53,17.36
,,,,,91016,9,2853.69,17.36
,,,,,91016,12,2878.17,17.36
,,,,,91030,3,2614.78,19.61
,,,,,91030,6,2647.99,19.61
,,,,,91030,9,2671.52,19.61
,,,,,91030,12,2672.94,19.61
,,,,,91042,3,2546.79,27.24
,,,,,91042,6,2526.62,27.24
,,,,,91042,9,2560.02,27.24
,,,,,91042,12,2578.85,27.24
,,,,,91101,3,3024.81,10.42
,,,,,91101,6,3049.31,10.42
,,,,,91101,9,3068.7,10.42
,,,,,91101,12,3074.62,10.42
,,,,,91103,3,2981.46,16.87
,,,,,91103,6,2991.39,16.87
,,,,,91103,9,3013.85,16.87
,,,,,91103,12,3032.11,16.87
,,,,,91104,3,2598.22,34.32
,,,,,91104,6,2625.31,34.32
,,,,,91104,9,2663.91,34.32
,,,,,91104,12,2710.33,34.32
,,,,,91105,3,2987.45,19.71
,,,,,91105,6,2989.15,19.71
,,,,,91105,9,3003.57,19.71
,,,,,91105,12,2986.73,19.71
,,,,,91106,3,2909.63,13.09
,,,,,91106,6,2923.9,13.09
,,,,,91106,9,2957.87,13.09
,,,,,91106,12,2985.81,13.09
,,,,,91107,3,2938.68,30.08
,,,,,91107,6,2970.3,30.08
,,,,,91107,9,2991.95,30.08
,,,,,91107,12,3021.78,30.08
,,,,,91201,3,2617.51,18.72
,,,,,91201,6,2669.2,18.72
,,,,,91201,9,2690.43,18.72
,,,,,91201,12,2693.23,18.72
,,,,,91202,3,2918.68,23.55
,,,,,91202,6,2937.77,23.55
,,,,,91202,9,2939.42,23.55
,,,,,91202,12,2970.3,23.55
,,,,,91203,3,3037.02,11.53
,,,,,91203,6,3047.97,11.53
,,,,,91203,9,3071.05,11.53
,,,,,91203,12,3080.65,11.53
,,,,,91204,3,2890.06,14.2
,,,,,91204,6,2902.44,14.2
,,,,,91204,9,2921.46,14.2
,,,,,91204,12,2926.5,14.2
,,,,,91205,3,2353.22,18.12
,,,,,91205,6,2373.1,18.12
,,,,,91205,9,2383.29,18.12
,,,,,91205,12,2413.73,18.12
,,,,,91206,3,2701.28,19.04
,,,,,91206,6,2720.24,19.04
,,,,,91206,9,2765.32,19.04
,,,,,91206,12,2779.56,19.04
,,,,,91208,3,3352.08,41.25
,,,,,91208,6,3390.9,41.25
,,,,,91208,9,3520.56,41.25
,,,,,91208,12,3598.41,41.25
,,,,,91214,3,3705.96,25.04
,,,,,91214,6,3730.45,25.04
,,,,,91214,9,3759.5,25.04
,,,,,91214,12,3832.32,25.04
,,,,,91301,3,3872.08,44
,,,,,91301,6,3920.13,44
,,,,,91301,9,3984.55,44
,,,,,91301,12,4016.89,44
,,,,,91302,3,4176.7,40.97
,,,,,91302,6,4226.17,40.97
,,,,,91302,9,4258.75,40.97
,,,,,91302,12,4282.59,40.97
,,,,,91303,3,2739.38,11.79
,,,,,91303,6,2752.32,11.79
,,,,,91303,9,2770.35,11.79
,,,,,91303,12,2791.17,11.79
,,,,,91304,3,2492.93,19.64
,,,,,91304,6,2524.11,19.64
,,,,,91304,9,2547.57,19.64
,,,,,91304,12,2569.16,19.64
,,,,,91306,3,2827.21,12.73
,,,,,91306,6,2846.62,12.73
,,,,,91306,9,2864.67,12.73
,,,,,91306,12,2886.12,12.73
,,,,,91307,3,3421.41,39.06
,,,,,91307,6,3428.96,39.06
,,,,,91307,9,3464.39,39.06
,,,,,91307,12,3456.76,39.06
,,,,,91311,3,2936.55,29.93
,,,,,91311,6,2952.81,29.93
,,,,,91311,9,2984.15,29.93
,,,,,91311,12,3008.85,29.93
,,,,,91316,3,3269.48,31.67
,,,,,91316,6,3305.85,31.67
,,,,,91316,9,3334.9,31.67
,,,,,91316,12,3363.05,31.67
,,,,,91320,3,3320.53,19.47
,,,,,91320,6,3361.89,19.47
,,,,,91320,9,3399.17,19.47
,,,,,91320,12,3425.91,19.47
,,,,,91321,3,2567.77,17.36
,,,,,91321,6,2579.69,17.36
,,,,,91321,9,2586.6,17.36
,,,,,91321,12,2597.48,17.36
,,,,,91324,3,2850.49,14.9
,,,,,91324,6,2854.44,14.9
,,,,,91324,9,2867.76,14.9
,,,,,91324,12,2877.85,14.9
,,,,,91325,3,2357.02,15.06
,,,,,91325,6,2379.3,15.06
,,,,,91325,9,2395.37,15.06
,,,,,91325,12,2405.91,15.06
,,,,,91326,3,4338.2,24.27
,,,,,91326,6,4372.87,24.27
,,,,,91326,9,4365.49,24.27
,,,,,91326,12,4410.84,24.27
,,,,,91335,3,2740.62,21.52
,,,,,91335,6,2756.9,21.52
,,,,,91335,9,2793.06,21.52
,,,,,91335,12,2811.78,21.52
,,,,,91342,3,2570.75,26.14
,,,,,91342,6,2593.27,26.14
,,,,,91342,9,2620.6,26.14
,,,,,91342,12,2646.41,26.14
,,,,,91343,3,2693.57,25.74
,,,,,91343,6,2733.72,25.74
,,,,,91343,9,2691.73,25.74
,,,,,91343,12,2760.98,25.74
,,,,,91344,3,3423.5,52
,,,,,91344,6,3429.51,52
,,,,,91344,9,3448.27,52
,,,,,91344,12,3488.96,52
,,,,,91350,3,3269.41,34.04
,,,,,91350,6,3304.15,34.04
,,,,,91350,9,3321.43,34.04
,,,,,91350,12,3336.95,34.04
,,,,,91351,3,2717.87,15.11
,,,,,91351,6,2736.8,15.11
,,,,,91351,9,2833.26,15.11
,,,,,91351,12,2850.7,15.11
,,,,,91352,3,2484.93,26.86
,,,,,91352,6,2514.7,26.86
,,,,,91352,9,2568.27,26.86
,,,,,91352,12,2551.74,26.86
,,,,,91354,3,3224.65,11.32
,,,,,91354,6,3268.22,11.32
,,,,,91354,9,3309.5,11.32
,,,,,91354,12,3350.71,11.32
,,,,,91355,3,2849.34,15.32
,,,,,91355,6,2861.44,15.32
,,,,,91355,9,2894.25,15.32
,,,,,91355,12,2919.41,15.32
,,,,,91356,3,3081.24,51.58
,,,,,91356,6,3117.04,51.58
,,,,,91356,9,3158.22,51.58
,,,,,91356,12,3224.05,51.58
,,,,,91360,3,3383.47,26.12
,,,,,91360,6,3408.64,26.12
,,,,,91360,9,3430.38,26.12
,,,,,91360,12,3475.21,26.12
,,,,,91361,3,4328.22,45.79
,,,,,91361,6,4388.33,45.79
,,,,,91361,9,4447.78,45.79
,,,,,91361,12,4495.52,45.79
,,,,,91362,3,3426.39,33.52
,,,,,91362,6,3454.73,33.52
,,,,,91362,9,3482.45,33.52
,,,,,91362,12,3500.9,33.52
,,,,,91364,3,3853.79,37.5
,,,,,91364,6,3889.72,37.5
,,,,,91364,9,3924.65,37.5
,,,,,91364,12,3942.94,37.5
,,,,,91367,3,2918.59,6.03
,,,,,91367,6,2942.17,6.03
,,,,,91367,9,2959.01,6.03
,,,,,91367,12,3003.04,6.03
,,,,,91377,3,3071,20.56
,,,,,91377,6,3099.3,20.56
,,,,,91377,9,3128.29,20.56
,,,,,91377,12,3145.87,20.56
,,,,,91381,3,3287.22,11.7
,,,,,91381,6,3328.58,11.7
,,,,,91381,9,3363.35,11.7
,,,,,91381,12,3363.99,11.7
,,,,,91387,3,2782.37,18.75
,,,,,91387,6,2872.41,18.75
,,,,,91387,9,2874.58,18.75
,,,,,91387,12,2875.31,18.75
,,,,,91401,3,2249.39,13.36
,,,,,91401,6,2265.24,13.36
,,,,,91401,9,2288.5,13.36
,,,,,91401,12,2302.62,13.36
,,,,,91402,3,2160.2,8.33
,,,,,91402,6,2176.73,8.33
,,,,,91402,9,2197.57,8.33
,,,,,91402,12,2213.5,8.33
,,,,,91403,3,2756.36,18.73
,,,,,91403,6,2781.38,18.73
,,,,,91403,9,2797.26,18.73
,,,,,91403,12,2816.55,18.73
,,,,,91405,3,2461.98,14.46
,,,,,91405,6,2476.4,14.46
,,,,,91405,9,2495.02,14.46
,,,,,91405,12,2505.66,14.46
,,,,,91406,3,2283.77,7.29
,,,,,91406,6,2299.6,7.29
,,,,,91406,9,2323.94,7.29
,,,,,91406,12,2336.49,7.29
,,,,,91411,3,2471.18,17.06
,,,,,91411,6,2483.18,17.06
,,,,,91411,9,2505.23,17.06
,,,,,91411,12,2523.63,17.06
,,,,,91423,3,2835.49,21.37
,,,,,91423,6,2857.45,21.37
,,,,,91423,9,2873.66,21.37
,,,,,91423,12,2893.57,21.37
,,,,,91436,3,4049.51,67.6
,,,,,91436,6,4178.06,67.6
,,,,,91436,9,4166.77,67.6
,,,,,91436,12,4239.86,67.6
,,,,,91501,3,2877.52,18.28
,,,,,91501,6,2897.07,18.28
,,,,,91501,9,2936.03,18.28
,,,,,91501,12,2945.76,18.28
,,,,,91502,3,2609.45,22.01
,,,,,91502,6,2597.92,22.01
,,,,,91502,9,2613.16,22.01
,,,,,91502,12,2625.44,22.01
,,,,,91504,3,2975.22,12.73
,,,,,91504,6,2999.53,12.73
,,,,,91504,9,3025.41,12.73
,,,,,91504,12,3040.65,12.73
,,,,,91505,3,2956.54,25.42
,,,,,91505,6,2987.19,25.42
,,,,,91505,9,3003.04,25.42
,,,,,91505,12,3024.14,25.42
,,,,,91506,3,2365.38,26.84
,,,,,91506,6,2417.32,26.84
,,,,,91506,9,2382.83,26.84
,,,,,91506,12,2440.51,26.84
,,,,,91601,3,2681.63,8.07
,,,,,91601,6,2687.91,8.07
,,,,,91601,9,2703.54,8.07
,,,,,91601,12,2732.61,8.07
,,,,,91602,3,2861.42,12.9
,,,,,91602,6,2870.68,12.9
,,,,,91602,9,2884.75,12.9
,,,,,91602,12,2905.54,12.9
,,,,,91604,3,3229.39,26.65
,,,,,91604,6,3248.28,26.65
,,,,,91604,9,3290.15,26.65
,,,,,91604,12,3308.41,26.65
,,,,,91605,3,2320.28,27.44
,,,,,91605,6,2365.81,27.44
,,,,,91605,9,2393.6,27.44
,,,,,91605,12,2420.02,27.44
,,,,,91606,3,2943.67,19.85
,,,,,91606,6,2960.38,19.85
,,,,,91606,9,2981.61,19.85
,,,,,91606,12,2986.68,19.85
,,,,,91607,3,2629.35,19.59
,,,,,91607,6,2662.12,19.59
,,,,,91607,9,2686.95,19.59
,,,,,91607,12,2717.33,19.59
,,,,,91701,3,2975.64,43.77
,,,,,91701,6,2985.47,43.77
,,,,,91701,9,2942.3,43.77
,,,,,91701,12,2926.16,43.77
,,,,,91702,3,2600.76,19.55
,,,,,91702,6,2626.51,19.55
,,,,,91702,9,2657.93,19.55
,,,,,91702,12,2686.69,19.55
,,,,,91706,3,2623.67,28.12
,,,,,91706,6,2664.55,28.12
,,,,,91706,9,2740.75,28.12
,,,,,91706,12,2765.57,28.12
,,,,,91708,3,3323.07,11.21
,,,,,91708,6,3340.7,11.21
,,,,,91708,9,3370.2,11.21
,,,,,91708,12,3389.83,11.21
,,,,,91709,3,3227.99,13.15
,,,,,91709,6,3250.17,13.15
,,,,,91709,9,3267.24,13.15
,,,,,91709,12,3294.13,13.15
,,,,,91710,3,2956.35,23.18
,,,,,91710,6,2973.02,23.18
,,,,,91710,9,3000.98,23.18
,,,,,91710,12,3072.2,23.18
,,,,,91711,3,2946.18,26.18
,,,,,91711,6,2972.17,26.18
,,,,,91711,9,2960.51,26.18
,,,,,91711,12,2984.68,26.18
,,,,,91722,3,2616.75,0
,,,,,91722,6,2616.75,0
,,,,,91722,9,2616.75,0
,,,,,91722,12,2616.75,0
,,,,,91723,3,2403.59,29.91
,,,,,91723,6,2389.01,29.91
,,,,,91723,9,2436.92,29.91
,,,,,91723,12,2429.67,29.91
,,,,,91730,3,2847.93,12.27
,,,,,91730,6,2885.87,12.27
,,,,,91730,9,2921.1,12.27
,,,,,91730,12,2946.84,12.27
,,,,,91737,3,2790.84,32.21
,,,,,91737,6,2794.87,32.21
,,,,,91737,9,2811.85,32.21
,,,,,91737,12,2856.05,32.21
,,,,,91739,3,2885.24,9.4
,,,,,91739,6,2909.43,9.4
,,,,,91739,9,2944.18,9.4
,,,,,91739,12,2961.98,9.4
,,,,,91740,3,2884.88,40.7
,,,,,91740,6,2919.24,40.7
,,,,,91740,9,2926.92,40.7
,,,,,91740,12,2873.29,40.7
,,,,,91745,3,2882.7,20.96
,,,,,91745,6,2916.78,20.96
,,,,,91745,9,2933.02,20.96
,,,,,91745,12,2954.04,20.96
,,,,,91748,3,2446.8,25.45
,,,,,91748,6,2464.84,25.45
,,,,,91748,9,2505.73,25.45
,,,,,91748,12,2528.8,25.45
,,,,,91750,3,2835.94,21.6
,,,,,91750,6,2801.32,21.6
,,,,,91750,9,2839.16,21.6
,,,,,91750,12,2831.82,21.6
,,,,,91752,3,3122.25,29.57
,,,,,91752,6,3104.04,29.57
,,,,,91752,9,3122.49,29.57
,,,,,91752,12,3116.33,29.57
,,,,,91754,3,2230.02,26.58
,,,,,91754,6,2250.45,26.58
,,,,,91754,9,2252.94,26.58
,,,,,91754,12,2275.04,26.58
,,,,,91761,3,2658.1,17.96
,,,,,91761,6,2673.6,17.96
,,,,,91761,9,2685.69,17.96
,,,,,91761,12,2710.74,17.96
,,,,,91762,3,2635.03,11.89
,,,,,91762,6,2642.46,11.89
,,,,,91762,9,2651.56,11.89
,,,,,91762,12,2661.84,11.89
,,,,,91763,3,2607.99,48.5
,,,,,91763,6,2641.59,48.5
,,,,,91763,9,2655.7,48.5
,,,,,91763,12,2639.23,48.5
,,,,,91764,3,2507.82,13.48
,,,,,91764,6,2538.14,13.48
,,,,,91764,9,2561.17,13.48
,,,,,91764,12,2579.87,13.48
,,,,,91765,3,3066.21,23.94
,,,,,91765,6,3091.75,23.94
,,,,,91765,9,3125.05,23.94
,,,,,91765,12,3158.5,23.94
,,,,,91766,3,2529.61,17.28
,,,,,91766,6,2554.73,17.28
,,,,,91766,9,2576.01,17.28
,,,,,91766,12,2591.52,17.28
,,,,,91767,3,2605.93,41.61
,,,,,91767,6,2610.59,41.61
,,,,,91767,9,2614.12,41.61
,,,,,91767,12,2624.61,41.61
,,,,,91768,3,2120.44,0
,,,,,91768,6,2120.44,0
,,,,,91768,9,2120.44,0
,,,,,91768,12,2120.44,0
,,,,,91770,3,2714.69,57.5
,,,,,91770,6,2771.03,57.5
,,,,,91770,9,2832.86,57.5
,,,,,91770,12,2912.6,57.5
,,,,,91773,3,2785.1,34.27
,,,,,91773,6,2805.54,34.27
,,,,,91773,9,2833.74,34.27
,,,,,91773,12,2855.97,34.27
,,,,,91775,3,3212.96,36.45
,,,,,91775,6,3188.71,36.45
,,,,,91775,9,3340.88,36.45
,,,,,91775,12,3352.01,36.45
,,,,,91776,3,2698.23,37.48
,,,,,91776,6,2712.62,37.48
,,,,,91776,9,2763.99,37.48
,,,,,91776,12,2783.81,37.48
,,,,,91780,3,2936.39,31.4
,,,,,91780,6,2977.72,31.4
,,,,,91780,9,2995.04,31.4
,,,,,91780,12,3016.45,31.4
,,,,,91786,3,2322.93,10.24
,,,,,91786,6,2342.09,10.24
,,,,,91786,9,2356.6,10.24
,,,,,91786,12,2374.04,10.24
,,,,,91789,3,3667.25,30.81
,,,,,91789,6,3701.61,30.81
,,,,,91789,9,3658.88,30.81
,,,,,91789,12,3726.52,30.81
,,,,,91790,3,2628.9,18
,,,,,91790,6,2656.98,18
,,,,,91790,9,2668.04,18
,,,,,91790,12,2687.22,18
,,,,,91791,3,2524.13,22.71
,,,,,91791,6,2560.59,22.71
,,,,,91791,9,2590.07,22.71
,,,,,91791,12,2550.68,22.71
,,,,,91792,3,2318.41,26.87
,,,,,91792,6,2303.46,26.87
,,,,,91792,9,2302.31,26.87
,,,,,91792,12,2323,26.87
,,,,,91801,3,2649.36,15.49
,,,,,91801,6,2675.03,15.49
,,,,,91801,9,2692.59,15.49
,,,,,91801,12,2702.4,15.49
,,,,,91803,3,2450.74,15.8
,,,,,91803,6,2488.83,15.8
,,,,,91803,9,2502.35,15.8
,,,,,91803,12,2510.73,15.8
,,,,,91901,3,2305.23,24.19
,,,,,91901,6,2339.12,24.19
,,,,,91901,9,2380.05,24.19
,,,,,91901,12,2377.39,24.19
,,,,,91910,3,2577.5,13.43
,,,,,91910,6,2616.48,13.43
,,,,,91910,9,2639.42,13.43
,,,,,91910,12,2662.6,13.43
,,,,,91911,3,2851.97,14.85
,,,,,91911,6,2875.77,14.85
,,,,,91911,9,2915.47,14.85
,,,,,91911,12,2933.31,14.85
,,,,,91913,3,3220.29,14.79
,,,,,91913,6,3258.35,14.79
,,,,,91913,9,3303.21,14.79
,,,,,91913,12,3339.09,14.79
,,,,,91915,3,3441.09,20.47
,,,,,91915,6,3518.24,20.47
,,,,,91915,9,3583.89,20.47
,,,,,91915,12,3614.44,20.47
,,,,,91932,3,2858.69,17.15
,,,,,91932,6,2848.85,17.15
,,,,,91932,9,2863.06,17.15
,,,,,91932,12,2900.76,17.15
,,,,,91941,3,2636.71,19.59
,,,,,91941,6,2662.45,19.59
,,,,,91941,9,2695.14,19.59
,,,,,91941,12,2717.93,19.59
,,,,,91942,3,2684.19,15.28
,,,,,91942,6,2722.07,15.28
,,,,,91942,9,2761.48,15.28
,,,,,91942,12,2785.9,15.28
,,,,,91945,3,2753.55,23.6
,,,,,91945,6,2851.36,23.6
,,,,,91945,9,2881.4,23.6
,,,,,91945,12,2868.72,23.6
,,,,,91950,3,2514.56,27.59
,,,,,91950,6,2551.03,27.59
,,,,,91950,9,2564.8,27.59
,,,,,91950,12,2606.28,27.59
,,,,,91977,3,2441.34,21.5
,,,,,91977,6,2518.2,21.5
,,,,,91977,9,2515.32,21.5
,,,,,91977,12,2551.03,21.5
,,,,,92007,3,4260.37,47.05
,,,,,92007,6,4335.33,47.05
,,,,,92007,9,4389.69,47.05
,,,,,92007,12,4384.12,47.05
,,,,,92008,3,3107.92,15.42
,,,,,92008,6,3162.98,15.42
,,,,,92008,9,3212.93,15.42
,,,,,92008,12,3238.6,15.42
,,,,,92009,3,3561.28,19.43
,,,,,92009,6,3606.4,19.43
,,,,,92009,9,3643.79,19.43
,,,,,92009,12,3680.22,19.43
,,,,,92010,3,3523.12,29.3
,,,,,92010,6,3607.06,29.3
,,,,,92010,9,3633.76,29.3
,,,,,92010,12,3624.29,29.3
,,,,,92011,3,4064.14,19.61
,,,,,92011,6,4127.86,19.61
,,,,,92011,9,4177.39,19.61
,,,,,92011,12,4214.35,19.61
,,,,,92014,3,5384.35,54.41
,,,,,92014,6,5471.68,54.41
,,,,,92014,9,5506.42,54.41
,,,,,92014,12,5564.99,54.41
,,,,,92019,3,2733.01,20.69
,,,,,92019,6,2748.3,20.69
,,,,,92019,9,2767.6,20.69
,,,,,92019,12,2768.12,20.69
,,,,,92020,3,2186.14,16.28
,,,,,92020,6,2205.3,16.28
,,,,,92020,9,2221.44,16.28
,,,,,92020,12,2244.97,16.28
,,,,,92021,3,2212.98,13.79
,,,,,92021,6,2245.63,13.79
,,,,,92021,9,2257.83,13.79
,,,,,92021,12,2270.12,13.79
,,,,,92024,3,4065.7,21.29
,,,,,92024,6,4147.68,21.29
,,,,,92024,9,4211.67,21.29
,,,,,92024,12,4255.71,21.29
,,,,,92025,3,2467.56,21.7
,,,,,92025,6,2520.92,21.7
,,,,,92025,9,2560.61,21.7
,,,,,92025,12,2555.08,21.7
,,,,,92026,3,2738.79,19.98
,,,,,92026,6,2759.38,19.98
,,,,,92026,9,2766.82,19.98
,,,,,92026,12,2776.14,19.98
,,,,,92027,3,2934.8,30.25
,,,,,92027,6,3018.63,30.25
,,,,,92027,9,3022.64,30.25
,,,,,92027,12,3044.87,30.25
,,,,,92028,3,2807.28,23.61
,,,,,92028,6,2863.94,23.61
,,,,,92028,9,2914.19,23.61
,,,,,92028,12,2939.88,23.61
,,,,,92029,3,2715.17,23.64
,,,,,92029,6,2745.31,23.64
,,,,,92029,9,2762.19,23.64
,,,,,92029,12,2766.83,23.64
,,,,,92037,3,4049.62,26.95
,,,,,92037,6,4094.03,26.95
,,,,,92037,9,4147.18,26.95
,,,,,92037,12,4181.84,26.95
,,,,,92040,3,2333.28,21.22
,,,,,92040,6,2343.45,21.22
,,,,,92040,9,2364.46,21.22
,,,,,92040,12,2371.52,21.22
,,,,,92054,3,2971.95,6.22
,,,,,92054,6,3018.38,6.22
,,,,,92054,9,3045.35,6.22
,,,,,92054,12,3084.96,6.22
,,,,,92056,3,2859.34,18.17
,,,,,92056,6,2883.12,18.17
,,,,,92056,9,2916.19,18.17
,,,,,92056,12,2950.99,18.17
,,,,,92057,3,2960.71,12.71
,,,,,92057,6,2988.34,12.71
,,,,,92057,9,3014.46,12.71
,,,,,92057,12,3042.97,12.71
,,,,,92058,3,2776.78,21.57
,,,,,92058,6,2821.02,21.57
,,,,,92058,9,2863.32,21.57
,,,,,92058,12,2890.99,21.57
,,,,,92064,3,2932.33,20.69
,,,,,92064,6,2949.3,20.69
,,,,,92064,9,2958.34,20.69
,,,,,92064,12,2956.02,20.69
,,,,,92065,3,2659.56,47.25
,,,,,92065,6,2631.77,47.25
,,,,,92065,9,2658.94,47.25
,,,,,92065,12,2718.97,47.25
,,,,,92069,3,3181.07,12.84
,,,,,92069,6,3212.18,12.84
,,,,,92069,9,3252.53,12.84
,,,,,92069,12,3280.84,12.84
,,,,,92071,3,2657.83,17.24
,,,,,92071,6,2665.05,17.24
,,,,,92071,9,2685.09,17.24
,,,,,92071,12,2693.8,17.24
,,,,,92075,3,5357,82.08
,,,,,92075,6,5402.92,82.08
,,,,,92075,9,5498.07,82.08
,,,,,92075,12,5566.5,82.08
,,,,,92078,3,3567.47,28.43
,,,,,92078,6,3569.68,28.43
,,,,,92078,9,3631.06,28.43
,,,,,92078,12,3647.27,28.43
,,,,,92081,3,2781.57,21.94
,,,,,92081,6,2835.76,21.94
,,,,,92081,9,2883.36,21.94
,,,,,92081,12,2895.06,21.94
,,,,,92083,3,2695.54,19.58
,,,,,92083,6,2722.19,19.58
,,,,,92083,9,2742.41,19.58
,,,,,92083,12,2757.48,19.58
,,,,,92084,3,2640.89,24.61
,,,,,92084,6,2666.63,24.61
,,,,,92084,9,2692.04,24.61
,,,,,92084,12,2730.77,24.61
,,,,,92101,3,2902.92,6.29
,,,,,92101,6,2918.17,6.29
,,,,,92101,9,2948.45,6.29
,,,,,92101,12,2978.03,6.29
,,,,,92102,3,2280.25,11.11
,,,,,92102,6,2310.54,11.11
,,,,,92102,9,2345.21,11.11
,,,,,92102,12,2365.13,11.11
,,,,,92103,3,2856.27,9.88
,,,,,92103,6,2870.45,9.88
,,,,,92103,9,2906.58,9.88
,,,,,92103,12,2931.88,9.88
,,,,,92104,3,2582.31,9.31
,,,,,92104,6,2603.33,9.31
,,,,,92104,9,2626.14,9.31
,,,,,92104,12,2645.49,9.31
,,,,,92105,3,2127.07,5.14
,,,,,92105,6,2147.16,5.14
,,,,,92105,9,2161.9,5.14
,,,,,92105,12,2176.55,5.14
,,,,,92106,3,2737.82,16.79
,,,,,92106,6,2759.37,16.79
,,,,,92106,9,2778.31,16.79
,,,,,92106,12,2791.94,16.79
,,,,,92107,3,2904.54,14.7
,,,,,92107,6,2939.92,14.7
,,,,,92107,9,2974.53,14.7
,,,,,92107,12,2997.67,14.7
,,,,,92108,3,3203.21,9.63
,,,,,92108,6,3253.54,9.63
,,,,,92108,9,3297.18,9.63
,,,,,92108,12,3327.1,9.63
,,,,,92109,3,3229.93,9.29
,,,,,92109,6,3255.55,9.29
,,,,,92109,9,3291.91,9.29
,,,,,92109,12,3329.74,9.29
,,,,,92110,3,3071.65,14.24
,,,,,92110,6,3119.04,14.24
,,,,,92110,9,3154.12,14.24
,,,,,92110,12,3178.21,14.24
,,,,,92111,3,3120.26,26.83
,,,,,92111,6,3147.39,26.83
,,,,,92111,9,3184.16,26.83
,,,,,92111,12,3210.67,26.83
,,,,,92113,3,2192.96,14.36
,,,,,92113,6,2216.34,14.36
,,,,,92113,9,2236.63,14.36
,,,,,92113,12,2257.65,14.36
,,,,,92114,3,2880.82,50.3
,,,,,92114,6,2884.09,50.3
,,,,,92114,9,2888.69,50.3
,,,,,92114,12,2966.3,50.3
,,,,,92115,3,3504.66,20.08
,,,,,92115,6,3550.71,20.08
,,,,,92115,9,3603.45,20.08
,,,,,92115,12,3637.57,20.08
,,,,,92116,3,2503.74,4.21
,,,,,92116,6,2532.51,4.21
,,,,,92116,9,2565.14,4.21
,,,,,92116,12,2600.66,4.21
,,,,,92117,3,2758.09,12.95
,,,,,92117,6,2789.48,12.95
,,,,,92117,9,2809.57,12.95
,,,,,92117,12,2843.94,12.95
,,,,,92118,3,4357,60.68
,,,,,92118,6,4430.33,60.68
,,,,,92118,9,4471.71,60.68
,,,,,92118,12,4508.19,60.68
,,,,,92119,3,2581.79,18.5
,,,,,92119,6,2589.58,18.5
,,,,,92119,9,2603.29,18.5
,,,,,92119,12,2625.51,18.5
,,,,,92120,3,2935.1,16.49
,,,,,92120,6,2973.99,16.49
,,,,,92120,9,3008.38,16.49
,,,,,92120,12,3033.3,16.49
,,,,,92122,3,3366.17,21.62
,,,,,92122,6,3404,21.62
,,,,,92122,9,3459.02,21.62
,,,,,92122,12,3498.85,21.62
,,,,,92123,3,3117.35,10.93
,,,,,92123,6,3150.21,10.93
,,,,,92123,9,3182.34,10.93
,,,,,92123,12,3202.63,10.93
,,,,,92124,3,3143.23,20.9
,,,,,92124,6,3167.01,20.9
,,,,,92124,9,3194.63,20.9
,,,,,92124,12,3207.6,20.9
,,,,,92126,3,3016.42,8.59
,,,,,92126,6,3062.38,8.59
,,,,,92126,9,3095.72,8.59
,,,,,92126,12,3123.88,8.59
,,,,,92127,3,3607.3,18.92
,,,,,92127,6,3626.09,18.92
,,,,,92127,9,3662.38,18.92
,,,,,92127,12,3692.44,18.92
,,,,,92128,3,3056.35,10.24
,,,,,92128,6,3093.32,10.24
,,,,,92128,9,3129.38,10.24
,,,,,92128,12,3158.81,10.24
,,,,,92129,3,3559.47,13.06
,,,,,92129,6,3578.96,13.06
,,,,,92129,9,3625.52,13.06
,,,,,92129,12,3678.3,13.06
,,,,,92130,3,4150.42,11.35
,,,,,92130,6,4182.82,11.35
,,,,,92130,9,4235.43,11.35
,,,,,92130,12,4268.99,11.35
,,,,,92131,3,3544.48,8.75
,,,,,92131,6,3576.26,8.75
,,,,,92131,9,3617.39,8.75
,,,,,92131,12,3655.16,8.75
,,,,,92139,3,3072.11,13.13
,,,,,92139,6,3108.57,13.13
,,,,,92139,9,3088.19,13.13
,,,,,92139,12,3145.65,13.13
,,,,,92154,3,2949.37,19.73
,,,,,92154,6,3000.68,19.73
,,,,,92154,9,3043.71,19.73
,,,,,92154,12,3065.39,19.73
,,,,,92173,3,2726.79,35.8
,,,,,92173,6,2726.45,35.8
,,,,,92173,9,2821.73,35.8
,,,,,92173,12,2832.84,35.8
,,,,,92201,3,2292.3,28.16
,,,,,92201,6,2360.39,28.16
,,,,,92201,9,2357.51,28.16
,,,,,92201,12,2380.29,28.16
,,,,,92203,3,2957.18,40.98
,,,,,92203,6,3074.92,40.98
,,,,,92203,9,3126.74,40.98
,,,,,92203,12,3149.73,40.98
,,,,,92211,3,2549.04,28.21
,,,,,92211,6,2555.67,28.21
,,,,,92211,9,2563.42,28.21
,,,,,92211,12,2565.88,28.21
,,,,,92223,3,2749.99,32.09
,,,,,92223,6,2762.85,32.09
,,,,,92223,9,2789.08,32.09
,,,,,92223,12,2816.1,32.09
,,,,,92234,3,2393.3,14.55
,,,,,92234,6,2423.78,14.55
,,,,,92234,9,2439.46,14.55
,,,,,92234,12,2454.28,14.55
,,,,,92240,3,2032.65,10.31
,,,,,92240,6,2078.38,10.31
,,,,,92240,9,2047.04,10.31
,,,,,92240,12,2069.84,10.31
,,,,,92252,3,1605.79,33.94
,,,,,92252,6,1631.74,33.94
,,,,,92252,9,1650.04,33.94
,,,,,92252,12,1690.44,33.94
,,,,,92253,3,3240.21,43.6
,,,,,92253,6,3212.53,43.6
,,,,,92253,9,3245.15,43.6
,,,,,92253,12,3313.57,43.6
,,,,,92260,3,2493.05,17.69
,,,,,92260,6,2516.81,17.69
,,,,,92260,9,2561.47,17.69
,,,,,92260,12,2583.02,17.69
,,,,,92262,3,2065.75,22.26
,,,,,92262,6,2085.03,22.26
,,,,,92262,9,2104.86,22.26
,,,,,92262,12,2134.31,22.26
,,,,,92264,3,2054.79,18.05
,,,,,92264,6,2078.36,18.05
,,,,,92264,9,2081.83,18.05
,,,,,92264,12,2128.32,18.05
,,,,,92270,3,4079.27,39.76
,,,,,92270,6,4251.45,39.76
,,,,,92270,9,4218.38,39.76
,,,,,92270,12,4293.16,39.76
,,,,,92277,3,1365.89,16.01
,,,,,92277,6,1389.4,16.01
,,,,,92277,9,1392.91,16.01
,,,,,92277,12,1399.96,16.01
,,,,,92284,3,1788.2,18.99
,,,,,92284,6,1816.52,18.99
,,,,,92284,9,1831.42,18.99
,,,,,92284,12,1832.92,18.99
,,,,,92301,3,1853.98,23.62
,,,,,92301,6,1875.88,23.62
,,,,,92301,9,1858.35,23.62
,,,,,92301,12,1871.39,23.62
,,,,,92307,3,1689.67,15.14
,,,,,92307,6,1701.45,15.14
,,,,,92307,9,1688.99,15.14
,,,,,92307,12,1720.92,15.14
,,,,,92308,3,1929.88,13.92
,,,,,92308,6,1936.83,13.92
,,,,,92308,9,1958.86,13.92
,,,,,92308,12,1967.56,13.92
,,,,,92311,3,1317.31,16.58
,,,,,92311,6,1330.96,16.58
,,,,,92311,9,1337.19,16.58
,,,,,92311,12,1367.31,16.58
,,,,,92313,3,2114.42,20.26
,,,,,92313,6,2152.55,20.26
,,,,,92313,9,2149.44,20.26
,,,,,92313,12,2147.15,20.26
,,,,,92324,3,1848.68,12.19
,,,,,92324,6,1859.64,12.19
,,,,,92324,9,1877.75,12.19
,,,,,92324,12,1885.71,12.19
,,,,,92325,3,1820.8,5
,,,,,92325,6,1820.8,5
,,,,,92325,9,1808.66,5
,,,,,92325,12,1812.82,5
,,,,,92335,3,2374.56,13.89
,,,,,92335,6,2381.74,13.89
,,,,,92335,9,2393.38,13.89
,,,,,92335,12,2401.09,13.89
,,,,,92336,3,3169.11,14.89
,,,,,92336,6,3172.1,14.89
,,,,,92336,9,3188.35,14.89
,,,,,92336,12,3195.56,14.89
,,,,,92345,3,2034.92,9.9
,,,,,92345,6,2049.86,9.9
,,,,,92345,9,2074.42,9.9
,,,,,92345,12,2096.46,9.9
,,,,,92346,3,2209.46,24.9
,,,,,92346,6,2219.57,24.9
,,,,,92346,9,2240.25,24.9
,,,,,92346,12,2260.66,24.9
,,,,,92354,3,2434.57,20.43
,,,,,92354,6,2444.58,20.43
,,,,,92354,9,2465.33,20.43
,,,,,92354,12,2468.43,20.43
,,,,,92373,3,2301.4,16.68
,,,,,92373,6,2326.15,16.68
,,,,,92373,9,2353.15,16.68
,,,,,92373,12,2372.46,16.68
,,,,,92374,3,2479.03,7.52
,,,,,92374,6,2501.83,7.52
,,,,,92374,9,2527.62,7.52
,,,,,92374,12,2550.89,7.52
,,,,,92376,3,2630.76,16.54
,,,,,92376,6,2624.03,16.54
,,,,,92376,9,2599.44,16.54
,,,,,92376,12,2598.33,16.54
,,,,,92392,3,2212.05,8.02
,,,,,92392,6,2238.17,8.02
,,,,,92392,9,2232.79,8.02
,,,,,92392,12,2233.91,8.02
,,,,,92394,3,2277.63,22.04
,,,,,92394,6,2303.32,22.04
,,,,,92394,9,2324.05,22.04
,,,,,92394,12,2343.9,22.04
,,,,,92395,3,1923.86,11.7
,,,,,92395,6,1951.76,11.7
,,,,,92395,9,1986.77,11.7
,,,,,92395,12,2008.68,11.7
,,,,,92399,3,1966.04,26.17
,,,,,92399,6,1977.13,26.17
,,,,,92399,9,1974.87,26.17
,,,,,92399,12,2005.89,26.17
,,,,,92404,3,1772.65,15.57
,,,,,92404,6,1797.94,15.57
,,,,,92404,9,1833.81,15.57
,,,,,92404,12,1828.65,15.57
,,,,,92405,3,1798.86,20.4
,,,,,92405,6,1804.55,20.4
,,,,,92405,9,1855.22,20.4
,,,,,92405,12,1853.36,20.4
,,,,,92407,3,2202.71,12.48
,,,,,92407,6,2241.93,12.48
,,,,,92407,9,2282.2,12.48
,,,,,92407,12,2298.29,12.48
,,,,,92410,3,1748.43,32.46
,,,,,92410,6,1744.32,32.46
,,,,,92410,9,1745.18,32.46
,,,,,92410,12,1782.25,32.46
,,,,,92501,3,2275.25,18.62
,,,,,92501,6,2311.09,18.62
,,,,,92501,9,2314.42,18.62
,,,,,92501,12,2342.99,18.62
,,,,,92503,3,2300.32,9.56
,,,,,92503,6,2334.6,9.56
,,,,,92503,9,2359.21,9.56
,,,,,92503,12,2381.46,9.56
,,,,,92504,3,2471.56,19.83
,,,,,92504,6,2494.36,19.83
,,,,,92504,9,2536.12,19.83
,,,,,92504,12,2547.08,19.83
,,,,,92505,3,2319.07,8.74
,,,,,92505,6,2317.48,8.74
,,,,,92505,9,2334.89,8.74
,,,,,92505,12,2340.57,8.74
,,,,,92506,3,2806.86,25.6
,,,,,92506,6,2832.76,25.6
,,,,,92506,9,2853.7,25.6
,,,,,92506,12,2879.12,25.6
,,,,,92507,3,2271.63,9.27
,,,,,92507,6,2302.53,9.27
,,,,,92507,9,2331.91,9.27
,,,,,92507,12,2361.61,9.27
,,,,,92508,3,2612.32,14.77
,,,,,92508,6,2628.66,14.77
,,,,,92508,9,2662.47,14.77
,,,,,92508,12,2684.74,14.77
,,,,,92509,3,2542.04,29
,,,,,92509,6,2532.52,29
,,,,,92509,9,2545.07,29
,,,,,92509,12,2583.69,29
,,,,,92530,3,2255.88,21.75
,,,,,92530,6,2265.67,21.75
,,,,,92530,9,2282.2,21.75
,,,,,92530,12,2285.62,21.75
,,,,,92532,3,2772.56,28.31
,,,,,92532,6,2840.78,28.31
,,,,,92532,9,2860.03,28.31
,,,,,92532,12,2885.11,28.31
,,,,,92543,3,1727.73,15.24
,,,,,92543,6,1690.71,15.24
,,,,,92543,9,1697.04,15.24
,,,,,92543,12,1702.32,15.24
,,,,,92544,3,2084,12.05
,,,,,92544,6,2088.8,12.05
,,,,,92544,9,2072.86,12.05
,,,,,92544,12,2091.07,12.05
,,,,,92545,3,1885.84,14.2
,,,,,92545,6,1887.88,14.2
,,,,,92545,9,1893.17,14.2
,,,,,92545,12,1899.33,14.2
,,,,,92551,3,2409.48,26.97
,,,,,92551,6,2408.68,26.97
,,,,,92551,9,2427,26.97
,,,,,92551,12,2446.41,26.97
,,,,,92553,3,2337.94,13.95
,,,,,92553,6,2371.43,13.95
,,,,,92553,9,2403.73,13.95
,,,,,92553,12,2428.54,13.95
,,,,,92555,3,2550.4,14.91
,,,,,92555,6,2559.38,14.91
,,,,,92555,9,2566.48,14.91
,,,,,92555,12,2560.34,14.91
,,,,,92557,3,2577.67,24.99
,,,,,92557,6,2594.17,24.99
,,,,,92557,9,2574.24,24.99
,,,,,92557,12,2587.72,24.99
,,,,,92562,3,2597.98,11.49
,,,,,92562,6,2617.79,11.49
,,,,,92562,9,2643.65,11.49
,,,,,92562,12,2680.36,11.49
,,,,,92563,3,2762.22,11.78
,,,,,92563,6,2769.24,11.78
,,,,,92563,9,2795.41,11.78
,,,,,92563,12,2819.5,11.78
,,,,,92571,3,2779.93,23.21
,,,,,92571,6,2810.81,23.21
,,,,,92571,9,2807.25,23.21
,,,,,92571,12,2828.28,23.21
,,,,,92583,3,2215.74,7.16
,,,,,92583,6,2216.66,7.16
,,,,,92583,9,2225.01,7.16
,,,,,92583,12,2266,7.16
,,,,,92584,3,3114.58,23.47
,,,,,92584,6,3138.32,23.47
,,,,,92584,9,3169.42,23.47
,,,,,92584,12,3168.17,23.47
,,,,,92585,3,2640.38,46.24
,,,,,92585,6,2630.27,46.24
,,,,,92585,9,2651.39,46.24
,,,,,92585,12,2700.49,46.24
,,,,,92586,3,2174.5,19.81
,,,,,92586,6,2180.39,19.81
,,,,,92586,9,2187.82,19.81
,,,,,92586,12,2214.19,19.81
,,,,,92587,3,2895.19,14.72
,,,,,92587,6,2895.19,14.72
,,,,,92587,9,2895.19,14.72
,,,,,92587,12,2841.93,14.72
,,,,,92590,3,2632.21,58.45
,,,,,92590,6,2699.63,58.45
,,,,,92590,9,2637.8,58.45
,,,,,92590,12,2651.64,58.45
,,,,,92591,3,2729.31,12.89
,,,,,92591,6,2757.79,12.89
,,,,,92591,9,2794.86,12.89
,,,,,92591,12,2827.91,12.89
,,,,,92592,3,3258.44,12.56
,,,,,92592,6,3293.53,12.56
,,,,,92592,9,3332.39,12.56
,,,,,92592,12,3376.66,12.56
,,,,,92595,3,58783.85,35.49
,,,,,92595,6,45592.82,35.49
,,,,,92595,9,69113.93,35.49
,,,,,92595,12,53334.04,35.49
,,,,,92596,3,3099.57,33.27
,,,,,92596,6,3118.08,33.27
,,,,,92596,9,3107.87,33.27
,,,,,92596,12,3090.79,33.27
,,,,,92602,3,3517.64,13.13
,,,,,92602,6,3551.61,13.13
,,,,,92602,9,3624.17,13.13
,,,,,92602,12,3649.07,13.13
,,,,,92603,3,4513.78,24.97
,,,,,92603,6,4560.95,24.97
,,,,,92603,9,4612.29,24.97
,,,,,92603,12,4663.75,24.97
,,,,,92604,3,3697.35,24.82
,,,,,92604,6,3764.88,24.82
,,,,,92604,9,3821.64,24.82
,,,,,92604,12,3848.52,24.82
,,,,,92606,3,3497.43,15.09
,,,,,92606,6,3551.39,15.09
,,,,,92606,9,3607.29,15.09
,,,,,92606,12,3643.88,15.09
,,,,,92610,3,3044.97,21.81
,,,,,92610,6,3028,21.81
,,,,,92610,9,3072.83,21.81
,,,,,92610,12,3081.03,21.81
,,,,,92612,3,3457.01,13.54
,,,,,92612,6,3503.95,13.54
,,,,,92612,9,3542.92,13.54
,,,,,92612,12,3573.83,13.54
,,,,,92614,3,3374.17,4.05
,,,,,92614,6,3399.36,4.05
,,,,,92614,9,3429.19,4.05
,,,,,92614,12,3459.58,4.05
,,,,,92618,3,3632.31,16.85
,,,,,92618,6,3656.43,16.85
,,,,,92618,9,3692.2,16.85
,,,,,92618,12,3735.47,16.85
,,,,,92620,3,3858.04,15.61
,,,,,92620,6,3871.55,15.61
,,,,,92620,9,3897.95,15.61
,,,,,92620,12,3929.59,15.61
,,,,,92624,3,4698.32,72.41
,,,,,92624,6,5021.2,72.41
,,,,,92624,9,5212.64,72.41
,,,,,92624,12,5616.69,72.41
,,,,,92625,3,7687.51,150.72
,,,,,92625,6,7821.55,150.72
,,,,,92625,9,8058.06,150.72
,,,,,92625,12,8131.01,150.72
,,,,,92626,3,3039.18,17.88
,,,,,92626,6,3079.34,17.88
,,,,,92626,9,3110.85,17.88
,,,,,92626,12,3121.42,17.88
,,,,,92627,3,3240.36,17.64
,,,,,92627,6,3267.91,17.64
,,,,,92627,9,3314.48,17.64
,,,,,92627,12,3366.43,17.64
,,,,,92629,3,3854.1,28.12
,,,,,92629,6,3928.65,28.12
,,,,,92629,9,3970.81,28.12
,,,,,92629,12,4015.64,28.12
,,,,,92630,3,3089.93,3.84
,,,,,92630,6,3116.22,3.84
,,,,,92630,9,3158.94,3.84
,,,,,92630,12,3190.87,3.84
,,,,,92637,3,3021.45,33.07
,,,,,92637,6,2962.45,33.07
,,,,,92637,9,3037.4,33.07
,,,,,92637,12,3068.49,33.07
,,,,,92646,3,3354.12,22.47
,,,,,92646,6,3387.1,22.47
,,,,,92646,9,3445.55,22.47
,,,,,92646,12,3442.2,22.47
,,,,,92647,3,2831.61,11.06
,,,,,92647,6,2863.11,11.06
,,,,,92647,9,2881.04,11.06
,,,,,92647,12,2902,11.06
,,,,,92648,3,3255.85,18.11
,,,,,92648,6,3307.26,18.11
,,,,,92648,9,3327.29,18.11
,,,,,92648,12,3366.8,18.11
,,,,,92649,3,2860.9,21.65
,,,,,92649,6,2875.87,21.65
,,,,,92649,9,2904.47,21.65
,,,,,92649,12,2950.95,21.65
,,,,,92651,3,4586.35,51.63
,,,,,92651,6,4666.62,51.63
,,,,,92651,9,4718.94,51.63
,,,,,92651,12,4745.58,51.63
,,,,,92653,3,2930.37,14.88
,,,,,92653,6,2944.61,14.88
,,,,,92653,9,2947.03,14.88
,,,,,92653,12,2954.43,14.88
,,,,,92656,3,3547.17,11.31
,,,,,92656,6,3600.75,11.31
,,,,,92656,9,3650.3,11.31
,,,,,92656,12,3675.25,11.31
,,,,,92657,3,7501.11,74.05
,,,,,92657,6,7553.22,74.05
,,,,,92657,9,7573.13,74.05
,,,,,92657,12,7548.49,74.05
,,,,,92660,3,4003.76,22.71
,,,,,92660,6,4068.33,22.71
,,,,,92660,9,4116.96,22.71
,,,,,92660,12,4166.53,22.71
,,,,,92663,3,2802.54,22.04
,,,,,92663,6,2850.36,22.04
,,,,,92663,9,2879.76,22.04
,,,,,92663,12,2910.86,22.04
,,,,,92672,3,3214.92,16.45
,,,,,92672,6,3258.16,16.45
,,,,,92672,9,3296.84,16.45
,,,,,92672,12,3332.03,16.45
,,,,,92673,3,3584.14,39.03
,,,,,92673,6,3583.92,39.03
,,,,,92673,9,3602.44,39.03
,,,,,92673,12,3615.75,39.03
,,,,,92675,3,3635.32,36.82
,,,,,92675,6,3655.65,36.82
,,,,,92675,9,3672.08,36.82
,,,,,92675,12,3686.36,36.82
,,,,,92677,3,3164.85,12.36
,,,,,92677,6,3210.53,12.36
,,,,,92677,9,3253.92,12.36
,,,,,92677,12,3283.51,12.36
,,,,,92683,3,2698.89,21.19
,,,,,92683,6,2720.45,21.19
,,,,,92683,9,2743.08,21.19
,,,,,92683,12,2768.59,21.19
,,,,,92688,3,2805.47,11.88
,,,,,92688,6,2836.52,11.88
,,,,,92688,9,2860.39,11.88
,,,,,92688,12,2895.26,11.88
,,,,,92691,3,3096.01,14.48
,,,,,92691,6,3093.95,14.48
,,,,,92691,9,3110.25,14.48
,,,,,92691,12,3135.73,14.48
,,,,,92692,3,3455.71,12.32
,,,,,92692,6,3500.1,12.32
,,,,,92692,9,3532.62,12.32
,,,,,92692,12,3550.29,12.32
,,,,,92694,3,3673.75,14.39
,,,,,92694,6,3710.19,14.39
,,,,,92694,9,3732.16,14.39
,,,,,92694,12,3754.59,14.39
,,,,,92701,3,2468.43,32.11
,,,,,92701,6,2498.88,32.11
,,,,,92701,9,2532.66,32.11
,,,,,92701,12,2531.71,32.11
,,,,,92704,3,2676.84,24.52
,,,,,92704,6,2683.58,24.52
,,,,,92704,9,2697.76,24.52
,,,,,92704,12,2710.03,24.52
,,,,,92705,3,3017.95,65.66
,,,,,92705,6,3018.58,65.66
,,,,,92705,9,3077.62,65.66
,,,,,92705,12,3061.56,65.66
,,,,,92706,3,2726.63,15.25
,,,,,92706,6,2729.67,15.25
,,,,,92706,9,2745.22,15.25
,,,,,92706,12,2787.02,15.25
,,,,,92707,3,2750.63,19.09
,,,,,92707,6,2766.62,19.09
,,,,,92707,9,2766.33,19.09
,,,,,92707,12,2758.61,19.09
,,,,,92708,3,3065.81,19.06
,,,,,92708,6,3090.56,19.06
,,,,,92708,9,3122.77,19.06
,,,,,92708,12,3147.07,19.06
,,,,,92780,3,2827.19,13.15
,,,,,92780,6,2865.79,13.15
,,,,,92780,9,2906.17,13.15
,,,,,92780,12,2923.87,13.15
,,,,,92782,3,3498.72,16.17
,,,,,92782,6,3548.13,16.17
,,,,,92782,9,3585.88,16.17
,,,,,92782,12,3628.79,16.17
,,,,,92801,3,2682.49,26.27
,,,,,92801,6,2733.02,26.27
,,,,,92801,9,2766.05,26.27
,,,,,92801,12,2808.38,26.27
,,,,,92802,3,2676.99,15.32
,,,,,92802,6,2713.01,15.32
,,,,,92802,9,2727.36,15.32
,,,,,92802,12,2754.39,15.32
,,,,,92804,3,2271.73,14.92
,,,,,92804,6,2282.42,14.92
,,,,,92804,9,2292.74,14.92
,,,,,92804,12,2322.28,14.92
,,,,,92805,3,2826.55,8.54
,,,,,92805,6,2839.39,8.54
,,,,,92805,9,2862.29,8.54
,,,,,92805,12,2885.69,8.54
,,,,,92806,3,2456.77,27.07
,,,,,92806,6,2493.14,27.07
,,,,,92806,9,2506.56,27.07
,,,,,92806,12,2524.81,27.07
,,,,,92807,3,2639.5,25.6
,,,,,92807,6,2656.56,25.6
,,,,,92807,9,2686.53,25.6
,,,,,92807,12,2712.6,25.6
,,,,,92808,3,3218.11,25.54
,,,,,92808,6,3242.47,25.54
,,,,,92808,9,3223.22,25.54
,,,,,92808,12,3230.18,25.54
,,,,,92821,3,2706.13,5.68
,,,,,92821,6,2725.51,5.68
,,,,,92821,9,2749.68,5.68
,,,,,92821,12,2767.58,5.68
,,,,,92831,3,2383.72,13.65
,,,,,92831,6,2419.18,13.65
,,,,,92831,9,2434.07,13.65
,,,,,92831,12,2446.1,13.65
,,,,,92832,3,2813.25,16.95
,,,,,92832,6,2841.86,16.95
,,,,,92832,9,2855.61,16.95
,,,,,92832,12,2874.58,16.95
,,,,,92833,3,3270.13,18.51
,,,,,92833,6,3300.28,18.51
,,,,,92833,9,3336.51,18.51
,,,,,92833,12,3373.06,18.51
,,,,,92835,3,3404.08,57.41
,,,,,92835,6,3404.4,57.41
,,,,,92835,9,3328.91,57.41
,,,,,92835,12,3421.36,57.41
,,,,,92840,3,2431.56,0.57
,,,,,92840,6,2431.56,0.57
,,,,,92840,9,2431.56,0.57
,,,,,92840,12,2429.5,0.57
,,,,,92841,3,2236.71,27.65
,,,,,92841,6,2228.34,27.65
,,,,,92841,9,2230.43,27.65
,,,,,92841,12,2266.79,27.65
,,,,,92866,3,2740.4,56.11
,,,,,92866,6,2788.62,56.11
,,,,,92866,9,2784.33,56.11
,,,,,92866,12,2850.39,56.11
,,,,,92867,3,3292.56,47.92
,,,,,92867,6,3304.23,47.92
,,,,,92867,9,3353.99,47.92
,,,,,92867,12,3379.59,47.92
,,,,,92868,3,2930.09,8.62
,,,,,92868,6,2946.96,8.62
,,,,,92868,9,2976,8.62
,,,,,92868,12,2995.58,8.62
,,,,,92869,3,3597.69,29.86
,,,,,92869,6,3655.52,29.86
,,,,,92869,9,3623.15,29.86
,,,,,92869,12,3678.13,29.86
,,,,,92870,3,2766.51,11.27
,,,,,92870,6,2783.74,11.27
,,,,,92870,9,2773.05,11.27
,,,,,92870,12,2771.97,11.27
,,,,,92878,3,2682.31,17.14
,,,,,92878,6,2684.81,17.14
,,,,,92878,9,2696.37,17.14
,,,,,92878,12,2745.55,17.14
,,,,,92879,3,2586.44,8.53
,,,,,92879,6,2617.72,8.53
,,,,,92879,9,2641.5,8.53
,,,,,92879,12,2665.42,8.53
,,,,,92880,3,3295.4,22.41
,,,,,92880,6,3327.52,22.41
,,,,,92880,9,3364.54,22.41
,,,,,92880,12,3395.88,22.41
,,,,,92881,3,2714.72,29.38
,,,,,92881,6,2728.98,29.38
,,,,,92881,9,2723.22,29.38
,,,,,92881,12,2722.74,29.38
,,,,,92882,3,3045.8,22.94
,,,,,92882,6,3088.62,22.94
,,,,,92882,9,3125,22.94
,,,,,92882,12,3160.26,22.94
,,,,,92883,3,3140.74,37.69
,,,,,92883,6,3144.22,37.69
,,,,,92883,9,3150.51,37.69
,,,,,92883,12,3167.11,37.69
,,,,,92886,3,4340.81,29.55
,,,,,92886,6,4387.11,29.55
,,,,,92886,9,4401.42,29.55
,,,,,92886,12,4445,29.55
,,,,,92887,3,3323.78,27
,,,,,92887,6,3395.79,27
,,,,,92887,9,3312.67,27
,,,,,92887,12,3293.97,27
,,,,,93001,3,2948.24,13.62
,,,,,93001,6,2974.67,13.62
,,,,,93001,9,3005.61,13.62
,,,,,93001,12,3046.17,13.62
,,,,,93003,3,2597.41,14.6
,,,,,93003,6,2625.71,14.6
,,,,,93003,9,2651.96,14.6
,,,,,93003,12,2673.56,14.6
,,,,,93004,3,2831.78,11.49
,,,,,93004,6,2851.25,11.49
,,,,,93004,9,2880.46,11.49
,,,,,93004,12,2897.41,11.49
,,,,,93010,3,2820.92,23.28
,,,,,93010,6,2863.5,23.28
,,,,,93010,9,2891.78,23.28
,,,,,93010,12,2923.3,23.28
,,,,,93012,3,3012.24,15.8
,,,,,93012,6,3041.31,15.8
,,,,,93012,9,3065.7,15.8
,,,,,93012,12,3086.01,15.8
,,,,,93023,3,3217.41,42.87
,,,,,93023,6,3217.79,42.87
,,,,,93023,9,3287.07,42.87
,,,,,93023,12,3311.25,42.87
,,,,,93030,3,2604.81,22.8
,,,,,93030,6,2665.59,22.8
,,,,,93030,9,2669.75,22.8
,,,,,93030,12,2689.26,22.8
,,,,,93033,3,2787.23,37.69
,,,,,93033,6,2931.29,37.69
,,,,,93033,9,2848.86,37.69
,,,,,93033,12,2875.18,37.69
,,,,,93035,3,2987.47,18.99
,,,,,93035,6,3049.75,18.99
,,,,,93035,9,3063.47,18.99
,,,,,93035,12,3110.4,18.99
,,,,,93036,3,3062.27,18.09
,,,,,93036,6,3084.94,18.09
,,,,,93036,9,3120.16,18.09
,,,,,93036,12,3137.44,18.09
,,,,,93041,3,2752.3,55.56
,,,,,93041,6,2781.5,55.56
,,,,,93041,9,2848.43,55.56
,,,,,93041,12,2873.41,55.56
,,,,,93063,3,3190.1,29.24
,,,,,93063,6,3247.95,29.24
,,,,,93063,9,3276.48,29.24
,,,,,93063,12,3320.68,29.24
,,,,,93065,3,3023.68,15.17
,,,,,93065,6,3040.2,15.17
,,,,,93065,9,3049.63,15.17
,,,,,93065,12,3058.75,15.17
,,,,,93101,3,3187.26,25.98
,,,,,93101,6,3206.28,25.98
,,,,,93101,9,3234.18,25.98
,,,,,93101,12,3261.61,25.98
,,,,,93103,3,3827.77,32.2
,,,,,93103,6,3808.42,32.2
,,,,,93103,9,3834.48,32.2
,,,,,93103,12,3823.98,32.2
,,,,,93105,3,3571.08,24.7
,,,,,93105,6,3603.08,24.7
,,,,,93105,9,3623.42,24.7
,,,,,93105,12,3632.97,24.7
,,,,,93108,3,15421.4,359.09
,,,,,93108,6,15172.78,359.09
,,,,,93108,9,15459.08,359.09
,,,,,93108,12,15339.38,359.09
,,,,,93109,3,3751.63,98.81
,,,,,93109,6,4081.07,98.81
,,,,,93109,9,4032.93,98.81
,,,,,93109,12,4106.04,98.81
,,,,,93110,3,4175.19,103.87
,,,,,93110,6,4064.94,103.87
,,,,,93110,9,4193.03,103.87
,,,,,93110,12,4318.6,103.87
,,,,,93117,3,3783.35,29.99
,,,,,93117,6,3784.41,29.99
,,,,,93117,9,3784.36,29.99
,,,,,93117,12,3801.44,29.99
,,,,,93230,3,1862.76,13.27
,,,,,93230,6,1874.88,13.27
,,,,,93230,9,1904.64,13.27
,,,,,93230,12,1930.66,13.27
,,,,,93245,3,1879.42,15.28
,,,,,93245,6,1925.22,15.28
,,,,,93245,9,1962.73,15.28
,,,,,93245,12,1922.05,15.28
,,,,,93257,3,1282.55,16.11
,,,,,93257,6,1285.28,16.11
,,,,,93257,9,1304.76,16.11
,,,,,93257,12,1302.56,16.11
,,,,,93274,3,1769.24,20.38
,,,,,93274,6,1764.35,20.38
,,,,,93274,9,1730.53,20.38
,,,,,93274,12,1740.6,20.38
,,,,,93277,3,1654.82,15.77
,,,,,93277,6,1654.69,15.77
,,,,,93277,9,1657.49,15.77
,,,,,93277,12,1687.03,15.77
,,,,,93291,3,1852.31,13.9
,,,,,93291,6,1865.7,13.9
,,,,,93291,9,1872.58,13.9
,,,,,93291,12,1882.4,13.9
,,,,,93292,3,1807.63,18.12
,,,,,93292,6,1799.69,18.12
,,,,,93292,9,1837.7,18.12
,,,,,93292,12,1853.58,18.12
,,,,,93301,3,1411.45,18.94
,,,,,93301,6,1407.66,18.94
,,,,,93301,9,1438.41,18.94
,,,,,93301,12,1457.4,18.94
,,,,,93304,3,1390.21,11.84
,,,,,93304,6,1414.56,11.84
,,,,,93304,9,1426.06,11.84
,,,,,93304,12,1441.13,11.84
,,,,,93305,3,1292.63,17.26
,,,,,93305,6,1286.55,17.26
,,,,,93305,9,1296.62,17.26
,,,,,93305,12,1322.35,17.26
,,,,,93306,3,1749.97,16.63
,,,,,93306,6,1758.65,16.63
,,,,,93306,9,1780.17,16.63
,,,,,93306,12,1777.21,16.63
,,,,,93307,3,1743.55,22.57
,,,,,93307,6,1795.52,22.57
,,,,,93307,9,1829.76,22.57
,,,,,93307,12,1840.09,22.57
,,,,,93308,3,1485.01,6.32
,,,,,93308,6,1494.11,6.32
,,,,,93308,9,1498.72,6.32
,,,,,93308,12,1508.09,6.32
,,,,,93309,3,1573.85,9.17
,,,,,93309,6,1577.62,9.17
,,,,,93309,9,1583.68,9.17
,,,,,93309,12,1594.44,9.17
,,,,,93311,3,2127.86,9.84
,,,,,93311,6,2153.38,9.84
,,,,,93311,9,2175.69,9.84
,,,,,93311,12,2194.87,9.84
,,,,,93312,3,2387.86,13.17
,,,,,93312,6,2419.52,13.17
,,,,,93312,9,2468.87,13.17
,,,,,93312,12,2471.93,13.17
,,,,,93313,3,2236.05,21.5
,,,,,93313,6,2245.76,21.5
,,,,,93313,9,2247.86,21.5
,,,,,93313,12,2260.84,21.5
,,,,,93314,3,2372.06,18.99
,,,,,93314,6,2386.79,18.99
,,,,,93314,9,2402.35,18.99
,,,,,93314,12,2407.87,18.99
,,,,,93401,3,2587.14,20.76
,,,,,93401,6,2594.78,20.76
,,,,,93401,9,2613.28,20.76
,,,,,93401,12,2628.72,20.76
,,,,,93405,3,2562.87,36.06
,,,,,93405,6,2732.03,36.06
,,,,,93405,9,2789.72,36.06
,,,,,93405,12,2857.63,36.06
,,,,,93422,3,2497.4,20.28
,,,,,93422,6,2552.7,20.28
,,,,,93422,9,2589.4,20.28
,,,,,93422,12,2628.21,20.28
,,,,,93436,3,2050.24,21.08
,,,,,93436,6,2004.77,21.08
,,,,,93436,9,2020.5,21.08
,,,,,93436,12,2034.69,21.08
,,,,,93446,3,2615.55,36.5
,,,,,93446,6,2662.77,36.5
,,,,,93446,9,2633.52,36.5
,,,,,93446,12,2723.42,36.5
,,,,,93454,3,2196.02,19.66
,,,,,93454,6,2242.58,19.66
,,,,,93454,9,2218.65,19.66
,,,,,93454,12,2263.27,19.66
,,,,,93455,3,3097.54,30.08
,,,,,93455,6,3137.53,30.08
,,,,,93455,9,3125.41,30.08
,,,,,93455,12,3105.1,30.08
,,,,,93458,3,2072.65,28.36
,,,,,93458,6,2056.04,28.36
,,,,,93458,9,2060.76,28.36
,,,,,93458,12,2034.28,28.36
,,,,,93505,3,1823.85,39.23
,,,,,93505,6,1893.99,39.23
,,,,,93505,9,1899.28,39.23
,,,,,93505,12,1895.41,39.23
,,,,,93534,3,1947.81,23.45
,,,,,93534,6,1997.04,23.45
,,,,,93534,9,1991.07,23.45
,,,,,93534,12,2014.66,23.45
,,,,,93535,3,2847.47,21.36
,,,,,93535,6,2904.47,21.36
,,,,,93535,9,2922.22,21.36
,,,,,93535,12,2936.98,21.36
,,,,,93536,3,2849.23,12.11
,,,,,93536,6,2863.39,12.11
,,,,,93536,9,2867.98,12.11
,,,,,93536,12,2883.28,12.11
,,,,,93550,3,2249.32,17.55
,,,,,93550,6,2261.33,17.55
,,,,,93550,9,2259.29,17.55
,,,,,93550,12,2292.11,17.55
,,,,,93551,3,3112.35,33.09
,,,,,93551,6,3146.47,33.09
,,,,,93551,9,3164.41,33.09
,,,,,93551,12,3184.34,33.09
,,,,,93552,3,3122.11,8.41
,,,,,93552,6,3247.16,8.41
,,,,,93552,9,3368.3,8.41
,,,,,93552,12,3523.8,8.41
,,,,,93555,3,1190.26,6.63
,,,,,93555,6,1199.9,6.63
,,,,,93555,9,1218.6,6.63
,,,,,93555,12,1227.4,6.63
,,,,,93561,3,1931.64,18.22
,,,,,93561,6,1924.64,18.22
,,,,,93561,9,1953.21,18.22
,,,,,93561,12,1983.6,18.22
,,,,,93611,3,2471.59,19.79
,,,,,93611,6,2467.95,19.79
,,,,,93611,9,2452.86,19.79
,,,,,93611,12,2472.82,19.79
,,,,,93612,3,1724.02,11.54
,,,,,93612,6,1719.88,11.54
,,,,,93612,9,1737.06,11.54
,,,,,93612,12,1744.19,11.54
,,,,,93619,3,2489.68,12.95
,,,,,93619,6,2492.75,12.95
,,,,,93619,9,2507.06,12.95
,,,,,93619,12,2530.35,12.95
,,,,,93635,3,2170.75,34.56
,,,,,93635,6,2170.2,34.56
,,,,,93635,9,2210.6,34.56
,,,,,93635,12,2230.99,34.56
,,,,,93637,3,2049.31,13.73
,,,,,93637,6,2024.03,13.73
,,,,,93637,9,2053.3,13.73
,,,,,93637,12,2076.82,13.73
,,,,,93701,3,1163.9,3.55
,,,,,93701,6,1163.9,3.55
,,,,,93701,9,1163.9,3.55
,,,,,93701,12,1176.76,3.55
,,,,,93702,3,1201.53,8.73
,,,,,93702,6,1201.52,8.73
,,,,,93702,9,1164.3,8.73
,,,,,93702,12,1171.68,8.73
,,,,,93704,3,1594.23,13.97
,,,,,93704,6,1599.8,13.97
,,,,,93704,9,1602.13,13.97
,,,,,93704,12,1619.89,13.97
,,,,,93705,3,1456.12,15.83
,,,,,93705,6,1438.55,15.83
,,,,,93705,9,1461.44,15.83
,,,,,93705,12,1455.41,15.83
,,,,,93710,3,1848.38,20.89
,,,,,93710,6,1927.3,20.89
,,,,,93710,9,1886.39,20.89
,,,,,93710,12,1902.77,20.89
,,,,,93720,3,2022.96,9.23
,,,,,93720,6,2057.4,9.23
,,,,,93720,9,2074.56,9.23
,,,,,93720,12,2090.77,9.23
,,,,,93722,3,2188.13,11.78
,,,,,93722,6,2214.13,11.78
,,,,,93722,9,2231.4,11.78
,,,,,93722,12,2253.87,11.78
,,,,,93726,3,1821.54,19.31
,,,,,93726,6,1801.62,19.31
,,,,,93726,9,1834.9,19.31
,,,,,93726,12,1850.12,19.31
,,,,,93727,3,2374.86,11.76
,,,,,93727,6,2377.25,11.76
,,,,,93727,9,2386.93,11.76
,,,,,93727,12,2398.9,11.76
,,,,,93728,3,1321.85,21.59
,,,,,93728,6,1324.13,21.59
,,,,,93728,9,1346.5,21.59
,,,,,93728,12,1319.26,21.59
,,,,,93730,3,2690.05,14.63
,,,,,93730,6,2700.64,14.63
,,,,,93730,9,2713.97,14.63
,,,,,93730,12,2724.79,14.63
,,,,,93901,3,2481.83,26.38
,,,,,93901,6,2499.96,26.38
,,,,,93901,9,2511.53,26.38
,,,,,93901,12,2534.57,26.38
,,,,,93906,3,2350.78,15.4
,,,,,93906,6,2352.3,15.4
,,,,,93906,9,2385.77,15.4
,,,,,93906,12,2392.98,15.4
,,,,,93933,3,2963.97,28.57
,,,,,93933,6,2994.61,28.57
,,,,,93933,9,3041.17,28.57
,,,,,93933,12,3072.54,28.57
,,,,,93940,3,2777.74,16.76
,,,,,93940,6,2795.41,16.76
,,,,,93940,9,2827.28,16.76
,,,,,93940,12,2850.72,16.76
,,,,,93950,3,2988.9,14.41
,,,,,93950,6,3003.16,14.41
,,,,,93950,9,3039.08,14.41
,,,,,93950,12,3071.56,14.41
,,,,,93955,3,2744.19,31.43
,,,,,93955,6,2753.05,31.43
,,,,,93955,9,2760.93,31.43
,,,,,93955,12,2776.33,31.43
,,,,,94002,3,3253.19,12.11
,,,,,94002,6,3258.13,12.11
,,,,,94002,9,3257.66,12.11
,,,,,94002,12,3268.85,12.11
,,,,,94010,3,3427.14,16.12
,,,,,94010,6,3418.49,16.12
,,,,,94010,9,3437.49,16.12
,,,,,94010,12,3444.62,16.12
,,,,,94014,3,2798.52,26.4
,,,,,94014,6,2795.34,26.4
,,,,,94014,9,2847.89,26.4
,,,,,94014,12,2866.79,26.4
,,,,,94015,3,2525.2,13.61
,,,,,94015,6,2515.03,13.61
,,,,,94015,9,2522.89,13.61
,,,,,94015,12,2530.94,13.61
,,,,,94025,3,3763.37,20.57
,,,,,94025,6,3774.34,20.57
,,,,,94025,9,3778.63,20.57
,,,,,94025,12,3797.11,20.57
,,,,,94030,3,3489.22,59.96
,,,,,94030,6,3505.82,59.96
,,,,,94030,9,3520.23,59.96
,,,,,94030,12,3537.67,59.96
,,,,,94040,3,3820.41,13.94
,,,,,94040,6,3838.01,13.94
,,,,,94040,9,3835.96,13.94
,,,,,94040,12,3842.24,13.94
,,,,,94041,3,4245.92,29.74
,,,,,94041,6,4293.93,29.74
,,,,,94041,9,4305.62,29.74
,,,,,94041,12,4306.95,29.74
,,,,,94043,3,3853.71,13.8
,,,,,94043,6,3876.75,13.8
,,,,,94043,9,3893.28,13.8
,,,,,94043,12,3898.27,13.8
,,,,,94044,3,3246.41,38.66
,,,,,94044,6,3263.13,38.66
,,,,,94044,9,3269.61,38.66
,,,,,94044,12,3273.72,38.66
,,,,,94061,3,3446.65,21.55
,,,,,94061,6,3450.02,21.55
,,,,,94061,9,3460.18,21.55
,,,,,94061,12,3469.45,21.55
,,,,,94062,3,3260.08,45.25
,,,,,94062,6,3254.93,45.25
,,,,,94062,9,3277.87,45.25
,,,,,94062,12,3297.69,45.25
,,,,,94063,3,3915.16,14.92
,,,,,94063,6,3942.68,14.92
,,,,,94063,9,3916.02,14.92
,,,,,94063,12,3904.86,14.92
,,,,,94065,3,3870.14,24.59
,,,,,94065,6,3889.77,24.59
,,,,,94065,9,3862.33,24.59
,,,,,94065,12,3870.71,24.59
,,,,,94066,3,2949.33,15.98
,,,,,94066,6,2982.62,15.98
,,,,,94066,9,2983.31,15.98
,,,,,94066,12,2980.76,15.98
,,,,,94070,3,3678.54,27.59
,,,,,94070,6,3705.66,27.59
,,,,,94070,9,3709.69,27.59
,,,,,94070,12,3721.27,27.59
,,,,,94080,3,3445.12,12.76
,,,,,94080,6,3441.46,12.76
,,,,,94080,9,3441.04,12.76
,,,,,94080,12,3443.49,12.76
,,,,,94085,3,3622.61,12.28
,,,,,94085,6,3636,12.28
,,,,,94085,9,3652.34,12.28
,,,,,94085,12,3669.3,12.28
,,,,,94086,3,3673.31,13.63
,,,,,94086,6,3687.98,13.63
,,,,,94086,9,3704.56,13.63
,,,,,94086,12,3710.69,13.63
,,,,,94087,3,3208.77,14.72
,,,,,94087,6,3238.93,14.72
,,,,,94087,9,3258.05,14.72
,,,,,94087,12,3247.03,14.72
,,,,,94089,3,3421,13.94
,,,,,94089,6,3451.04,13.94
,,,,,94089,9,3433.65,13.94
,,,,,94089,12,3446.61,13.94
,,,,,94102,3,2557.92,12.44
,,,,,94102,6,2544.25,12.44
,,,,,94102,9,2524.97,12.44
,,,,,94102,12,2508.98,12.44
,,,,,94103,3,3228.67,19.76
,,,,,94103,6,3224.54,19.76
,,,,,94103,9,3225.4,19.76
,,,,,94103,12,3219.14,19.76
,,,,,94105,3,4119.88,18.09
,,,,,94105,6,4141.01,18.09
,,,,,94105,9,4160.65,18.09
,,,,,94105,12,4142.89,18.09
,,,,,94107,3,3461.91,11.55
,,,,,94107,6,3460.99,11.55
,,,,,94107,9,3450.45,11.55
,,,,,94107,12,3440.5,11.55
,,,,,94108,3,2608.33,23.39
,,,,,94108,6,2614.95,23.39
,,,,,94108,9,2615.84,23.39
,,,,,94108,12,2586.92,23.39
,,,,,94109,3,2763.77,9.32
,,,,,94109,6,2767.1,9.32
,,,,,94109,9,2766.2,9.32
,,,,,94109,12,2763.82,9.32
,,,,,94110,3,3649.45,17.92
,,,,,94110,6,3672.72,17.92
,,,,,94110,9,3657.99,17.92
,,,,,94110,12,3660.53,17.92
,,,,,94111,3,3228.95,39.28
,,,,,94111,6,3251.36,39.28
,,,,,94111,9,3238.1,39.28
,,,,,94111,12,3260.27,39.28
,,,,,94112,3,3481.19,37.07
,,,,,94112,6,3476.61,37.07
,,,,,94112,9,3506.61,37.07
,,,,,94112,12,3489.24,37.07
,,,,,94114,3,4000.43,28.12
,,,,,94114,6,4028.43,28.12
,,,,,94114,9,4031.96,28.12
,,,,,94114,12,4034.8,28.12
,,,,,94115,3,3397.88,18.87
,,,,,94115,6,3402.76,18.87
,,,,,94115,9,3414.12,18.87
,,,,,94115,12,3396.91,18.87
,,,,,94116,3,3263.39,44.81
,,,,,94116,6,3256.08,44.81
,,,,,94116,9,3255.8,44.81
,,,,,94116,12,3264.06,44.81
,,,,,94117,3,3580.93,18.51
,,,,,94117,6,3595.42,18.51
,,,,,94117,9,3597.4,18.51
,,,,,94117,12,3609.04,18.51
,,,,,94118,3,3296.37,42.61
,,,,,94118,6,3295.57,42.61
,,,,,94118,9,3311.13,42.61
,,,,,94118,12,3283.48,42.61
,,,,,94121,3,3117.53,19.05
,,,,,94121,6,3124.83,19.05
,,,,,94121,9,3124.83,19.05
,,,,,94121,12,3122.95,19.05
,,,,,94122,3,3079.73,18.67
,,,,,94122,6,3103.41,18.67
,,,,,94122,9,3102.99,18.67
,,,,,94122,12,3106.02,18.67
,,,,,94123,3,3557.02,13.94
,,,,,94123,6,3579.54,13.94
,,,,,94123,9,3579.21,13.94
,,,,,94123,12,3591.09,13.94
,,,,,94124,3,3423.83,58.61
,,,,,94124,6,3352.35,58.61
,,,,,94124,9,3350.77,58.61
,,,,,94124,12,3388.25,58.61
,,,,,94131,3,3697.54,23.44
,,,,,94131,6,3715.92,23.44
,,,,,94131,9,3712.95,23.44
,,,,,94131,12,3719.49,23.44
,,,,,94133,3,3296.39,18
,,,,,94133,6,3299.13,18
,,,,,94133,9,3303.77,18
,,,,,94133,12,3309.38,18
,,,,,94134,3,3943.12,81.31
,,,,,94134,6,3763.07,81.31
,,,,,94134,9,3841.7,81.31
,,,,,94134,12,4129.33,81.31
,,,,,94158,3,4048.11,12.99
,,,,,94158,6,4088.99,12.99
,,,,,94158,9,4093.14,12.99
,,,,,94158,12,4099.8,12.99
,,,,,94301,3,4106.51,16.19
,,,,,94301,6,4097.9,16.19
,,,,,94301,9,4110.69,16.19
,,,,,94301,12,4098.65,16.19
,,,,,94303,3,3579.94,28.87
,,,,,94303,6,3579.43,28.87
,,,,,94303,9,3586.12,28.87
,,,,,94303,12,3595.86,28.87
,,,,,94306,3,3410.86,16.86
,,,,,94306,6,3423.48,16.86
,,,,,94306,9,3434.42,16.86
,,,,,94306,12,3449.31,16.86
,,,,,94401,3,2987.67,23.25
,,,,,94401,6,3007.13,23.25
,,,,,94401,9,2999.68,23.25
,,,,,94401,12,3013.57,23.25
,,,,,94402,3,3469.72,11.12
,,,,,94402,6,3477.82,11.12
,,,,,94402,9,3488.57,11.12
,,,,,94402,12,3485.65,11.12
,,,,,94403,3,3386.98,14.87
,,,,,94403,6,3369.65,14.87
,,,,,94403,9,3367.32,14.87
,,,,,94403,12,3354.56,14.87
,,,,,94404,3,3758.87,11.92
,,,,,94404,6,3772.02,11.92
,,,,,94404,9,3798.46,11.92
,,,,,94404,12,3796.26,11.92
,,,,,94501,3,2814.84,13.94
,,,,,94501,6,2833.05,13.94
,,,,,94501,9,2834.85,13.94
,,,,,94501,12,2855.84,13.94
,,,,,94503,3,2608.26,0
,,,,,94503,6,2608.26,0
,,,,,94503,9,2608.26,0
,,,,,94503,12,2608.26,0
,,,,,94506,3,4954.38,49.24
,,,,,94506,6,4972.17,49.24
,,,,,94506,9,4970.87,49.24
,,,,,94506,12,5008.17,49.24
,,,,,94509,3,2293.9,10.54
,,,,,94509,6,2318.71,10.54
,,,,,94509,9,2347.61,10.54
,,,,,94509,12,2372.31,10.54
,,,,,94510,3,2377.02,16.98
,,,,,94510,6,2386.01,16.98
,,,,,94510,9,2408.35,16.98
,,,,,94510,12,2431.25,16.98
,,,,,94513,3,3419.64,62.42
,,,,,94513,6,3453.04,62.42
,,,,,94513,9,3520.96,62.42
,,,,,94513,12,3544.91,62.42
,,,,,94518,3,2629.53,27.26
,,,,,94518,6,2643.39,27.26
,,,,,94518,9,2656.85,27.26
,,,,,94518,12,2670.79,27.26
,,,,,94519,3,3418.5,52.28
,,,,,94519,6,3589.83,52.28
,,,,,94519,9,3740.23,52.28
,,,,,94519,12,3885.59,52.28
,,,,,94520,3,2506.95,18.2
,,,,,94520,6,2520.29,18.2
,,,,,94520,9,2545.99,18.2
,,,,,94520,12,2550.58,18.2
,,,,,94521,3,2673.64,18.36
,,,,,94521,6,2705.06,18.36
,,,,,94521,9,2714.16,18.36
,,,,,94521,12,2735.17,18.36
,,,,,94523,3,2869.91,12.06
,,,,,94523,6,2885.01,12.06
,,,,,94523,9,2898.65,12.06
,,,,,94523,12,2915.57,12.06
,,,,,94526,3,3942.09,36.89
,,,,,94526,6,3945.31,36.89
,,,,,94526,9,3967.25,36.89
,,,,,94526,12,3959.54,36.89
,,,,,94530,3,2566.3,15.1
,,,,,94530,6,2579.76,15.1
,,,,,94530,9,2593.25,15.1
,,,,,94530,12,2604.48,15.1
,,,,,94531,3,3473.9,37.28
,,,,,94531,6,3452.63,37.28
,,,,,94531,9,3450.65,37.28
,,,,,94531,12,3480.82,37.28
,,,,,94533,3,2402.8,10.47
,,,,,94533,6,2419.66,10.47
,,,,,94533,9,2451.4,10.47
,,,,,94533,12,2476.52,10.47
,,,,,94534,3,2575.75,17.85
,,,,,94534,6,2597.09,17.85
,,,,,94534,9,2620.35,17.85
,,,,,94534,12,2633.6,17.85
,,,,,94536,3,3142.76,9.34
,,,,,94536,6,3156.6,9.34
,,,,,94536,9,3167.94,9.34
,,,,,94536,12,3185.3,9.34
,,,,,94538,3,2964.03,8.61
,,,,,94538,6,2983.2,8.61
,,,,,94538,9,2998.55,8.61
,,,,,94538,12,2995.78,8.61
,,,,,94539,3,3834.5,14.48
,,,,,94539,6,3863.99,14.48
,,,,,94539,9,3892.65,14.48
,,,,,94539,12,3926.17,14.48
,,,,,94541,3,2671.23,13.87
,,,,,94541,6,2700.48,13.87
,,,,,94541,9,2718.52,13.87
,,,,,94541,12,2744.84,13.87
,,,,,94542,3,2350.18,23.67
,,,,,94542,6,2367.72,23.67
,,,,,94542,9,2371.66,23.67
,,,,,94542,12,2380.79,23.67
,,,,,94544,3,2553.72,12.61
,,,,,94544,6,2561.32,12.61
,,,,,94544,9,2569.32,12.61
,,,,,94544,12,2575.86,12.61
,,,,,94545,3,2564.15,18.88
,,,,,94545,6,2568,18.88
,,,,,94545,9,2579.47,18.88
,,,,,94545,12,2603.72,18.88
,,,,,94546,3,2843.32,15.54
,,,,,94546,6,2854.91,15.54
,,,,,94546,9,2860.77,15.54
,,,,,94546,12,2867.98,15.54
,,,,,94547,3,2840.11,15.88
,,,,,94547,6,2850.26,15.88
,,,,,94547,9,2859.89,15.88
,,,,,94547,12,2860.53,15.88
,,,,,94549,3,3207.01,29.54
,,,,,94549,6,3234.29,29.54
,,,,,94549,9,3235.18,29.54
,,,,,94549,12,3266.81,29.54
,,,,,94550,3,3116.84,31.46
,,,,,94550,6,3126.33,31.46
,,,,,94550,9,3127.26,31.46
,,,,,94550,12,3159.25,31.46
,,,,,94551,3,3235.92,19.35
,,,,,94551,6,3248.93,19.35
,,,,,94551,9,3273.04,19.35
,,,,,94551,12,3288.57,19.35
,,,,,94553,3,2527.56,8.64
,,,,,94553,6,2538.64,8.64
,,,,,94553,9,2547.94,8.64
,,,,,94553,12,2566.39,8.64
,,,,,94555,3,3538.69,12.7
,,,,,94555,6,3576.1,12.7
,,,,,94555,9,3607.71,12.7
,,,,,94555,12,3631.94,12.7
,,,,,94558,3,2945.55,12.54
,,,,,94558,6,2971.88,12.54
,,,,,94558,9,2988.32,12.54
,,,,,94558,12,3006.26,12.54
,,,,,94559,3,2904.05,14.23
,,,,,94559,6,2921.73,14.23
,,,,,94559,9,2934.33,14.23
,,,,,94559,12,2942.2,14.23
,,,,,94560,3,3323.8,19.53
,,,,,94560,6,3326.43,19.53
,,,,,94560,9,3336.97,19.53
,,,,,94560,12,3347.35,19.53
,,,,,94561,3,3309.55,27.63
,,,,,94561,6,3324.1,27.63
,,,,,94561,9,3372.32,27.63
,,,,,94561,12,3396.96,27.63
,,,,,94565,3,2358.2,6.44
,,,,,94565,6,2396.32,6.44
,,,,,94565,9,2430.06,6.44
,,,,,94565,12,2455.31,6.44
,,,,,94566,3,3051.53,17.76
,,,,,94566,6,3064.72,17.76
,,,,,94566,9,3082.79,17.76
,,,,,94566,12,3098.78,17.76
,,,,,94568,3,3164.6,10.36
,,,,,94568,6,3174.05,10.36
,,,,,94568,9,3184.58,10.36
,,,,,94568,12,3197.46,10.36
,,,,,94577,3,2378.99,12.92
,,,,,94577,6,2392.93,12.92
,,,,,94577,9,2402.13,12.92
,,,,,94577,12,2409.36,12.92
,,,,,94578,3,2377.16,12.32
,,,,,94578,6,2373.78,12.32
,,,,,94578,9,2380.33,12.32
,,,,,94578,12,2386.46,12.32
,,,,,94582,3,3505.68,9.97
,,,,,94582,6,3520.02,9.97
,,,,,94582,9,3538.21,9.97
,,,,,94582,12,3551.01,9.97
,,,,,94583,3,2739.38,14.16
,,,,,94583,6,2772.62,14.16
,,,,,94583,9,2794.54,14.16
,,,,,94583,12,2801.78,14.16
,,,,,94585,3,2472.46,13.99
,,,,,94585,6,2480.73,13.99
,,,,,94585,9,2490.46,13.99
,,,,,94585,12,2511.5,13.99
,,,,,94587,3,2644.91,14.74
,,,,,94587,6,2632.16,14.74
,,,,,94587,9,2654.13,14.74
,,,,,94587,12,2663.4,14.74
,,,,,94588,3,2866.09,13.54
,,,,,94588,6,2875.54,13.54
,,,,,94588,9,2882.97,13.54
,,,,,94588,12,2886.63,13.54
,,,,,94589,3,2627.06,15.23
,,,,,94589,6,2627.42,15.23
,,,,,94589,9,2632.26,15.23
,,,,,94589,12,2648.05,15.23
,,,,,94590,3,2145.91,11.39
,,,,,94590,6,2166.42,11.39
,,,,,94590,9,2182.1,11.39
,,,,,94590,12,2207.53,11.39
,,,,,94591,3,2382.33,15.37
,,,,,94591,6,2418.5,15.37
,,,,,94591,9,2438.81,15.37
,,,,,94591,12,2465.18,15.37
,,,,,94596,3,2747.96,13.38
,,,,,94596,6,2753.85,13.38
,,,,,94596,9,2769.54,13.38
,,,,,94596,12,2773.04,13.38
,,,,,94597,3,2755.88,12.87
,,,,,94597,6,2768.5,12.87
,,,,,94597,9,2775.55,12.87
,,,,,94597,12,2794.09,12.87
,,,,,94598,3,3259.55,26.14
,,,,,94598,6,3281.77,26.14
,,,,,94598,9,3282.15,26.14
,,,,,94598,12,3313.98,26.14
,,,,,94601,3,1943.62,10.78
,,,,,94601,6,1944.17,10.78
,,,,,94601,9,1955.19,10.78
,,,,,94601,12,1948.64,10.78
,,,,,94602,3,2581.51,19.12
,,,,,94602,6,2597.14,19.12
,,,,,94602,9,2596.9,19.12
,,,,,94602,12,2598.85,19.12
,,,,,94603,3,2416.25,24.04
,,,,,94603,6,2412.24,24.04
,,,,,94603,9,2451.58,24.04
,,,,,94603,12,2440.17,24.04
,,,,,94605,3,2561.19,20.56
,,,,,94605,6,2599.04,20.56
,,,,,94605,9,2596.21,20.56
,,,,,94605,12,2587.05,20.56
,,,,,94606,3,2356.74,10.33
,,,,,94606,6,2372.81,10.33
,,,,,94606,9,2362.32,10.33
,,,,,94606,12,2350.86,10.33
,,,,,94607,3,2486.42,18.13
,,,,,94607,6,2525.18,18.13
,,,,,94607,9,2518.42,18.13
,,,,,94607,12,2495.49,18.13
,,,,,94608,3,2718.9,9.81
,,,,,94608,6,2753.19,9.81
,,,,,94608,9,2768.13,9.81
,,,,,94608,12,2772.87,9.81
,,,,,94609,3,2409.88,13.08
,,,,,94609,6,2428.98,13.08
,,,,,94609,9,2424.56,13.08
,,,,,94609,12,2402.16,13.08
,,,,,94610,3,2203.49,8.1
,,,,,94610,6,2208.85,8.1
,,,,,94610,9,2213.01,8.1
,,,,,94610,12,2212.65,8.1
,,,,,94611,3,2661.3,27.45
,,,,,94611,6,2671.58,27.45
,,,,,94611,9,2669.49,27.45
,,,,,94611,12,2660.54,27.45
,,,,,94612,3,2478.73,17.91
,,,,,94612,6,2514.79,17.91
,,,,,94612,9,2477.83,17.91
,,,,,94612,12,2446.41,17.91
,,,,,94618,3,3531.73,19.07
,,,,,94618,6,3528.36,19.07
,,,,,94618,9,3527.96,19.07
,,,,,94618,12,3559.71,19.07
,,,,,94619,3,2752.35,32.67
,,,,,94619,6,2753.02,32.67
,,,,,94619,9,2792.46,32.67
,,,,,94619,12,2787.73,32.67
,,,,,94621,3,2487.85,45.3
,,,,,94621,6,2476.38,45.3
,,,,,94621,9,2482.42,45.3
,,,,,94621,12,2458.02,45.3
,,,,,94702,3,2539.73,20.77
,,,,,94702,6,2572.97,20.77
,,,,,94702,9,2563.21,20.77
,,,,,94702,12,2569.42,20.77
,,,,,94703,3,2556.14,15.95
,,,,,94703,6,2550.73,15.95
,,,,,94703,9,2560.08,15.95
,,,,,94703,12,2550.16,15.95
,,,,,94704,3,2733.94,31.27
,,,,,94704,6,2751.75,31.27
,,,,,94704,9,2783.73,31.27
,,,,,94704,12,2756.4,31.27
,,,,,94705,3,2485.65,37.88
,,,,,94705,6,2458.95,37.88
,,,,,94705,9,2500.28,37.88
,,,,,94705,12,2483.41,37.88
,,,,,94706,3,2956.26,28.35
,,,,,94706,6,2934.66,28.35
,,,,,94706,9,2975.22,28.35
,,,,,94706,12,2969.37,28.35
,,,,,94709,3,2523.6,24.84
,,,,,94709,6,2527.92,24.84
,,,,,94709,9,2534.32,24.84
,,,,,94709,12,2533.36,24.84
,,,,,94710,3,3026.29,33.86
,,,,,94710,6,3018.94,33.86
,,,,,94710,9,3018.32,33.86
,,,,,94710,12,3014.46,33.86
,,,,,94801,3,2398.6,31.54
,,,,,94801,6,2409.87,31.54
,,,,,94801,9,2402.37,31.54
,,,,,94801,12,2409.2,31.54
,,,,,94804,3,2671.79,19.43
,,,,,94804,6,2677.25,19.43
,,,,,94804,9,2705.52,19.43
,,,,,94804,12,2709.72,19.43
,,,,,94806,3,2470.28,11.91
,,,,,94806,6,2472.99,11.91
,,,,,94806,9,2479.93,11.91
,,,,,94806,12,2482.34,11.91
,,,,,94901,3,2971.28,31.94
,,,,,94901,6,2983.36,31.94
,,,,,94901,9,3003.91,31.94
,,,,,94901,12,3002.66,31.94
,,,,,94903,3,3376.54,23.62
,,,,,94903,6,3376.87,23.62
,,,,,94903,9,3386.26,23.62
,,,,,94903,12,3418.13,23.62
,,,,,94920,3,6353.73,88.94
,,,,,94920,6,6584.53,88.94
,,,,,94920,9,6600.2,88.94
,,,,,94920,12,6830.54,88.94
,,,,,94928,3,2403.62,11.87
,,,,,94928,6,2420.61,11.87
,,,,,94928,9,2429.06,11.87
,,,,,94928,12,2441.48,11.87
,,,,,94939,3,3163.71,19.99
,,,,,94939,6,3179.12,19.99
,,,,,94939,9,3154.39,19.99
,,,,,94939,12,3147.6,19.99
,,,,,94941,3,4288.19,38.24
,,,,,94941,6,4296.8,38.24
,,,,,94941,9,4322.92,38.24
,,,,,94941,12,4353.98,38.24
,,,,,94947,3,3662.83,18.31
,,,,,94947,6,3662.84,18.31
,,,,,94947,9,3675.15,18.31
,,,,,94947,12,3645.36,18.31
,,,,,94952,3,2792.31,18.07
,,,,,94952,6,2809.09,18.07
,,,,,94952,9,2823.3,18.07
,,,,,94952,12,2850.82,18.07
,,,,,94954,3,2704.25,12.04
,,,,,94954,6,2726.1,12.04
,,,,,94954,9,2754.42,12.04
,,,,,94954,12,2762.55,12.04
,,,,,94960,3,3868.36,43.98
,,,,,94960,6,4073.03,43.98
,,,,,94960,9,4420.16,43.98
,,,,,94960,12,4680.17,43.98
,,,,,94965,3,3968.99,24.89
,,,,,94965,6,3969.15,24.89
,,,,,94965,9,3975.96,24.89
,,,,,94965,12,3991.78,24.89
,,,,,95003,3,3870.94,53.12
,,,,,95003,6,3904.18,53.12
,,,,,95003,9,3904.78,53.12
,,,,,95003,12,3950.74,53.12
,,,,,95008,3,3149.71,10.12
,,,,,95008,6,3181.14,10.12
,,,,,95008,9,3204.26,10.12
,,,,,95008,12,3213.49,10.12
,,,,,95010,3,3216.36,24.54
,,,,,95010,6,3194.04,24.54
,,,,,95010,9,3310.52,24.54
,,,,,95010,12,3378.86,24.54
,,,,,95014,3,3847.1,14.22
,,,,,95014,6,3867.69,14.22
,,,,,95014,9,3890.21,14.22
,,,,,95014,12,3903.91,14.22
,,,,,95020,3,3158.83,28.31
,,,,,95020,6,3132.15,28.31
,,,,,95020,9,3142.05,28.31
,,,,,95020,12,3182.94,28.31
,,,,,95023,3,2828.17,14.52
,,,,,95023,6,2876.21,14.52
,,,,,95023,9,2868.48,14.52
,,,,,95023,12,2866.61,14.52
,,,,,95030,3,3721,44.48
,,,,,95030,6,3980.05,44.48
,,,,,95030,9,4173.07,44.48
,,,,,95030,12,4262.8,44.48
,,,,,95032,3,3856.03,29.87
,,,,,95032,6,3902,29.87
,,,,,95032,9,3904.78,29.87
,,,,,95032,12,3937.58,29.87
,,,,,95035,3,3272.29,17.48
,,,,,95035,6,3291.62,17.48
,,,,,95035,9,3308.57,17.48
,,,,,95035,12,3325.7,17.48
,,,,,95037,3,3443.86,14
,,,,,95037,6,3472.58,14
,,,,,95037,9,3515.51,14
,,,,,95037,12,3545.7,14
,,,,,95050,3,3330.27,15.38
,,,,,95050,6,3328.94,15.38
,,,,,95050,9,3346.05,15.38
,,,,,95050,12,3357.24,15.38
,,,,,95051,3,3462.85,8.64
,,,,,95051,6,3486.12,8.64
,,,,,95051,9,3495.57,8.64
,,,,,95051,12,3503.59,8.64
,,,,,95054,3,3793.67,17.25
,,,,,95054,6,3799.9,17.25
,,,,,95054,9,3810.72,17.25
,,,,,95054,12,3826.32,17.25
,,,,,95060,3,3634.88,20.53
,,,,,95060,6,3656.82,20.53
,,,,,95060,9,3684.49,20.53
,,,,,95060,12,3706.81,20.53
,,,,,95062,3,3404.72,26.63
,,,,,95062,6,3447.4,26.63
,,,,,95062,9,3467.94,26.63
,,,,,95062,12,3498.85,26.63
,,,,,95070,3,5035.45,57.61
,,,,,95070,6,5022.79,57.61
,,,,,95070,9,5053.46,57.61
,,,,,95070,12,5059.56,57.61
,,,,,95076,3,3238.42,50.41
,,,,,95076,6,3238.83,50.41
,,,,,95076,9,3251.95,50.41
,,,,,95076,12,3254.6,50.41
,,,,,95110,3,3165.85,16.37
,,,,,95110,6,3191.42,16.37
,,,,,95110,9,3211,16.37
,,,,,95110,12,3221.71,16.37
,,,,,95111,3,3422.4,41.36
,,,,,95111,6,3519.41,41.36
,,,,,95111,9,3484.09,41.36
,,,,,95111,12,3512.96,41.36
,,,,,95112,3,2991.28,12.7
,,,,,95112,6,3016.49,12.7
,,,,,95112,9,3021.21,12.7
,,,,,95112,12,3021.43,12.7
,,,,,95113,3,3360.97,15.35
,,,,,95113,6,3367.15,15.35
,,,,,95113,9,3387.97,15.35
,,,,,95113,12,3393.6,15.35
,,,,,95116,3,2961.64,31.51
,,,,,95116,6,2972.07,31.51
,,,,,95116,9,2988.74,31.51
,,,,,95116,12,2991.68,31.51
,,,,,95117,3,2984.93,21.02
,,,,,95117,6,3003.88,21.02
,,,,,95117,9,3001.55,21.02
,,,,,95117,12,2993.91,21.02
,,,,,95118,3,3980.4,36.65
,,,,,95118,6,4005.93,36.65
,,,,,95118,9,4007.4,36.65
,,,,,95118,12,4067.7,36.65
,,,,,95120,3,4983.98,60.95
,,,,,95120,6,5028.1,60.95
,,,,,95120,9,5032.44,60.95
,,,,,95120,12,5066.9,60.95
,,,,,95122,3,3010.9,52.43
,,,,,95122,6,3117.74,52.43
,,,,,95122,9,3150.51,52.43
,,,,,95122,12,3238.13,52.43
,,,,,95123,3,3109.45,12.65
,,,,,95123,6,3131.8,12.65
,,,,,95123,9,3151.09,12.65
,,,,,95123,12,3163.02,12.65
,,,,,95124,3,4006.3,26.39
,,,,,95124,6,4028.68,26.39
,,,,,95124,9,4065.77,26.39
,,,,,95124,12,4109.41,26.39
,,,,,95125,3,3589.89,12.98
,,,,,95125,6,3601.16,12.98
,,,,,95125,9,3614.61,12.98
,,,,,95125,12,3637.8,12.98
,,,,,95126,3,3040.08,11.7
,,,,,95126,6,3048.14,11.7
,,,,,95126,9,3066.42,11.7
,,,,,95126,12,3079.55,11.7
,,,,,95127,3,2924.81,19.76
,,,,,95127,6,3010.95,19.76
,,,,,95127,9,3019.31,19.76
,,,,,95127,12,3090.38,19.76
,,,,,95128,3,3207.49,10.33
,,,,,95128,6,3209.63,10.33
,,,,,95128,9,3225.05,10.33
,,,,,95128,12,3225.07,10.33
,,,,,95129,3,3350.05,22.42
,,,,,95129,6,3366.92,22.42
,,,,,95129,9,3389,22.42
,,,,,95129,12,3393.95,22.42
,,,,,95130,3,3597.09,11.3
,,,,,95130,6,3600.35,11.3
,,,,,95130,9,3654.64,11.3
,,,,,95130,12,3674.14,11.3
,,,,,95131,3,3407.27,21.94
,,,,,95131,6,3411.55,21.94
,,,,,95131,9,3412.42,21.94
,,,,,95131,12,3418.85,21.94
,,,,,95132,3,3659.39,27.13
,,,,,95132,6,3685.57,27.13
,,,,,95132,9,3724.3,27.13
,,,,,95132,12,3754.12,27.13
,,,,,95133,3,3454.21,29.73
,,,,,95133,6,3434.29,29.73
,,,,,95133,9,3436.01,29.73
,,,,,95133,12,3455.38,29.73
,,,,,95134,3,3461.48,13.9
,,,,,95134,6,3493.76,13.9
,,,,,95134,9,3511.63,13.9
,,,,,95134,12,3518.27,13.9
,,,,,95136,3,3328,14.78
,,,,,95136,6,3340.32,14.78
,,,,,95136,9,3352.65,14.78
,,,,,95136,12,3370.34,14.78
,,,,,95148,3,4655.51,57.59
,,,,,95148,6,4686.29,57.59
,,,,,95148,9,4833.94,57.59
,,,,,95148,12,4833.95,57.59
,,,,,95204,3,1912.89,24.99
,,,,,95204,6,1887.84,24.99
,,,,,95204,9,1904.72,24.99
,,,,,95204,12,1931.38,24.99
,,,,,95206,3,2428.3,36.11
,,,,,95206,6,2406.38,36.11
,,,,,95206,9,2424.66,36.11
,,,,,95206,12,2350.93,36.11
,,,,,95207,3,1821.01,9.52
,,,,,95207,6,1834.02,9.52
,,,,,95207,9,1846.73,9.52
,,,,,95207,12,1868.19,9.52
,,,,,95209,3,2180.16,24.18
,,,,,95209,6,2223.83,24.18
,,,,,95209,9,2205.83,24.18
,,,,,95209,12,2232.35,24.18
,,,,,95210,3,2350.95,37.59
,,,,,95210,6,2276.07,37.59
,,,,,95210,9,2272.51,37.59
,,,,,95210,12,2392.75,37.59
,,,,,95219,3,2071.68,10.85
,,,,,95219,6,2071.51,10.85
,,,,,95219,9,2073.14,10.85
,,,,,95219,12,2071.88,10.85
,,,,,95240,3,1928.68,10.95
,,,,,95240,6,1945.24,10.95
,,,,,95240,9,1952.16,10.95
,,,,,95240,12,1948.57,10.95
,,,,,95242,3,2314.04,26.47
,,,,,95242,6,2242.35,26.47
,,,,,95242,9,2293.37,26.47
,,,,,95242,12,2309.93,26.47
,,,,,95330,3,3073.01,16.61
,,,,,95330,6,3085.12,16.61
,,,,,95330,9,3081.42,16.61
,,,,,95330,12,3141.14,16.61
,,,,,95336,3,2546.35,14.72
,,,,,95336,6,2573.91,14.72
,,,,,95336,9,2582.35,14.72
,,,,,95336,12,2583.68,14.72
,,,,,95337,3,2660,13.86
,,,,,95337,6,2663.54,13.86
,,,,,95337,9,2662.83,13.86
,,,,,95337,12,2668.93,13.86
,,,,,95340,3,1826.97,17.58
,,,,,95340,6,1849.69,17.58
,,,,,95340,9,1850.26,17.58
,,,,,95340,12,1847.78,17.58
,,,,,95341,3,2054.04,33.82
,,,,,95341,6,2050.56,33.82
,,,,,95341,9,2027.31,33.82
,,,,,95341,12,2100.21,33.82
,,,,,95348,3,2028.09,8.13
,,,,,95348,6,2045.2,8.13
,,,,,95348,9,2053.68,8.13
,,,,,95348,12,2065.93,8.13
,,,,,95350,3,1911.88,22.29
,,,,,95350,6,1916.98,22.29
,,,,,95350,9,1928.4,22.29
,,,,,95350,12,1927,22.29
,,,,,95354,3,1663.8,15.84
,,,,,95354,6,1678.96,15.84
,,,,,95354,9,1701.18,15.84
,,,,,95354,12,1718.09,15.84
,,,,,95355,3,2126.19,14.9
,,,,,95355,6,2163.21,14.9
,,,,,95355,9,2182.1,14.9
,,,,,95355,12,2203.06,14.9
,,,,,95356,3,2295.65,24.13
,,,,,95356,6,2325.39,24.13
,,,,,95356,9,2326.68,24.13
,,,,,95356,12,2351.9,24.13
,,,,,95376,3,2356.1,14.34
,,,,,95376,6,2394.04,14.34
,,,,,95376,9,2418.91,14.34
,,,,,95376,12,2442.51,14.34
,,,,,95377,3,2908.57,16.69
,,,,,95377,6,2923.98,16.69
,,,,,95377,9,2931.65,16.69
,,,,,95377,12,2934.44,16.69
,,,,,95380,3,1846.84,17.75
,,,,,95380,6,1853.43,17.75
,,,,,95380,9,1864.2,17.75
,,,,,95380,12,1877.3,17.75
,,,,,95382,3,2234.58,14.31
,,,,,95382,6,2269.51,14.31
,,,,,95382,9,2286.6,14.31
,,,,,95382,12,2325.62,14.31
,,,,,95391,3,2809.43,20.02
,,,,,95391,6,2827.32,20.02
,,,,,95391,9,2839.44,20.02
,,,,,95391,12,2863.16,20.02
,,,,,95401,3,2361.62,11.86
,,,,,95401,6,2371.74,11.86
,,,,,95401,9,2398.43,11.86
,,,,,95401,12,2410.33,11.86
,,,,,95403,3,2783.34,18.1
,,,,,95403,6,2798.42,18.1
,,,,,95403,9,2828.83,18.1
,,,,,95403,12,2844.18,18.1
,,,,,95404,3,2504.57,12.57
,,,,,95404,6,2523.56,12.57
,,,,,95404,9,2543.45,12.57
,,,,,95404,12,2558.02,12.57
,,,,,95405,3,2437.63,18.99
,,,,,95405,6,2469.86,18.99
,,,,,95405,9,2478.61,18.99
,,,,,95405,12,2470.65,18.99
,,,,,95407,3,2726.32,23.55
,,,,,95407,6,2738.34,23.55
,,,,,95407,9,2747.97,23.55
,,,,,95407,12,2747.61,23.55
,,,,,95409,3,2756.62,15.94
,,,,,95409,6,2790.92,15.94
,,,,,95409,9,2817.64,15.94
,,,,,95409,12,2841.16,15.94
,,,,,95448,3,3385.23,41.4
,,,,,95448,6,3404.5,41.4
,,,,,95448,9,3416.32,41.4
,,,,,95448,12,3456.14,41.4
,,,,,95476,3,2993.13,34.4
,,,,,95476,6,3011.13,34.4
,,,,,95476,9,3029.44,34.4
,,,,,95476,12,3044.6,34.4
,,,,,95501,3,1403.64,27.54
,,,,,95501,6,1507.58,27.54
,,,,,95501,9,1458.23,27.54
,,,,,95501,12,1441.35,27.54
,,,,,95603,3,2198.04,22
,,,,,95603,6,2205.17,22
,,,,,95603,9,2206.23,22
,,,,,95603,12,2207.22,22
,,,,,95605,3,2059.47,16.39
,,,,,95605,6,2068.49,16.39
,,,,,95605,9,2067.51,16.39
,,,,,95605,12,2088.86,16.39
,,,,,95608,3,1881.42,7.4
,,,,,95608,6,1895.35,7.4
,,,,,95608,9,1917.3,7.4
,,,,,95608,12,1933.97,7.4
,,,,,95610,3,1838.1,10.36
,,,,,95610,6,1854,10.36
,,,,,95610,9,1875.53,10.36
,,,,,95610,12,1886.22,10.36
,,,,,95616,3,2492.21,18.46
,,,,,95616,6,2531.56,18.46
,,,,,95616,9,2553.45,18.46
,,,,,95616,12,2582.3,18.46
,,,,,95618,3,2765.99,28.22
,,,,,95618,6,2703.38,28.22
,,,,,95618,9,2752.1,28.22
,,,,,95618,12,2807.84,28.22
,,,,,95621,3,1932.85,15.59
,,,,,95621,6,1949.32,15.59
,,,,,95621,9,1966.07,15.59
,,,,,95621,12,1979.88,15.59
,,,,,95624,3,2601.38,18.85
,,,,,95624,6,2606.22,18.85
,,,,,95624,9,2626.01,18.85
,,,,,95624,12,2657.86,18.85
,,,,,95628,3,2054.78,11.55
,,,,,95628,6,2071.92,11.55
,,,,,95628,9,2092.14,11.55
,,,,,95628,12,2100.16,11.55
,,,,,95630,3,2555.68,6.61
,,,,,95630,6,2571.56,6.61
,,,,,95630,9,2603.36,6.61
,,,,,95630,12,2628.65,6.61
,,,,,95648,3,2990.08,15.98
,,,,,95648,6,3022.94,15.98
,,,,,95648,9,3042.48,15.98
,,,,,95648,12,3071.31,15.98
,,,,,95660,3,2115.38,16.2
,,,,,95660,6,2152.72,16.2
,,,,,95660,9,2146.55,16.2
,,,,,95660,12,2179.19,16.2
,,,,,95661,3,2330.46,15.04
,,,,,95661,6,2342.25,15.04
,,,,,95661,9,2361.41,15.04
,,,,,95661,12,2374.56,15.04
,,,,,95662,3,1916.01,12.87
,,,,,95662,6,1946.28,12.87
,,,,,95662,9,1961.73,12.87
,,,,,95662,12,1961.79,12.87
,,,,,95667,3,1909.47,37.63
,,,,,95667,6,1887.1,37.63
,,,,,95667,9,1909.71,37.63
,,,,,95667,12,1889.45,37.63
,,,,,95670,3,2255.52,8.12
,,,,,95670,6,2285.76,8.12
,,,,,95670,9,2319.47,8.12
,,,,,95670,12,2347.58,8.12
,,,,,95677,3,2353.68,14.02
,,,,,95677,6,2368.01,14.02
,,,,,95677,9,2380.02,14.02
,,,,,95677,12,2405.01,14.02
,,,,,95678,3,2356.1,9.1
,,,,,95678,6,2396.51,9.1
,,,,,95678,9,2421.51,9.1
,,,,,95678,12,2452.98,9.1
,,,,,95682,3,2078.41,11.16
,,,,,95682,6,2072.03,11.16
,,,,,95682,9,2061.51,11.16
,,,,,95682,12,2117.61,11.16
,,,,,95687,3,2691.25,9.67
,,,,,95687,6,2714.01,9.67
,,,,,95687,9,2750.34,9.67
,,,,,95687,12,2771.83,9.67
,,,,,95688,3,2611.39,12.61
,,,,,95688,6,2626.59,12.61
,,,,,95688,9,2654.55,12.61
,,,,,95688,12,2669.84,12.61
,,,,,95691,3,2248,13.1
,,,,,95691,6,2265.29,13.1
,,,,,95691,9,2280.93,13.1
,,,,,95691,12,2301.4,13.1
,,,,,95695,3,2008.35,15
,,,,,95695,6,2038.25,15
,,,,,95695,9,2058.57,15
,,,,,95695,12,2065.6,15
,,,,,95742,3,2953.45,20.54
,,,,,95742,6,2966.74,20.54
,,,,,95742,9,2944.73,20.54
,,,,,95742,12,2984.72,20.54
,,,,,95747,3,2858.61,6.24
,,,,,95747,6,2895.06,6.24
,,,,,95747,9,2921.28,6.24
,,,,,95747,12,2951.21,6.24
,,,,,95757,3,2881.59,22.78
,,,,,95757,6,2917.31,22.78
,,,,,95757,9,2951.94,22.78
,,,,,95757,12,2984.88,22.78
,,,,,95758,3,2492.86,8.42
,,,,,95758,6,2518.12,8.42
,,,,,95758,9,2547.28,8.42
,,,,,95758,12,2582.21,8.42
,,,,,95762,3,2762.69,11.15
,,,,,95762,6,2771.75,11.15
,,,,,95762,9,2800.6,11.15
,,,,,95762,12,2821.54,11.15
,,,,,95765,3,2668.95,19.56
,,,,,95765,6,2697.11,19.56
,,,,,95765,9,2715.07,19.56
,,,,,95765,12,2739.86,19.56
,,,,,95811,3,1988.14,11.84
,,,,,95811,6,2017.89,11.84
,,,,,95811,9,2032.04,11.84
,,,,,95811,12,2056.41,11.84
,,,,,95814,3,2030.73,7.92
,,,,,95814,6,2031.14,7.92
,,,,,95814,9,2047.15,7.92
,,,,,95814,12,2053.45,7.92
,,,,,95815,3,2043.63,19.51
,,,,,95815,6,2052.21,19.51
,,,,,95815,9,2055.46,19.51
,,,,,95815,12,2072.19,19.51
,,,,,95816,3,1814.37,3.9
,,,,,95816,6,1843.47,3.9
,,,,,95816,9,1866.82,3.9
,,,,,95816,12,1888.97,3.9
,,,,,95817,3,2135.98,10.41
,,,,,95817,6,2150.69,10.41
,,,,,95817,9,2167.89,10.41
,,,,,95817,12,2194.74,10.41
,,,,,95818,3,1952.66,17.48
,,,,,95818,6,1948.13,17.48
,,,,,95818,9,1969.24,17.48
,,,,,95818,12,1972.45,17.48
,,,,,95819,3,2270.78,18.03
,,,,,95819,6,2279.94,18.03
,,,,,95819,9,2304.89,18.03
,,,,,95819,12,2330.68,18.03
,,,,,95820,3,2180.59,9.21
,,,,,95820,6,2198.15,9.21
,,,,,95820,9,2226.15,9.21
,,,,,95820,12,2245.32,9.21
,,,,,95821,3,1649.31,12.01
,,,,,95821,6,1672.33,12.01
,,,,,95821,9,1690.86,12.01
,,,,,95821,12,1693.27,12.01
,,,,,95822,3,1911.39,21.73
,,,,,95822,6,1921.21,21.73
,,,,,95822,9,1924.6,21.73
,,,,,95822,12,1934.24,21.73
,,,,,95823,3,2146.27,14.56
,,,,,95823,6,2184.32,14.56
,,,,,95823,9,2213.5,14.56
,,,,,95823,12,2246.82,14.56
,,,,,95824,3,1715.77,28.11
,,,,,95824,6,1731.24,28.11
,,,,,95824,9,1739.92,28.11
,,,,,95824,12,1745.15,28.11
,,,,,95825,3,1703.92,6.26
,,,,,95825,6,1724.97,6.26
,,,,,95825,9,1755.42,6.26
,,,,,95825,12,1770.65,6.26
,,,,,95826,3,1859.24,11.2
,,,,,95826,6,1886.04,11.2
,,,,,95826,9,1908.92,11.2
,,,,,95826,12,1929.39,11.2
,,,,,95827,3,1900.43,18.9
,,,,,95827,6,1883.88,18.9
,,,,,95827,9,1964.12,18.9
,,,,,95827,12,1949.11,18.9
,,,,,95828,3,2288.73,11.54
,,,,,95828,6,2298.57,11.54
,,,,,95828,9,2294.92,11.54
,,,,,95828,12,2320.06,11.54
,,,,,95829,3,2748.65,5.35
,,,,,95829,6,2748.65,5.35
,,,,,95829,9,2748.65,5.35
,,,,,95829,12,2729.28,5.35
,,,,,95831,3,2230.24,8.99
,,,,,95831,6,2243.58,8.99
,,,,,95831,9,2262.47,8.99
,,,,,95831,12,2284.14,8.99
,,,,,95833,3,2209.42,12.15
,,,,,95833,6,2220.02,12.15
,,,,,95833,9,2219.59,12.15
,,,,,95833,12,2226.22,12.15
,,,,,95834,3,2450.9,9.83
,,,,,95834,6,2480.74,9.83
,,,,,95834,9,2507.64,9.83
,,,,,95834,12,2533.01,9.83
,,,,,95835,3,2755.66,14.85
,,,,,95835,6,2774.89,14.85
,,,,,95835,9,2806.32,14.85
,,,,,95835,12,2839.28,14.85
,,,,,95838,3,1699.12,10.26
,,,,,95838,6,1714.11,10.26
,,,,,95838,9,1718.9,10.26
,,,,,95838,12,1774.66,10.26
,,,,,95841,3,1712.38,17.83
,,,,,95841,6,1754.56,17.83
,,,,,95841,9,1763.08,17.83
,,,,,95841,12,1808.45,17.83
,,,,,95842,3,1856.87,11.18
,,,,,95842,6,1861.27,11.18
,,,,,95842,9,1869.71,11.18
,,,,,95842,12,1872.45,11.18
,,,,,95843,3,2424.4,13.74
,,,,,95843,6,2455.95,13.74
,,,,,95843,9,2480.9,13.74
,,,,,95843,12,2518.73,13.74
,,,,,95864,3,2414.26,17.31
,,,,,95864,6,2443.47,17.31
,,,,,95864,9,2471.32,17.31
,,,,,95864,12,2491.78,17.31
,,,,,95901,3,1745.13,13.02
,,,,,95901,6,1749.36,13.02
,,,,,95901,9,1771.64,13.02
,,,,,95901,12,1780.53,13.02
,,,,,95926,3,1520.67,10.26
,,,,,95926,6,1533.34,10.26
,,,,,95926,9,1539.42,10.26
,,,,,95926,12,1551.11,10.26
,,,,,95928,3,1487.52,8.66
,,,,,95928,6,1503.47,8.66
,,,,,95928,9,1510.1,8.66
,,,,,95928,12,1511.97,8.66
,,,,,95945,3,1969.38,34.18
,,,,,95945,6,2013.38,34.18
,,,,,95945,9,2030.07,34.18
,,,,,95945,12,1981.47,34.18
,,,,,95969,3,1377.81,4.76
,,,,,95969,6,1389.16,4.76
,,,,,95969,9,1407.9,4.76
,,,,,95969,12,1434.06,4.76
,,,,,95973,3,1820.23,12.13
,,,,,95973,6,1835.1,12.13
,,,,,95973,9,1835.96,12.13
,,,,,95973,12,1830.49,12.13
,,,,,95991,3,1876.06,13.83
,,,,,95991,6,1870.64,13.83
,,,,,95991,9,1900.35,13.83
,,,,,95991,12,1909.26,13.83
,,,,,96001,3,1437.02,12.14
,,,,,96001,6,1438.23,12.14
,,,,,96001,9,1456.76,12.14
,,,,,96001,12,1466.03,12.14
,,,,,96002,3,1358.06,10.33
,,,,,96002,6,1360.08,10.33
,,,,,96002,9,1386.03,10.33
,,,,,96002,12,1396.48,10.33
,,,,,96003,3,1716.1,8.34
,,,,,96003,6,1735.4,8.34
,,,,,96003,9,1748.76,8.34
,,,,,96003,12,1773.88,8.34
,,,,,96150,3,2452.83,15.67
,,,,,96150,6,2467.44,15.67
,,,,,96150,9,2473.67,15.67
,,,,,96150,12,2491.67,15.67
,,,,,96701,3,2272.71,19.44
,,,,,96701,6,2272.59,19.44
,,,,,96701,9,2284.09,19.44
,,,,,96701,12,2290.96,19.44
,,,,,96706,3,3456.63,14.21
,,,,,96706,6,3453.07,14.21
,,,,,96706,9,3489.36,14.21
,,,,,96706,12,3505.01,14.21
,,,,,96707,3,3080.1,14.74
,,,,,96707,6,3102.32,14.74
,,,,,96707,9,3121.28,14.74
,,,,,96707,12,3130.23,14.74
,,,,,96734,3,3331.33,27.09
,,,,,96734,6,3366.3,27.09
,,,,,96734,9,3380.47,27.09
,,,,,96734,12,3407.3,27.09
,,,,,96740,3,2836.62,18.83
,,,,,96740,6,2836.62,18.83
,,,,,96740,9,2836.62,18.83
,,,,,96740,12,2867.16,18.83
,,,,,96744,3,3224.78,22.34
,,,,,96744,6,3235.85,22.34
,,,,,96744,9,3265.5,22.34
,,,,,96744,12,3279.34,22.34
,,,,,96753,3,3292.31,45.67
,,,,,96753,6,3246.8,45.67
,,,,,96753,9,3260.28,45.67
,,,,,96753,12,3328.7,45.67
,,,,,96761,3,3924.59,43.51
,,,,,96761,6,4078.61,43.51
,,,,,96761,9,3910.38,43.51
,,,,,96761,12,3845.2,43.51
,,,,,96782,3,2140.98,29.93
,,,,,96782,6,2250,29.93
,,,,,96782,9,2244.73,29.93
,,,,,96782,12,2244.04,29.93
,,,,,96786,3,2262.46,26.28
,,,,,96786,6,2280.51,26.28
,,,,,96786,9,2337.91,26.28
,,,,,96786,12,2343.45,26.28
,,,,,96789,3,2583.01,8.02
,,,,,96789,6,2608.56,8.02
,,,,,96789,9,2632.88,8.02
,,,,,96789,12,2659.62,8.02
,,,,,96792,3,2068.72,24.32
,,,,,96792,6,2081.05,24.32
,,,,,96792,9,2070.35,24.32
,,,,,96792,12,2094.5,24.32
,,,,,96793,3,3596.14,69.01
,,,,,96793,6,3308.74,69.01
,,,,,96793,9,3272.35,69.01
,,,,,96793,12,3334.39,69.01
,,,,,96797,3,2533.24,15.4
,,,,,96797,6,2590.16,15.4
,,,,,96797,9,2625.41,15.4
,,,,,96797,12,2654.84,15.4
,,,,,96813,3,2660.26,12.57
,,,,,96813,6,2678.01,12.57
,,,,,96813,9,2684.1,12.57
,,,,,96813,12,2712.5,12.57
,,,,,96814,3,2915.23,12.07
,,,,,96814,6,2932.04,12.07
,,,,,96814,9,2929.81,12.07
,,,,,96814,12,2930.33,12.07
,,,,,96815,3,2603.73,11.83
,,,,,96815,6,2622.09,11.83
,,,,,96815,9,2635.22,11.83
,,,,,96815,12,2661.08,11.83
,,,,,96816,3,2854.44,43.77
,,,,,96816,6,2950.09,43.77
,,,,,96816,9,2931.92,43.77
,,,,,96816,12,2965.82,43.77
,,,,,96817,3,2156.92,19.34
,,,,,96817,6,2208.07,19.34
,,,,,96817,9,2220.48,19.34
,,,,,96817,12,2240.42,19.34
,,,,,96818,3,2135.34,17.43
,,,,,96818,6,2139.31,17.43
,,,,,96818,9,2137.56,17.43
,,,,,96818,12,2155.37,17.43
,,,,,96822,3,1992.6,8.46
,,,,,96822,6,2010.42,8.46
,,,,,96822,9,2021.26,8.46
,,,,,96822,12,2033.72,8.46
,,,,,96825,3,3400.37,45.65
,,,,,96825,6,3417.53,45.65
,,,,,96825,9,3432.68,45.65
,,,,,96825,12,3460.01,45.65
,,,,,96826,3,1847.46,12.31
,,,,,96826,6,1863.34,12.31
,,,,,96826,9,1890.18,12.31
,,,,,96826,12,1912.65,12.31
,,,,,97003,3,1991.6,10.11
,,,,,97003,6,1995.01,10.11
,,,,,97003,9,2009.15,10.11
,,,,,97003,12,2024.25,10.11
,,,,,97005,3,1861.3,8.8
,,,,,97005,6,1865.18,8.8
,,,,,97005,9,1873.71,8.8
,,,,,97005,12,1888.84,8.8
,,,,,97006,3,2010.68,6.06
,,,,,97006,6,2018.07,6.06
,,,,,97006,9,2032.29,6.06
,,,,,97006,12,2056.26,6.06
,,,,,97007,3,2080.24,8.79
,,,,,97007,6,2084.34,8.79
,,,,,97007,9,2102.14,8.79
,,,,,97007,12,2129.26,8.79
,,,,,97008,3,1886.18,11.1
,,,,,97008,6,1902.28,11.1
,,,,,97008,9,1919.93,11.1
,,,,,97008,12,1930.94,11.1
,,,,,97013,3,1931.71,10.86
,,,,,97013,6,1936.98,10.86
,,,,,97013,9,1935.71,10.86
,,,,,97013,12,1959.17,10.86
,,,,,97015,3,1874.51,15.11
,,,,,97015,6,1875.78,15.11
,,,,,97015,9,1879.71,15.11
,,,,,97015,12,1901.73,15.11
,,,,,97024,3,1873.53,13.61
,,,,,97024,6,1875.63,13.61
,,,,,97024,9,1881.88,13.61
,,,,,97024,12,1856.74,13.61
,,,,,97027,3,1628.04,6.95
,,,,,97027,6,1626.23,6.95
,,,,,97027,9,1617.91,6.95
,,,,,97027,12,1613.27,6.95
,,,,,97030,3,1637.3,10.26
,,,,,97030,6,1646.04,10.26
,,,,,97030,9,1658.87,10.26
,,,,,97030,12,1675.63,10.26
,,,,,97034,3,3072.6,20.35
,,,,,97034,6,3087.02,20.35
,,,,,97034,9,3114.34,20.35
,,,,,97034,12,3137.56,20.35
,,,,,97035,3,2288.95,13.5
,,,,,97035,6,2306.39,13.5
,,,,,97035,9,2322.33,13.5
,,,,,97035,12,2339.82,13.5
,,,,,97045,3,1994.18,6.76
,,,,,97045,6,1999.64,6.76
,,,,,97045,9,2013.16,6.76
,,,,,97045,12,2026.84,6.76
,,,,,97051,3,1812.04,8.1
,,,,,97051,6,1860.94,8.1
,,,,,97051,9,1921.5,8.1
,,,,,97051,12,2006,8.1
,,,,,97062,3,1935.82,11.26
,,,,,97062,6,1946.01,11.26
,,,,,97062,9,1972.29,11.26
,,,,,97062,12,1978.32,11.26
,,,,,97068,3,2649.86,20.74
,,,,,97068,6,2686.1,20.74
,,,,,97068,9,2699.88,20.74
,,,,,97068,12,2717.62,20.74
,,,,,97070,3,1935.04,13.82
,,,,,97070,6,1947.05,13.82
,,,,,97070,9,1955.84,13.82
,,,,,97070,12,1957.94,13.82
,,,,,97071,3,1682.16,12.05
,,,,,97071,6,1683.11,12.05
,,,,,97071,9,1670.24,12.05
,,,,,97071,12,1635.78,12.05
,,,,,97078,3,2092.33,8.52
,,,,,97078,6,2105.59,8.52
,,,,,97078,9,2118.94,8.52
,,,,,97078,12,2129.13,8.52
,,,,,97080,3,1724.02,13.53
,,,,,97080,6,1723.65,13.53
,,,,,97080,9,1722.51,13.53
,,,,,97080,12,1718.07,13.53
,,,,,97086,3,1973.44,19.02
,,,,,97086,6,1946.14,19.02
,,,,,97086,9,1963.95,19.02
,,,,,97086,12,1977.75,19.02
,,,,,97103,3,1815.82,11.47
,,,,,97103,6,1874.65,11.47
,,,,,97103,9,1927.65,11.47
,,,,,97103,12,2048.61,11.47
,,,,,97116,3,1803.27,11.1
,,,,,97116,6,1800.85,11.1
,,,,,97116,9,1812.11,11.1
,,,,,97116,12,1823.37,11.1
,,,,,97123,3,2450.69,18.31
,,,,,97123,6,2452.28,18.31
,,,,,97123,9,2458.93,18.31
,,,,,97123,12,2478.51,18.31
,,,,,97124,3,2017.99,16.65
,,,,,97124,6,2018.36,16.65
,,,,,97124,9,2028.17,16.65
,,,,,97124,12,2061.97,16.65
,,,,,97128,3,1647.75,13.99
,,,,,97128,6,1624.27,13.99
,,,,,97128,9,1639.05,13.99
,,,,,97128,12,1665.95,13.99
,,,,,97132,3,2165.33,33.1
,,,,,97132,6,2207.58,33.1
,,,,,97132,9,2176.2,33.1
,,,,,97132,12,2207.98,33.1
,,,,,97140,3,2665.47,15.38
,,,,,97140,6,2710.16,15.38
,,,,,97140,9,2692.38,15.38
,,,,,97140,12,2708.91,15.38
,,,,,97201,3,1561.84,6.37
,,,,,97201,6,1557.13,6.37
,,,,,97201,9,1559.31,6.37
,,,,,97201,12,1555.59,6.37
,,,,,97202,3,1684.64,8.38
,,,,,97202,6,1695.78,8.38
,,,,,97202,9,1714.47,8.38
,,,,,97202,12,1718.38,8.38
,,,,,97203,3,1696.33,11.47
,,,,,97203,6,1712.46,11.47
,,,,,97203,9,1724.01,11.47
,,,,,97203,12,1734.49,11.47
,,,,,97205,3,1671.78,10.27
,,,,,97205,6,1661.37,10.27
,,,,,97205,9,1659.38,10.27
,,,,,97205,12,1664.6,10.27
,,,,,97206,3,1830.48,6.59
,,,,,97206,6,1840.83,6.59
,,,,,97206,9,1855.99,6.59
,,,,,97206,12,1870.23,6.59
,,,,,97209,3,1819.68,3.67
,,,,,97209,6,1826.75,3.67
,,,,,97209,9,1828.53,3.67
,,,,,97209,12,1834.28,3.67
,,,,,97210,3,1698.46,10.01
,,,,,97210,6,1696.71,10.01
,,,,,97210,9,1693.37,10.01
,,,,,97210,12,1694.27,10.01
,,,,,97211,3,1984.39,11.32
,,,,,97211,6,1986.7,11.32
,,,,,97211,9,2004.56,11.32
,,,,,97211,12,2025.79,11.32
,,,,,97212,3,2270.75,15.27
,,,,,97212,6,2283.55,15.27
,,,,,97212,9,2301.76,15.27
,,,,,97212,12,2312.2,15.27
,,,,,97213,3,1822.97,11.03
,,,,,97213,6,1825.35,11.03
,,,,,97213,9,1834.86,11.03
,,,,,97213,12,1844.16,11.03
,,,,,97214,3,1651.84,4.56
,,,,,97214,6,1658.96,4.56
,,,,,97214,9,1668.15,4.56
,,,,,97214,12,1676.24,4.56
,,,,,97215,3,1835.06,10.73
,,,,,97215,6,1840.55,10.73
,,,,,97215,9,1846.64,10.73
,,,,,97215,12,1856.39,10.73
,,,,,97216,3,1620.56,11.81
,,,,,97216,6,1628.84,11.81
,,,,,97216,9,1634.9,11.81
,,,,,97216,12,1637.44,11.81
,,,,,97217,3,1657.46,4.1
,,,,,97217,6,1667.13,4.1
,,,,,97217,9,1675.44,4.1
,,,,,97217,12,1685.59,4.1
,,,,,97219,3,1749.75,9.49
,,,,,97219,6,1766.1,9.49
,,,,,97219,9,1775.99,9.49
,,,,,97219,12,1794.16,9.49
,,,,,97220,3,1631.83,6.34
,,,,,97220,6,1644.43,6.34
,,,,,97220,9,1648.33,6.34
,,,,,97220,12,1652.7,6.34
,,,,,97221,3,1954.85,14.43
,,,,,97221,6,2018.01,14.43
,,,,,97221,9,2056.74,14.43
,,,,,97221,12,2118.56,14.43
,,,,,97222,3,1729.76,8.67
,,,,,97222,6,1732.53,8.67
,,,,,97222,9,1747.38,8.67
,,,,,97222,12,1758.7,8.67
,,,,,97223,3,2091.14,10.23
,,,,,97223,6,2109.1,10.23
,,,,,97223,9,2130.91,10.23
,,,,,97223,12,2150.47,10.23
,,,,,97224,3,1851.77,7.66
,,,,,97224,6,1856.69,7.66
,,,,,97224,9,1863.02,7.66
,,,,,97224,12,1868.59,7.66
,,,,,97225,3,1880.34,9.62
,,,,,97225,6,1881.8,9.62
,,,,,97225,9,1891.35,9.62
,,,,,97225,12,1895.86,9.62
,,,,,97227,3,1639.41,7.72
,,,,,97227,6,1635.76,7.72
,,,,,97227,9,1643.08,7.72
,,,,,97227,12,1645.68,7.72
,,,,,97229,3,2289.66,11.19
,,,,,97229,6,2282.47,11.19
,,,,,97229,9,2274.48,11.19
,,,,,97229,12,2300.38,11.19
,,,,,97230,3,1566.45,7.97
,,,,,97230,6,1578.74,7.97
,,,,,97230,9,1590.08,7.97
,,,,,97230,12,1596.78,7.97
,,,,,97232,3,1579.7,4.67
,,,,,97232,6,1590.05,4.67
,,,,,97232,9,1591.95,4.67
,,,,,97232,12,1592.22,4.67
,,,,,97233,3,1542.86,14.87
,,,,,97233,6,1548.12,14.87
,,,,,97233,9,1551.86,14.87
,,,,,97233,12,1554.99,14.87
,,,,,97236,3,1682.17,8.44
,,,,,97236,6,1694.32,8.44
,,,,,97236,9,1701.37,8.44
,,,,,97236,12,1706,8.44
,,,,,97239,3,1949.38,8.41
,,,,,97239,6,1957.88,8.41
,,,,,97239,9,1968.87,8.41
,,,,,97239,12,1970.75,8.41
,,,,,97266,3,1838.54,12.53
,,,,,97266,6,1856.84,12.53
,,,,,97266,9,1874.61,12.53
,,,,,97266,12,1891.63,12.53
,,,,,97267,3,2083.75,18.96
,,,,,97267,6,2090.73,18.96
,,,,,97267,9,2143.57,18.96
,,,,,97267,12,2146.45,18.96
,,,,,97301,3,1433.22,10.23
,,,,,97301,6,1445.61,10.23
,,,,,97301,9,1444.04,10.23
,,,,,97301,12,1451.62,10.23
,,,,,97302,3,1575.19,8.07
,,,,,97302,6,1578.49,8.07
,,,,,97302,9,1594.95,8.07
,,,,,97302,12,1602.89,8.07
,,,,,97303,3,1581.36,9.23
,,,,,97303,6,1580,9.23
,,,,,97303,9,1592.1,9.23
,,,,,97303,12,1592.15,9.23
,,,,,97304,3,1901.3,18.56
,,,,,97304,6,1927.59,18.56
,,,,,97304,9,1934.07,18.56
,,,,,97304,12,1899.61,18.56
,,,,,97305,3,1662.94,12.61
,,,,,97305,6,1662.54,12.61
,,,,,97305,9,1684.79,12.61
,,,,,97305,12,1697.89,12.61
,,,,,97306,3,1742.93,7.05
,,,,,97306,6,1750.71,7.05
,,,,,97306,9,1753.42,7.05
,,,,,97306,12,1758.08,7.05
,,,,,97321,3,2141.48,13.32
,,,,,97321,6,2183.48,13.32
,,,,,97321,9,2237.87,13.32
,,,,,97321,12,2262.87,13.32
,,,,,97322,3,1745.41,7.2
,,,,,97322,6,1754.23,7.2
,,,,,97322,9,1773.32,7.2
,,,,,97322,12,1790.88,7.2
,,,,,97330,3,1789.13,7.95
,,,,,97330,6,1794.69,7.95
,,,,,97330,9,1815.31,7.95
,,,,,97330,12,1834.57,7.95
,,,,,97333,3,1821.07,16.77
,,,,,97333,6,1840.86,16.77
,,,,,97333,9,1853.97,16.77
,,,,,97333,12,1872.35,16.77
,,,,,97355,3,1625.98,12.12
,,,,,97355,6,1622.21,12.12
,,,,,97355,9,1623.21,12.12
,,,,,97355,12,1638.9,12.12
,,,,,97401,3,1647.47,8.51
,,,,,97401,6,1669.02,8.51
,,,,,97401,9,1689.45,8.51
,,,,,97401,12,1717.96,8.51
,,,,,97402,3,1705.69,6.87
,,,,,97402,6,1722.82,6.87
,,,,,97402,9,1747.97,6.87
,,,,,97402,12,1765.68,6.87
,,,,,97403,3,1754.49,27.96
,,,,,97403,6,1739.1,27.96
,,,,,97403,9,1776.49,27.96
,,,,,97403,12,1771.61,27.96
,,,,,97404,3,1830.47,9.46
,,,,,97404,6,1836.91,9.46
,,,,,97404,9,1848.72,9.46
,,,,,97404,12,1851.42,9.46
,,,,,97405,3,1956.52,6.78
,,,,,97405,6,1976.08,6.78
,,,,,97405,9,2001.55,6.78
,,,,,97405,12,2027.05,6.78
,,,,,97408,3,2059.41,11.97
,,,,,97408,6,2069.9,11.97
,,,,,97408,9,2086.71,11.97
,,,,,97408,12,2095.39,11.97
,,,,,97470,3,1228.82,5.82
,,,,,97470,6,1228.82,5.82
,,,,,97470,9,1228.82,5.82
,,,,,97470,12,1207.78,5.82
,,,,,97477,3,1670.6,13.14
,,,,,97477,6,1681.53,13.14
,,,,,97477,9,1701.39,13.14
,,,,,97477,12,1711.13,13.14
,,,,,97478,3,1852.49,13.65
,,,,,97478,6,1864.51,13.65
,,,,,97478,9,1903.02,13.65
,,,,,97478,12,1923.36,13.65
,,,,,97501,3,1425.57,10.69
,,,,,97501,6,1434.75,10.69
,,,,,97501,9,1468.23,10.69
,,,,,97501,12,1463.22,10.69
,,,,,97502,3,1966.43,6.63
,,,,,97502,6,1966.43,6.63
,,,,,97502,9,1966.43,6.63
,,,,,97502,12,1990.4,6.63
,,,,,97504,3,1820.36,10.33
,,,,,97504,6,1829.53,10.33
,,,,,97504,9,1831.44,10.33
,,,,,97504,12,1834.49,10.33
,,,,,97520,3,1981.44,20.22
,,,,,97520,6,1987.24,20.22
,,,,,97520,9,2000.44,20.22
,,,,,97520,12,1994.75,20.22
,,,,,97526,3,1568.59,16.69
,,,,,97526,6,1563.92,16.69
,,,,,97526,9,1528.33,16.69
,,,,,97526,12,1573.73,16.69
,,,,,97527,3,1724.97,18.45
,,,,,97527,6,1724.64,18.45
,,,,,97527,9,1779.27,18.45
,,,,,97527,12,1733.24,18.45
,,,,,97601,3,1378.48,13.09
,,,,,97601,6,1383.41,13.09
,,,,,97601,9,1361.58,13.09
,,,,,97601,12,1355.49,13.09
,,,,,97603,3,1517.61,0
,,,,,97603,6,1517.61,0
,,,,,97603,9,1517.61,0
,,,,,97603,12,1517.61,0
,,,,,97701,3,2064.2,8.55
,,,,,97701,6,2079.6,8.55
,,,,,97701,9,2094.77,8.55
,,,,,97701,12,2096.69,8.55
,,,,,97702,3,2376.27,7.53
,,,,,97702,6,2399.75,7.53
,,,,,97702,9,2417.3,7.53
,,,,,97702,12,2436.39,7.53
,,,,,97703,3,2499.21,21.85
,,,,,97703,6,2507.82,21.85
,,,,,97703,9,2525.26,21.85
,,,,,97703,12,2512.88,21.85
,,,,,97754,3,1410.9,14.16
,,,,,97754,6,1410.9,14.16
,,,,,97754,9,1410.9,14.16
,,,,,97754,12,1462.13,14.16
,,,,,97756,3,2235.32,13.1
,,,,,97756,6,2272.11,13.1
,,,,,97756,9,2291.76,13.1
,,,,,97756,12,2313.92,13.1
,,,,,97801,3,1321.7,5.91
,,,,,97801,6,1359.61,5.91
,,,,,97801,9,1400.57,5.91
,,,,,97801,12,1472,5.91
,,,,,98001,3,2382.92,12.64
,,,,,98001,6,2393.61,12.64
,,,,,98001,9,2388.17,12.64
,,,,,98001,12,2395.02,12.64
,,,,,98002,3,1762.46,12.3
,,,,,98002,6,1771.91,12.3
,,,,,98002,9,1792.66,12.3
,,,,,98002,12,1802.29,12.3
,,,,,98003,3,1880.17,8.92
,,,,,98003,6,1907.78,8.92
,,,,,98003,9,1931.13,8.92
,,,,,98003,12,1948.24,8.92
,,,,,98004,3,2835.19,11.25
,,,,,98004,6,2855.71,11.25
,,,,,98004,9,2873.07,11.25
,,,,,98004,12,2895.06,11.25
,,,,,98005,3,2551.01,9.27
,,,,,98005,6,2540.59,9.27
,,,,,98005,9,2555.75,9.27
,,,,,98005,12,2562.5,9.27
,,,,,98006,3,3541.55,23.76
,,,,,98006,6,3593.52,23.76
,,,,,98006,9,3611.56,23.76
,,,,,98006,12,3665.98,23.76
,,,,,98007,3,2430.14,7.59
,,,,,98007,6,2441.99,7.59
,,,,,98007,9,2451.49,7.59
,,,,,98007,12,2464,7.59
,,,,,98008,3,3813.38,38.4
,,,,,98008,6,3848.91,38.4
,,,,,98008,9,3869.18,38.4
,,,,,98008,12,3910.17,38.4
,,,,,98011,3,2286.29,6.75
,,,,,98011,6,2304.65,6.75
,,,,,98011,9,2317.26,6.75
,,,,,98011,12,2331.87,6.75
,,,,,98012,3,2528.48,9.71
,,,,,98012,6,2548.12,9.71
,,,,,98012,9,2571.14,9.71
,,,,,98012,12,2600.37,9.71
,,,,,98020,3,2321.41,24.79
,,,,,98020,6,2333.71,24.79
,,,,,98020,9,2334.12,24.79
,,,,,98020,12,2364.16,24.79
,,,,,98021,3,2974.45,20.64
,,,,,98021,6,2964.83,20.64
,,,,,98021,9,2983.09,20.64
,,,,,98021,12,2967.27,20.64
,,,,,98022,3,2308.66,17.37
,,,,,98022,6,2306.93,17.37
,,,,,98022,9,2307.39,17.37
,,,,,98022,12,2300.3,17.37
,,,,,98023,3,2039.81,16.08
,,,,,98023,6,2055.41,16.08
,,,,,98023,9,2083.27,16.08
,,,,,98023,12,2109.07,16.08
,,,,,98026,3,2261.77,19.67
,,,,,98026,6,2273.15,19.67
,,,,,98026,9,2297.62,19.67
,,,,,98026,12,2309.32,19.67
,,,,,98027,3,2783.54,12.39
,,,,,98027,6,2786.3,12.39
,,,,,98027,9,2815.47,12.39
,,,,,98027,12,2836.78,12.39
,,,,,98028,3,2611.24,10.76
,,,,,98028,6,2644.73,10.76
,,,,,98028,9,2671.77,10.76
,,,,,98028,12,2697.83,10.76
,,,,,98029,3,3122.33,19.69
,,,,,98029,6,3119.28,19.69
,,,,,98029,9,3122.14,19.69
,,,,,98029,12,3158.29,19.69
,,,,,98030,3,1939.76,16.6
,,,,,98030,6,1937.76,16.6
,,,,,98030,9,1958.61,16.6
,,,,,98030,12,1965.45,16.6
,,,,,98031,3,1842.19,21.64
,,,,,98031,6,1852.27,21.64
,,,,,98031,9,1868.34,21.64
,,,,,98031,12,1873.42,21.64
,,,,,98032,3,2011.95,11.05
,,,,,98032,6,2031.46,11.05
,,,,,98032,9,2044.03,11.05
,,,,,98032,12,2059.84,11.05
,,,,,98033,3,2822.33,12.89
,,,,,98033,6,2849.24,12.89
,,,,,98033,9,2884.88,12.89
,,,,,98033,12,2911.73,12.89
,,,,,98034,3,2553.58,6.7
,,,,,98034,6,2568.94,6.7
,,,,,98034,9,2593.74,6.7
,,,,,98034,12,2621.71,6.7
,,,,,98036,3,2254.08,7.94
,,,,,98036,6,2273.08,7.94
,,,,,98036,9,2291.96,7.94
,,,,,98036,12,2313.63,7.94
,,,,,98037,3,2223.28,4.52
,,,,,98037,6,2249.75,4.52
,,,,,98037,9,2264.73,4.52
,,,,,98037,12,2279.38,4.52
,,,,,98038,3,3132.08,20.32
,,,,,98038,6,3157.79,20.32
,,,,,98038,9,3166.29,20.32
,,,,,98038,12,3201.67,20.32
,,,,,98042,3,2418.22,12.34
,,,,,98042,6,2429.14,12.34
,,,,,98042,9,2445.96,12.34
,,,,,98042,12,2468.71,12.34
,,,,,98043,3,2105.09,9.24
,,,,,98043,6,2118.74,9.24
,,,,,98043,9,2140.74,9.24
,,,,,98043,12,2146.19,9.24
,,,,,98045,3,2906.63,18.65
,,,,,98045,6,3003.46,18.65
,,,,,98045,9,3042.86,18.65
,,,,,98045,12,3172.67,18.65
,,,,,98047,3,1982.31,14.69
,,,,,98047,6,2054.42,14.69
,,,,,98047,9,2050.79,14.69
,,,,,98047,12,2111.87,14.69
,,,,,98052,3,2497.04,8.27
,,,,,98052,6,2520.75,8.27
,,,,,98052,9,2541.35,8.27
,,,,,98052,12,2558.43,8.27
,,,,,98053,3,3219.58,19.92
,,,,,98053,6,3232.44,19.92
,,,,,98053,9,3243.37,19.92
,,,,,98053,12,3260.91,19.92
,,,,,98055,3,2132.63,7.31
,,,,,98055,6,2148.57,7.31
,,,,,98055,9,2164.26,7.31
,,,,,98055,12,2179.7,7.31
,,,,,98056,3,2311.05,14.03
,,,,,98056,6,2331.61,14.03
,,,,,98056,9,2355.4,14.03
,,,,,98056,12,2367.25,14.03
,,,,,98057,3,2254.3,9.24
,,,,,98057,6,2266.61,9.24
,,,,,98057,9,2276.15,9.24
,,,,,98057,12,2290.65,9.24
,,,,,98058,3,2283.67,17.42
,,,,,98058,6,2283.39,17.42
,,,,,98058,9,2291.02,17.42
,,,,,98058,12,2319.75,17.42
,,,,,98059,3,2629.4,13.64
,,,,,98059,6,2642.56,13.64
,,,,,98059,9,2652.55,13.64
,,,,,98059,12,2663.78,13.64
,,,,,98065,3,3209.75,31.52
,,,,,98065,6,3244.03,31.52
,,,,,98065,9,3262.32,31.52
,,,,,98065,12,3266.26,31.52
,,,,,98072,3,2569.71,16.96
,,,,,98072,6,2583.46,16.96
,,,,,98072,9,2605.13,16.96
,,,,,98072,12,2616,16.96
,,,,,98074,3,3749.26,33.27
,,,,,98074,6,3785.61,33.27
,,,,,98074,9,3826.99,33.27
,,,,,98074,12,3856.95,33.27
,,,,,98075,3,3577.92,32.87
,,,,,98075,6,3603.51,32.87
,,,,,98075,9,3625.62,32.87
,,,,,98075,12,3639.11,32.87
,,,,,98087,3,2209.35,6.6
,,,,,98087,6,2226.64,6.6
,,,,,98087,9,2246.3,6.6
,,,,,98087,12,2268.44,6.6
,,,,,98092,3,2078.8,8.57
,,,,,98092,6,2096.31,8.57
,,,,,98092,9,2107.53,8.57
,,,,,98092,12,2112.28,8.57
,,,,,98101,3,2641.23,13.38
,,,,,98101,6,2655.67,13.38
,,,,,98101,9,2677.78,13.38
,,,,,98101,12,2676.43,13.38
,,,,,98102,3,1930.36,6.7
,,,,,98102,6,1946.29,6.7
,,,,,98102,9,1960.03,6.7
,,,,,98102,12,1966.79,6.7
,,,,,98103,3,2218.44,5.53
,,,,,98103,6,2240.45,5.53
,,,,,98103,9,2264.42,5.53
,,,,,98103,12,2279.39,5.53
,,,,,98104,3,2006.08,9.32
,,,,,98104,6,2019.87,9.32
,,,,,98104,9,2020.73,9.32
,,,,,98104,12,2020.62,9.32
,,,,,98105,3,1926.98,8.88
,,,,,98105,6,1953.41,8.88
,,,,,98105,9,1976.11,8.88
,,,,,98105,12,1988.87,8.88
,,,,,98106,3,2445.56,16.01
,,,,,98106,6,2461.59,16.01
,,,,,98106,9,2490.91,16.01
,,,,,98106,12,2490.22,16.01
,,,,,98107,3,2149.44,4.15
,,,,,98107,6,2165.07,4.15
,,,,,98107,9,2181.61,4.15
,,,,,98107,12,2192.3,4.15
,,,,,98108,3,2379.19,23.91
,,,,,98108,6,2375.09,23.91
,,,,,98108,9,2389.4,23.91
,,,,,98108,12,2400.94,23.91
,,,,,98109,3,2497.32,7.45
,,,,,98109,6,2523.61,7.45
,,,,,98109,9,2552.86,7.45
,,,,,98109,12,2559.83,7.45
,,,,,98110,3,3099.69,23.61
,,,,,98110,6,3116.73,23.61
,,,,,98110,9,3129.2,23.61
,,,,,98110,12,3161.85,23.61
,,,,,98112,3,2284,12.97
,,,,,98112,6,2280.86,12.97
,,,,,98112,9,2294.37,12.97
,,,,,98112,12,2297.66,12.97
,,,,,98115,3,2222.24,6.99
,,,,,98115,6,2235.8,6.99
,,,,,98115,9,2262.51,6.99
,,,,,98115,12,2283.23,6.99
,,,,,98116,3,2258.2,12.67
,,,,,98116,6,2282.04,12.67
,,,,,98116,9,2292.01,12.67
,,,,,98116,12,2298.58,12.67
,,,,,98117,3,2363.55,15.47
,,,,,98117,6,2374.89,15.47
,,,,,98117,9,2409.21,15.47
,,,,,98117,12,2429.23,15.47
,,,,,98118,3,1912.16,7.64
,,,,,98118,6,1932.56,7.64
,,,,,98118,9,1942.64,7.64
,,,,,98118,12,1952.16,7.64
,,,,,98119,3,2092.24,4.22
,,,,,98119,6,2102.13,4.22
,,,,,98119,9,2117.69,4.22
,,,,,98119,12,2131.96,4.22
,,,,,98121,3,2603.55,6.87
,,,,,98121,6,2629.75,6.87
,,,,,98121,9,2648.17,6.87
,,,,,98121,12,2653.62,6.87
,,,,,98122,3,1989.67,5.54
,,,,,98122,6,2013.35,5.54
,,,,,98122,9,2029.72,5.54
,,,,,98122,12,2035.33,5.54
,,,,,98125,3,1927.56,7.47
,,,,,98125,6,1954.85,7.47
,,,,,98125,9,1965.33,7.47
,,,,,98125,12,1980.21,7.47
,,,,,98126,3,1894.68,15.28
,,,,,98126,6,1905.02,15.28
,,,,,98126,9,1925.15,15.28
,,,,,98126,12,1935.38,15.28
,,,,,98133,3,1864.67,8.65
,,,,,98133,6,1876.45,8.65
,,,,,98133,9,1897.93,8.65
,,,,,98133,12,1911.04,8.65
,,,,,98136,3,2228.26,12.07
,,,,,98136,6,2251.13,12.07
,,,,,98136,9,2277.43,12.07
,,,,,98136,12,2307.08,12.07
,,,,,98144,3,1981.44,8.33
,,,,,98144,6,1997.7,8.33
,,,,,98144,9,2011.24,8.33
,,,,,98144,12,2017.98,8.33
,,,,,98146,3,1894.24,19.77
,,,,,98146,6,1892.83,19.77
,,,,,98146,9,1914.32,19.77
,,,,,98146,12,1907.21,19.77
,,,,,98148,3,1913.93,16.44
,,,,,98148,6,1934.53,16.44
,,,,,98148,9,1918.66,16.44
,,,,,98148,12,1944.45,16.44
,,,,,98155,3,2289.37,15.27
,,,,,98155,6,2310.78,15.27
,,,,,98155,9,2330.1,15.27
,,,,,98155,12,2341.08,15.27
,,,,,98166,3,1695.08,10.64
,,,,,98166,6,1697.52,10.64
,,,,,98166,9,1721.75,10.64
,,,,,98166,12,1722.9,10.64
,,,,,98168,3,1971.63,20.17
,,,,,98168,6,1983.03,20.17
,,,,,98168,9,1977.14,20.17
,,,,,98168,12,1997.54,20.17
,,,,,98177,3,3792.05,43.34
,,,,,98177,6,3848.05,43.34
,,,,,98177,9,3860.96,43.34
,,,,,98177,12,3992.37,43.34
,,,,,98178,3,1769.31,20.98
,,,,,98178,6,1792.01,20.98
,,,,,98178,9,1796.19,20.98
,,,,,98178,12,1836.71,20.98
,,,,,98188,3,1776.69,37.93
,,,,,98188,6,1789.59,37.93
,,,,,98188,9,1857.08,37.93
,,,,,98188,12,1834.15,37.93
,,,,,98198,3,2052.94,13.44
,,,,,98198,6,2065.37,13.44
,,,,,98198,9,2081.36,13.44
,,,,,98198,12,2089.82,13.44
,,,,,98199,3,2487.26,11.99
,,,,,98199,6,2509.12,11.99
,,,,,98199,9,2524.52,11.99
,,,,,98199,12,2540.32,11.99
,,,,,98201,3,1866.49,7.92
,,,,,98201,6,1882.24,7.92
,,,,,98201,9,1900.46,7.92
,,,,,98201,12,1925.38,7.92
,,,,,98203,3,2086.44,8.74
,,,,,98203,6,2104.19,8.74
,,,,,98203,9,2120.09,8.74
,,,,,98203,12,2143.89,8.74
,,,,,98204,3,1821.68,7.58
,,,,,98204,6,1830.78,7.58
,,,,,98204,9,1846.47,7.58
,,,,,98204,12,1861.62,7.58
,,,,,98208,3,2083.33,9.6
,,,,,98208,6,2113.28,9.6
,,,,,98208,9,2136.88,9.6
,,,,,98208,12,2159.28,9.6
,,,,,98221,3,2554.78,22.07
,,,,,98221,6,2581.34,22.07
,,,,,98221,9,2599.53,22.07
,,,,,98221,12,2601.54,22.07
,,,,,98223,3,1900.1,10.53
,,,,,98223,6,1927.1,10.53
,,,,,98223,9,1944.59,10.53
,,,,,98223,12,1966.69,10.53
,,,,,98225,3,1869.74,9.1
,,,,,98225,6,1882.72,9.1
,,,,,98225,9,1894.94,9.1
,,,,,98225,12,1910.78,9.1
,,,,,98226,3,1941.9,12.83
,,,,,98226,6,1957.25,12.83
,,,,,98226,9,1968.19,12.83
,,,,,98226,12,1986.92,12.83
,,,,,98229,3,2008.89,14.22
,,,,,98229,6,2009.33,14.22
,,,,,98229,9,2025.88,14.22
,,,,,98229,12,2030.93,14.22
,,,,,98233,3,2076.2,11.12
,,,,,98233,6,2076.32,11.12
,,,,,98233,9,2086.22,11.12
,,,,,98233,12,2116.01,11.12
,,,,,98248,3,1917.27,14.24
,,,,,98248,6,1935.01,14.24
,,,,,98248,9,1941.49,14.24
,,,,,98248,12,1954.52,14.24
,,,,,98258,3,2935.5,15.38
,,,,,98258,6,2959.5,15.38
,,,,,98258,9,2982.83,15.38
,,,,,98258,12,3015.49,15.38
,,,,,98264,3,1938.92,21.76
,,,,,98264,6,1944.41,21.76
,,,,,98264,9,1950.09,21.76
,,,,,98264,12,1984.85,21.76
,,,,,98270,3,2806.96,18.96
,,,,,98270,6,2807.81,18.96
,,,,,98270,9,2820.27,18.96
,,,,,98270,12,2823.13,18.96
,,,,,98271,3,2204.53,6.46
,,,,,98271,6,2221.18,6.46
,,,,,98271,9,2237.9,6.46
,,,,,98271,12,2247.94,6.46
,,,,,98272,3,2459.69,23.59
,,,,,98272,6,2521.17,23.59
,,,,,98272,9,2525.31,23.59
,,,,,98272,12,2550.09,23.59
,,,,,98273,3,1856.72,25.71
,,,,,98273,6,1859.05,25.71
,,,,,98273,9,1882.24,25.71
,,,,,98273,12,1889.85,25.71
,,,,,98275,3,2380.27,13.45
,,,,,98275,6,2427.54,13.45
,,,,,98275,9,2450.68,13.45
,,,,,98275,12,2455.82,13.45
,,,,,98277,3,1977.68,9.13
,,,,,98277,6,2003.1,9.13
,,,,,98277,9,2029.46,9.13
,,,,,98277,12,2052.63,9.13
,,,,,98290,3,2349.45,18.4
,,,,,98290,6,2347.23,18.4
,,,,,98290,9,2377.15,18.4
,,,,,98290,12,2403.6,18.4
,,,,,98310,3,1934.82,9.8
,,,,,98310,6,1967.35,9.8
,,,,,98310,9,1995.61,9.8
,,,,,98310,12,2015.06,9.8
,,,,,98311,3,1995.7,16.71
,,,,,98311,6,1992.14,16.71
,,,,,98311,9,2002.37,16.71
,,,,,98311,12,2027.22,16.71
,,,,,98312,3,1885.54,15.19
,,,,,98312,6,1885.72,15.19
,,,,,98312,9,1887.74,15.19
,,,,,98312,12,1897.18,15.19
,,,,,98327,3,2423.08,19.32
,,,,,98327,6,2448.15,19.32
,,,,,98327,9,2466.69,19.32
,,,,,98327,12,2480.4,19.32
,,,,,98335,3,2542.38,17.63
,,,,,98335,6,2550.47,17.63
,,,,,98335,9,2567.25,17.63
,,,,,98335,12,2586.3,17.63
,,,,,98337,3,1766.9,13.08
,,,,,98337,6,1771.82,13.08
,,,,,98337,9,1787.81,13.08
,,,,,98337,12,1802.63,13.08
,,,,,98366,3,1944.35,19.17
,,,,,98366,6,1912.41,19.17
,,,,,98366,9,1935.73,19.17
,,,,,98366,12,1926.33,19.17
,,,,,98367,3,2235.09,9.21
,,,,,98367,6,2283.63,9.21
,,,,,98367,9,2319.84,9.21
,,,,,98367,12,2383.59,9.21
,,,,,98370,3,2376.16,13.78
,,,,,98370,6,2407.46,13.78
,,,,,98370,9,2438.6,13.78
,,,,,98370,12,2462.57,13.78
,,,,,98371,3,2002.79,8.4
,,,,,98371,6,2030.76,8.4
,,,,,98371,9,2048.64,8.4
,,,,,98371,12,2072.68,8.4
,,,,,98372,3,2031.28,7.73
,,,,,98372,6,2037.05,7.73
,,,,,98372,9,2049.63,7.73
,,,,,98372,12,2055.35,7.73
,,,,,98373,3,1920.58,4.23
,,,,,98373,6,1930.55,4.23
,,,,,98373,9,1940.35,4.23
,,,,,98373,12,1950.03,4.23
,,,,,98374,3,2484.92,10.54
,,,,,98374,6,2512.06,10.54
,,,,,98374,9,2550.65,10.54
,,,,,98374,12,2585.8,10.54
,,,,,98375,3,2761.4,7.44
,,,,,98375,6,2789.41,7.44
,,,,,98375,9,2823.92,7.44
,,,,,98375,12,2858.52,7.44
,,,,,98383,3,1881.33,17.47
,,,,,98383,6,1899.57,17.47
,,,,,98383,9,1915.06,17.47
,,,,,98383,12,1919.06,17.47
,,,,,98387,3,2637.57,12.65
,,,,,98387,6,2686.33,12.65
,,,,,98387,9,2719.73,12.65
,,,,,98387,12,2750.85,12.65
,,,,,98388,3,2102.11,16
,,,,,98388,6,2114.79,16
,,,,,98388,9,2140.46,16
,,,,,98388,12,2155.94,16
,,,,,98390,3,2054.36,18.17
,,,,,98390,6,2052.43,18.17
,,,,,98390,9,2064.74,18.17
,,,,,98390,12,2074.27,18.17
,,,,,98391,3,2889.16,12.03
,,,,,98391,6,2927.39,12.03
,,,,,98391,9,2959.4,12.03
,,,,,98391,12,2990.21,12.03
,,,,,98402,3,1624.6,13.57
,,,,,98402,6,1642.17,13.57
,,,,,98402,9,1650.21,13.57
,,,,,98402,12,1658.52,13.57
,,,,,98403,3,1554.62,9.45
,,,,,98403,6,1570.39,9.45
,,,,,98403,9,1582,9.45
,,,,,98403,12,1608.48,9.45
,,,,,98404,3,2053.31,11.36
,,,,,98404,6,2081.85,11.36
,,,,,98404,9,2102.99,11.36
,,,,,98404,12,2126.85,11.36
,,,,,98405,3,1671.97,10.38
,,,,,98405,6,1697.52,10.38
,,,,,98405,9,1729.14,10.38
,,,,,98405,12,1750.14,10.38
,,,,,98406,3,2004.14,17.03
,,,,,98406,6,1996.35,17.03
,,,,,98406,9,2018.83,17.03
,,,,,98406,12,2040,17.03
,,,,,98407,3,1990.98,11.56
,,,,,98407,6,2009.33,11.56
,,,,,98407,9,2028.38,11.56
,,,,,98407,12,2040.33,11.56
,,,,,98408,3,2014.32,13.51
,,,,,98408,6,2021.18,13.51
,,,,,98408,9,2030.2,13.51
,,,,,98408,12,2038.54,13.51
,,,,,98409,3,1636.41,8.05
,,,,,98409,6,1663.62,8.05
,,,,,98409,9,1683.92,8.05
,,,,,98409,12,1703.34,8.05
,,,,,98418,3,1887.53,19.84
,,,,,98418,6,1883.06,19.84
,,,,,98418,9,1898.55,19.84
,,,,,98418,12,1921.36,19.84
,,,,,98422,3,2157.55,15.74
,,,,,98422,6,2180.53,15.74
,,,,,98422,9,2189.24,15.74
,,,,,98422,12,2213.45,15.74
,,,,,98424,3,1856.57,11.5
,,,,,98424,6,1846.67,11.5
,,,,,98424,9,1844.98,11.5
,,,,,98424,12,1841.61,11.5
,,,,,98444,3,1496.12,8.46
,,,,,98444,6,1501.5,8.46
,,,,,98444,9,1504.85,8.46
,,,,,98444,12,1509.32,8.46
,,,,,98445,3,1871.21,10.02
,,,,,98445,6,1891.56,10.02
,,,,,98445,9,1909.32,10.02
,,,,,98445,12,1931.75,10.02
,,,,,98446,3,2143.37,17.67
,,,,,98446,6,2161.65,17.67
,,,,,98446,9,2175.67,17.67
,,,,,98446,12,2187.32,17.67
,,,,,98466,3,1929.91,10.79
,,,,,98466,6,1948.34,10.79
,,,,,98466,9,1965.19,10.79
,,,,,98466,12,1982.01,10.79
,,,,,98467,3,1872.26,14.94
,,,,,98467,6,1865.65,14.94
,,,,,98467,9,1915.6,14.94
,,,,,98467,12,1969.02,14.94
,,,,,98498,3,1774.75,13.93
,,,,,98498,6,1787.53,13.93
,,,,,98498,9,1812.27,13.93
,,,,,98498,12,1846.73,13.93
,,,,,98499,3,1711.98,5.67
,,,,,98499,6,1721.75,5.67
,,,,,98499,9,1726.28,5.67
,,,,,98499,12,1734.95,5.67
,,,,,98501,3,1918.79,7.1
,,,,,98501,6,1941.23,7.1
,,,,,98501,9,1966.3,7.1
,,,,,98501,12,1985.75,7.1
,,,,,98502,3,2052.53,10.95
,,,,,98502,6,2065.08,10.95
,,,,,98502,9,2078,10.95
,,,,,98502,12,2090.24,10.95
,,,,,98503,3,2219.68,9.88
,,,,,98503,6,2253.84,9.88
,,,,,98503,9,2277.59,9.88
,,,,,98503,12,2310,9.88
,,,,,98512,3,1941.53,9.88
,,,,,98512,6,1949.17,9.88
,,,,,98512,9,1955.81,9.88
,,,,,98512,12,1960.17,9.88
,,,,,98513,3,2344.71,11.56
,,,,,98513,6,2359.53,11.56
,,,,,98513,9,2371.99,11.56
,,,,,98513,12,2380.42,11.56
,,,,,98516,3,2060.95,10.08
,,,,,98516,6,2098.05,10.08
,,,,,98516,9,2130.43,10.08
,,,,,98516,12,2151.52,10.08
,,,,,98520,3,1217.88,11.24
,,,,,98520,6,1269.49,11.24
,,,,,98520,9,1273.86,11.24
,,,,,98520,12,1273.75,11.24
,,,,,98531,3,1385.73,15.1
,,,,,98531,6,1363.88,15.1
,,,,,98531,9,1335.02,15.1
,,,,,98531,12,1379.27,15.1
,,,,,98584,3,1527.67,16.3
,,,,,98584,6,1581.44,16.3
,,,,,98584,9,1603.13,16.3
,,,,,98584,12,1614.41,16.3
,,,,,98597,3,2264.22,33.78
,,,,,98597,6,2206.79,33.78
,,,,,98597,9,2294.4,33.78
,,,,,98597,12,2279.2,33.78
,,,,,98604,3,2280.31,15.44
,,,,,98604,6,2288.34,15.44
,,,,,98604,9,2246.31,15.44
,,,,,98604,12,2259.99,15.44
,,,,,98607,3,2334.79,20.36
,,,,,98607,6,2346.41,20.36
,,,,,98607,9,2370.03,20.36
,,,,,98607,12,2383.34,20.36
,,,,,98626,3,1216.21,28.14
,,,,,98626,6,1212.67,28.14
,,,,,98626,9,1212.98,28.14
,,,,,98626,12,1236.55,28.14
,,,,,98632,3,1374.15,11.44
,,,,,98632,6,1371.58,11.44
,,,,,98632,9,1381.15,11.44
,,,,,98632,12,1350.17,11.44
,,,,,98642,3,2232.74,14.79
,,,,,98642,6,2247.01,14.79
,,,,,98642,9,2241.18,14.79
,,,,,98642,12,2244.07,14.79
,,,,,98660,3,2028.45,11.58
,,,,,98660,6,2043.45,11.58
,,,,,98660,9,2053.71,11.58
,,,,,98660,12,2053.67,11.58
,,,,,98661,3,1786.6,6.15
,,,,,98661,6,1808.56,6.15
,,,,,98661,9,1826.6,6.15
,,,,,98661,12,1841.04,6.15
,,,,,98662,3,1798.25,13.11
,,,,,98662,6,1823.14,13.11
,,,,,98662,9,1837.64,13.11
,,,,,98662,12,1854.89,13.11
,,,,,98663,3,1629.67,10.25
,,,,,98663,6,1639.98,10.25
,,,,,98663,9,1648.19,10.25
,,,,,98663,12,1656.21,10.25
,,,,,98664,3,1619.06,14.01
,,,,,98664,6,1638.15,14.01
,,,,,98664,9,1623.29,14.01
,,,,,98664,12,1632.23,14.01
,,,,,98665,3,1831.46,8.32
,,,,,98665,6,1839.83,8.32
,,,,,98665,9,1845.47,8.32
,,,,,98665,12,1853.91,8.32
,,,,,98671,3,2023.11,34.94
,,,,,98671,6,1961.95,34.94
,,,,,98671,9,1978.41,34.94
,,,,,98671,12,1973.87,34.94
,,,,,98682,3,1833.62,14.15
,,,,,98682,6,1863.13,14.15
,,,,,98682,9,1883.28,14.15
,,,,,98682,12,1902.79,14.15
,,,,,98683,3,1706.92,6.43
,,,,,98683,6,1718.49,6.43
,,,,,98683,9,1729.94,6.43
,,,,,98683,12,1739.4,6.43
,,,,,98684,3,1967.71,7.79
,,,,,98684,6,1979.67,7.79
,,,,,98684,9,1983.05,7.79
,,,,,98684,12,1985.66,7.79
,,,,,98685,3,2175.17,23.02
,,,,,98685,6,2159.97,23.02
,,,,,98685,9,2163.2,23.02
,,,,,98685,12,2163.45,23.02
,,,,,98686,3,1977.32,18.14
,,,,,98686,6,1974.24,18.14
,,,,,98686,9,1977.02,18.14
,,,,,98686,12,1940.21,18.14
,,,,,98801,3,1797.9,6.2
,,,,,98801,6,1801.32,6.2
,,,,,98801,9,1817.64,6.2
,,,,,98801,12,1821.03,6.2
,,,,,98802,3,2223.58,10.85
,,,,,98802,6,2223.6,10.85
,,,,,98802,9,2258.84,10.85
,,,,,98802,12,2312.84,10.85
,,,,,98837,3,1556.15,9.8
,,,,,98837,6,1577.72,9.8
,,,,,98837,9,1593.84,9.8
,,,,,98837,12,1611.9,9.8
,,,,,98901,3,1240.53,8.99
,,,,,98901,6,1294.27,8.99
,,,,,98901,9,1356.41,8.99
,,,,,98901,12,1461.14,8.99
,,,,,98902,3,1183.06,12.12
,,,,,98902,6,1206.15,12.12
,,,,,98902,9,1196.42,12.12
,,,,,98902,12,1219.55,12.12
,,,,,98908,3,1564.59,10.6
,,,,,98908,6,1608.15,10.6
,,,,,98908,9,1579.26,10.6
,,,,,98908,12,1601.12,10.6
,,,,,98926,3,1430.15,8.96
,,,,,98926,6,1432.79,8.96
,,,,,98926,9,1442.66,8.96
,,,,,98926,12,1438.91,8.96
,,,,,99004,3,1337.57,13.46
,,,,,99004,6,1364.41,13.46
,,,,,99004,9,1387.08,13.46
,,,,,99004,12,1389.63,13.46
,,,,,99016,3,1817.48,14.38
,,,,,99016,6,1815.03,14.38
,,,,,99016,9,1769.36,14.38
,,,,,99016,12,1787.58,14.38
,,,,,99037,3,1523.02,8.55
,,,,,99037,6,1539.44,8.55
,,,,,99037,9,1551.07,8.55
,,,,,99037,12,1542.65,8.55
,,,,,99163,3,1197.66,9.41
,,,,,99163,6,1207.58,9.41
,,,,,99163,9,1186.66,9.41
,,,,,99163,12,1201.43,9.41
,,,,,99201,3,1129.53,10.22
,,,,,99201,6,1134.83,10.22
,,,,,99201,9,1146.04,10.22
,,,,,99201,12,1148.88,10.22
,,,,,99202,3,1501.09,8.76
,,,,,99202,6,1501.46,8.76
,,,,,99202,9,1503.25,8.76
,,,,,99202,12,1505.05,8.76
,,,,,99203,3,2003.67,18.25
,,,,,99203,6,2024.51,18.25
,,,,,99203,9,2022.69,18.25
,,,,,99203,12,2011.97,18.25
,,,,,99204,3,1185.78,8.07
,,,,,99204,6,1201.49,8.07
,,,,,99204,9,1212.77,8.07
,,,,,99204,12,1216.15,8.07
,,,,,99205,3,1632.65,13.53
,,,,,99205,6,1635.86,13.53
,,,,,99205,9,1664.69,13.53
,,,,,99205,12,1668.22,13.53
,,,,,99206,3,1543.33,5.49
,,,,,99206,6,1551.03,5.49
,,,,,99206,9,1563.08,5.49
,,,,,99206,12,1567.55,5.49
,,,,,99207,3,1406.25,10.14
,,,,,99207,6,1419.81,10.14
,,,,,99207,9,1421.59,10.14
,,,,,99207,12,1427.87,10.14
,,,,,99208,3,1666.02,4.83
,,,,,99208,6,1682.66,4.83
,,,,,99208,9,1697.06,4.83
,,,,,99208,12,1702.67,4.83
,,,,,99216,3,1453.13,10.83
,,,,,99216,6,1459.88,10.83
,,,,,99216,9,1462.79,10.83
,,,,,99216,12,1465.03,10.83
,,,,,99223,3,1631.19,20.74
,,,,,99223,6,1646.12,20.74
,,,,,99223,9,1649.53,20.74
,,,,,99223,12,1662.4,20.74
,,,,,99224,3,1644.51,7.49
,,,,,99224,6,1652.9,7.49
,,,,,99224,9,1655.04,7.49
,,,,,99224,12,1660.42,7.49
,,,,,99301,3,1943.97,7.3
,,,,,99301,6,1955.6,7.3
,,,,,99301,9,1973.43,7.3
,,,,,99301,12,1989.43,7.3
,,,,,99336,3,1581.11,7.27
,,,,,99336,6,1601.49,7.27
,,,,,99336,9,1610.81,7.27
,,,,,99336,12,1625.99,7.27
,,,,,99352,3,1778.58,7.73
,,,,,99352,6,1792.48,7.73
,,,,,99352,9,1804.2,7.73
,,,,,99352,12,1819.33,7.73
,,,,,99354,3,1639.14,9.08
,,,,,99354,6,1652.9,9.08
,,,,,99354,9,1660.63,9.08
,,,,,99354,12,1676.17,9.08
,,,,,99362,3,1435.85,4.67
,,,,,99362,6,1444.22,4.67
,,,,,99362,9,1451.21,4.67
,,,,,99362,12,1465.18,4.67
,,,,,99501,3,1562.51,11.43
,,,,,99501,6,1572.59,11.43
,,,,,99501,9,1580.38,11.43
,,,,,99501,12,1597.51,11.43
,,,,,99502,3,1714.76,20.31
,,,,,99502,6,1699.48,20.31
,,,,,99502,9,1733.01,20.31
,,,,,99502,12,1713.75,20.31
,,,,,99503,3,1448.76,5.09
,,,,,99503,6,1456.14,5.09
,,,,,99503,9,1479.12,5.09
,,,,,99503,12,1487.82,5.09
,,,,,99504,3,2021.07,13.77
,,,,,99504,6,2064.1,13.77
,,,,,99504,9,2108.27,13.77
,,,,,99504,12,2145.91,13.77
,,,,,99507,3,1646.74,8.03
,,,,,99507,6,1658.32,8.03
,,,,,99507,9,1677.03,8.03
,,,,,99507,12,1692.1,8.03
,,,,,99508,3,1534.51,7.09
,,,,,99508,6,1550.45,7.09
,,,,,99508,9,1562.52,7.09
,,,,,99508,12,1577.13,7.09
,,,,,99515,3,2205.52,18.53
,,,,,99515,6,2145.31,18.53
,,,,,99515,9,2210.61,18.53
,,,,,99515,12,2249.25,18.53
,,,,,99517,3,1757.76,28.74
,,,,,99517,6,1800.02,28.74
,,,,,99517,9,1807.01,28.74
,,,,,99517,12,1808.77,28.74
,,,,,99577,3,2017.87,36.91
,,,,,99577,6,2040.33,36.91
,,,,,99577,9,2073.31,36.91
,,,,,99577,12,2122.26,36.91
,,,,,99654,3,1650.24,19
,,,,,99654,6,1662.36,19
,,,,,99654,9,1702.21,19
,,,,,99654,12,1722.32,19
,,,,,99701,3,1776.49,14.2
,,,,,99701,6,1784.31,14.2
,,,,,99701,9,1755.08,14.2
,,,,,99701,12,1768.46,14.2
,,,,,99705,3,1667.09,13.74
,,,,,99705,6,1668.7,13.74
,,,,,99705,9,1685.31,13.74
,,,,,99705,12,1712.27,13.74
